AREA	BALDE	FICHEIRO	LINHA	COL	TERMO	TRECHO
FRONTEND	COMENTARIO	desafio-gut/frontend/src/App.jsx	187	19	leilão	// o Dashboard de leilão. Vão direto para /corporativo. Comuns/visitantes
FRONTEND	COMENTARIO	desafio-gut/frontend/src/components/CardLance.jsx	11	56	lance	// MC88.43 — SÓ para o TEXTO do aviso. Quem bloqueia o lance continua a ser o
FRONTEND	COMENTARIO	desafio-gut/frontend/src/components/CardLance.jsx	60	74	lance	// o CardLance no app das lojas (isLeilaoAtivo=false), o formulário de lance
FRONTEND	COMENTARIO	desafio-gut/frontend/src/components/CardLance.jsx	62	34	leilão	// MercadoLances já desmonta o leilão; isto é defesa em profundidade.
FRONTEND	COMENTARIO	desafio-gut/frontend/src/components/CardLance.jsx	82	74	lance	// Cache do token de auth (10 min) — evita popup de signMessage a cada lance
FRONTEND	COMENTARIO	desafio-gut/frontend/src/components/CardLance.jsx	97	51	lance	// e o clique converte automaticamente antes do lance.
FRONTEND	STRING-TECNICA	desafio-gut/frontend/src/components/CardLance.jsx	120	56	lance	const resp = await fetch("/.netlify/functions/auth-lance", {
FRONTEND	COMENTARIO	desafio-gut/frontend/src/components/CardLance.jsx	171	25	Bid	// Cego + Key-Per-Bid). No Sepolia, só o flash usa este ramo (legado).
FRONTEND	COMENTARIO	desafio-gut/frontend/src/components/CardLance.jsx	173	68	lance	// MC91.11 — programado em mainnet: garante senha antes do lance.
FRONTEND	COMENTARIO	desafio-gut/frontend/src/components/CardLance.jsx	204	22	lance	// 3. Chamar lance-relampago com auth + idempotência
FRONTEND	STRING-TECNICA	desafio-gut/frontend/src/components/CardLance.jsx	206	55	lance	const resp = await fetch("/.netlify/functions/lance-relampago", {
FRONTEND	TEXTO-UI	desafio-gut/frontend/src/components/CardLance.jsx	232	89	lance	throw new Error(msgMap[data?.error?.code] ?? data?.error?.message ?? "Erro no lance relâmpago.");
FRONTEND	TEXTO-UI	desafio-gut/frontend/src/components/CardLance.jsx	274	10	Lance	"Lance minimo e R$ 0,01":             "Lance mínimo é R$ 0,01 (Art. 27).",
FRONTEND	TEXTO-UI	desafio-gut/frontend/src/components/CardLance.jsx	274	48	Lance	"Lance minimo e R$ 0,01":             "Lance mínimo é R$ 0,01 (Art. 27).",
FRONTEND	TEXTO-UI	desafio-gut/frontend/src/components/CardLance.jsx	342	53	lance	{ f: FASES.ENVIANDO,    label: "Registrando lance blindado · −1 senha..." },
FRONTEND	TEXTO-UI	desafio-gut/frontend/src/components/CardLance.jsx	356	25	Lance	: "🎫 Confirmar Lance (−1 senha)"
FRONTEND	TEXTO-UI	desafio-gut/frontend/src/components/CardLance.jsx	357	10	Lance	: "⚡ Lance Relâmpago";
FRONTEND	TEXTO-UI	desafio-gut/frontend/src/components/CardLance.jsx	380	43	Lance	<h3 style={estilos.titulo}>🎯 Dar Lance</h3>
FRONTEND	TEXTO-UI	desafio-gut/frontend/src/components/CardLance.jsx	416	16	Lance	? "Lance programado consome 1 senha (Art. 20: R$ 2,00) — sem senha, o app converte R$ 2,00 do saldo automaticamente."
FRONTEND	TEXTO-UI	desafio-gut/frontend/src/components/CardLance.jsx	417	68	lance	: "DesafioGUT Flash · 30 min · debita saldo R$ · menor lance único vence (Art. 8)."}
FRONTEND	TEXTO-UI	desafio-gut/frontend/src/components/CardLance.jsx	422	52	lance	<label style={estilos.labelInput}>Valor do lance (em centavos)</label>
FRONTEND	TEXTO-UI	desafio-gut/frontend/src/components/CardLance.jsx	436	67	lances	<p style={estilos.hintInput}>Art. 27: Mín R$ 0,01 · Máx 5 lances/min · Cooldown 3s</p>
FRONTEND	TEXTO-UI	desafio-gut/frontend/src/components/CardLance.jsx	456	33	Lance	{isProgramado ? "🎫 Lance registrado! (−1 senha)" : "✅ Lance registrado!"}
FRONTEND	TEXTO-UI	desafio-gut/frontend/src/components/CardLance.jsx	456	68	Lance	{isProgramado ? "🎫 Lance registrado! (−1 senha)" : "✅ Lance registrado!"}
FRONTEND	IDENTIFICADOR	desafio-gut/frontend/src/components/CardLance.jsx	484	46	lance	repetir-se dentro do formulário de lance. */}
FRONTEND	TEXTO-UI	desafio-gut/frontend/src/components/CardLance.jsx	494	56	lances	? `${est.icone} Edição encerrada — novos lances bloqueados`
FRONTEND	TEXTO-UI	desafio-gut/frontend/src/components/CardLance.jsx	495	52	lances	: `${est.icone} ${est.rotuloLongo} — lances ainda não abertos`;
FRONTEND	COMENTARIO	desafio-gut/frontend/src/components/CardLance.jsx	535	83	lance	// whileHover por spring. onClick/disabled/title/label e TODA a lógica de lance
FRONTEND	IDENTIFICADOR	desafio-gut/frontend/src/components/CardLance.jsx	555	12	Lance	🔒 Lance protegido e sanitizado
FRONTEND	COMENTARIO	desafio-gut/frontend/src/components/CarrosselGUTO.jsx	181	43	lances	// quando o Dashboard re-renderiza (saldo/lances) e não perturba a máquina de crossfade.
FRONTEND	IDENTIFICADOR	desafio-gut/frontend/src/components/ChatbotWidget.jsx	84	3	lance	lance_unico:          { titulo: "🎯 Lance único!",         bg: "rgba(0,200,83,0.12)",   borda: "rgba(0,200,83,0.45)",  barra: "#00c853" },
FRONTEND	TEXTO-UI	desafio-gut/frontend/src/components/ChatbotWidget.jsx	84	39	Lance	lance_unico:          { titulo: "🎯 Lance único!",         bg: "rgba(0,200,83,0.12)",   borda: "rgba(0,200,83,0.45)",  barra: "#00c853" },
FRONTEND	IDENTIFICADOR	desafio-gut/frontend/src/components/ChatbotWidget.jsx	99	3	lance	lance_invalido:    "notificacao",
FRONTEND	IDENTIFICADOR	desafio-gut/frontend/src/components/ChatbotWidget.jsx	101	3	lance	lance_unico:          "lance_unico",
FRONTEND	STRING-TECNICA	desafio-gut/frontend/src/components/ChatbotWidget.jsx	101	26	lance	lance_unico:          "lance_unico",
FRONTEND	IDENTIFICADOR	desafio-gut/frontend/src/components/ChatbotWidget.jsx	467	35	lances	SISTEMA PAUSADO — novos lances estão temporariamente bloqueados.
FRONTEND	TEXTO-UI	desafio-gut/frontend/src/components/ComprarFichasModal.jsx	308	59	Lance	<p style={subTitulo}>Saldo R$ disponível para Lance Relâmpago ou troca por senhas</p>
FRONTEND	IDENTIFICADOR	desafio-gut/frontend/src/components/ComprarFichasModal.jsx	547	37	Lance	💡 Para participar de Lance Programado, use <strong>Trocar R$ por Senhas</strong> na carteira (R$ 2,00 = 1 senha on-chain).
FRONTEND	TEXTO-UI	desafio-gut/frontend/src/components/ExcluirContaModal.jsx	23	22	lances	"Saldo de senhas e lances já registrados na blockchain são imutáveis e não podem ser apagados (identificados apenas pela carteira).",
FRONTEND	TEXTO-UI	desafio-gut/frontend/src/components/ExcluirContaModal.jsx	87	67	lances	removidos</strong> (saldo em R$, senhas, histórico de lances e perfil).
FRONTEND	COMENTARIO	desafio-gut/frontend/src/components/FimLeilaoOverlay.jsx	1	29	leilão	// MC16 — Overlay de fim de leilão compartilhado entre Dashboard e MercadoLances.
FRONTEND	TEXTO-UI	desafio-gut/frontend/src/components/FimLeilaoOverlay.jsx	42	12	LEILÃO	}}>LEILÃO ENCERRADO</h2>
FRONTEND	IDENTIFICADOR	desafio-gut/frontend/src/components/FimLeilaoOverlay.jsx	61	20	lance	Nenhum lance único registrado.
FRONTEND	COMENTARIO	desafio-gut/frontend/src/components/glass/AuctionStatusBar.jsx	5	11	leilão	// fim de leilão num ecrã que, ao lado, diz que o leilão ainda não abriu.
FRONTEND	COMENTARIO	desafio-gut/frontend/src/components/glass/AuctionStatusBar.jsx	5	51	leilão	// fim de leilão num ecrã que, ao lado, diz que o leilão ainda não abriu.
FRONTEND	IDENTIFICADOR	desafio-gut/frontend/src/components/glass/AuctionStatusBar.jsx	28	50	lances	}}>{est.icone} {est.rotuloLongo} — novos lances bloqueados</span>
FRONTEND	COMENTARIO	desafio-gut/frontend/src/components/glass/ComingSoonHero.jsx	2	16	Lances	// vivo na aba Lances. "EM BREVE" é permanente (decisão MC65), então não há contagem.
FRONTEND	TEXTO-UI	desafio-gut/frontend/src/components/glass/ComingSoonHero.jsx	10	20	Leilão	aria-label={`Leilão em breve — edição ${edicao || "R-1"}`}
FRONTEND	IDENTIFICADOR	desafio-gut/frontend/src/components/glass/ComingSoonHero.jsx	50	20	leilão	{/* Regra do leilão */}
FRONTEND	TEXTO-UI	desafio-gut/frontend/src/components/glass/ComingSoonHero.jsx	55	16	lance	}}>Menor lance único vence · Art. 8</p>
FRONTEND	COMENTARIO	desafio-gut/frontend/src/components/glass/GlassHeader.jsx	1	72	Lances	// MC66 — GlassHeader (Direção C): compositor do Glass superior da aba Lances.
FRONTEND	COMENTARIO	desafio-gut/frontend/src/components/glass/glassTokens.js	1	48	Lances	// MC66 — paleta compartilhada do Glass da aba Lances (extraída de MercadoLances.jsx).
FRONTEND	TEXTO-UI	desafio-gut/frontend/src/components/LanceStatusBadge.jsx	8	62	LANCE	<p className="text-white/60 text-sm mb-1">O SEU ÚLTIMO LANCE</p>
FRONTEND	TEXTO-UI	desafio-gut/frontend/src/components/LanceStatusBadge.jsx	33	65	lance	<span className="font-medium">Repetido — dê um novo lance!</span>
FRONTEND	IDENTIFICADOR	desafio-gut/frontend/src/components/LanceStatusBadge.jsx	45	22	lance	⚠️ O seu lance deixou de ser único! Tente outro valor.
FRONTEND	TEXTO-UI	desafio-gut/frontend/src/components/PainelIndicacao.jsx	81	97	lance	const texto = `🎯 Te convido para o DesafioGUT! Use meu código ${dados.codigo} e, no teu 1º lance, nós dois ganhamos +1 senha.`;
FRONTEND	TEXTO-UI	desafio-gut/frontend/src/components/PainelIndicacao.jsx	168	52	lance	<strong style={{ color: COR.primary }}> 1º lance, vocês dois ganham +1 senha! </strong>
FRONTEND	IDENTIFICADOR	desafio-gut/frontend/src/components/TabelaLances.jsx	11	24	lances	function ordenarLances(lances) {
FRONTEND	COMENTARIO	desafio-gut/frontend/src/components/TabelaLances.jsx	12	30	lances	// MC28.1: cmp null-safe — lances blindados (valor null em mainnet) mantêm ordem
FRONTEND	IDENTIFICADOR	desafio-gut/frontend/src/components/TabelaLances.jsx	15	21	lances	const unicos    = lances.filter((l) => !l.repetido).sort(cmp);
FRONTEND	IDENTIFICADOR	desafio-gut/frontend/src/components/TabelaLances.jsx	16	21	lances	const repetidos = lances.filter((l) =>  l.repetido).sort(cmp);
FRONTEND	IDENTIFICADOR	desafio-gut/frontend/src/components/TabelaLances.jsx	26	25	lance	function nomeOuEndereco(lance, enderecoAbrev) {
FRONTEND	IDENTIFICADOR	desafio-gut/frontend/src/components/TabelaLances.jsx	27	10	lance	return lance.nomeExibicao || enderecoAbrev;
FRONTEND	IDENTIFICADOR	desafio-gut/frontend/src/components/TabelaLances.jsx	30	40	lances	export default function TabelaLances({ lances = [], idEdicao, prazoTimestamp, encerrado: encerradoProp }) {
FRONTEND	COMENTARIO	desafio-gut/frontend/src/components/TabelaLances.jsx	42	34	leilão	// do Dashboard: provava que o leilão estava a decorrer. Só se mostra quando a
FRONTEND	COMENTARIO	desafio-gut/frontend/src/components/TabelaLances.jsx	49	52	lances	// re-render do pai (ex.: tick do timer) quando `lances` não mudou. Resultado idêntico.
FRONTEND	TEXTO-UI	desafio-gut/frontend/src/components/TabelaLances.jsx	50	55	lances	const lancesOrdenados = useMemo(() => ordenarLances(lances), [lances]);
FRONTEND	TEXTO-UI	desafio-gut/frontend/src/components/TabelaLances.jsx	50	65	lances	const lancesOrdenados = useMemo(() => ordenarLances(lances), [lances]);
FRONTEND	IDENTIFICADOR	desafio-gut/frontend/src/components/TabelaLances.jsx	91	14	Lances	📋 Lances — Edição{" "}
FRONTEND	IDENTIFICADOR	desafio-gut/frontend/src/components/TabelaLances.jsx	112	26	lances	{!encerrado && lances.length > 0 && (
FRONTEND	IDENTIFICADOR	desafio-gut/frontend/src/components/TabelaLances.jsx	120	8	lances	{lances.length === 0 ? (
FRONTEND	TEXTO-UI	desafio-gut/frontend/src/components/TabelaLances.jsx	128	78	lance	<span style={{ fontSize: isMobile ? "0.85rem" : "0.9rem" }}>Nenhum lance registrado ainda.</span>
FRONTEND	IDENTIFICADOR	desafio-gut/frontend/src/components/TabelaLances.jsx	152	31	lance	{lancesOrdenados.map((lance, i) => {
FRONTEND	IDENTIFICADOR	desafio-gut/frontend/src/components/TabelaLances.jsx	154	26	lance	const oculto = lance.oculto === true;
FRONTEND	IDENTIFICADOR	desafio-gut/frontend/src/components/TabelaLances.jsx	155	54	lance	const enderecoSanitizado = sanitizeAddress(lance.endereco ?? "");
FRONTEND	IDENTIFICADOR	desafio-gut/frontend/src/components/TabelaLances.jsx	156	65	lance	const valorSanitizado = oculto ? null : sanitizeLance(lance.valor);
FRONTEND	IDENTIFICADOR	desafio-gut/frontend/src/components/TabelaLances.jsx	157	41	lance	const txHash = sanitizeString(lance.txHash ?? "");
FRONTEND	IDENTIFICADOR	desafio-gut/frontend/src/components/TabelaLances.jsx	160	41	lance	const repetido   = !oculto && lance.repetido === true;
FRONTEND	IDENTIFICADOR	desafio-gut/frontend/src/components/TabelaLances.jsx	165	45	lance	const nome       = nomeOuEndereco(lance, enderecoAbrev);
FRONTEND	TEXTO-UI	desafio-gut/frontend/src/components/TabelaLances.jsx	254	23	Lance	<TH>ID do Lance</TH>
FRONTEND	IDENTIFICADOR	desafio-gut/frontend/src/components/TabelaLances.jsx	259	35	lance	{lancesOrdenados.map((lance, i) => {
FRONTEND	IDENTIFICADOR	desafio-gut/frontend/src/components/TabelaLances.jsx	261	30	lance	const oculto = lance.oculto === true;
FRONTEND	IDENTIFICADOR	desafio-gut/frontend/src/components/TabelaLances.jsx	262	58	lance	const enderecoSanitizado = sanitizeAddress(lance.endereco ?? "");
FRONTEND	IDENTIFICADOR	desafio-gut/frontend/src/components/TabelaLances.jsx	263	69	lance	const valorSanitizado = oculto ? null : sanitizeLance(lance.valor);
FRONTEND	IDENTIFICADOR	desafio-gut/frontend/src/components/TabelaLances.jsx	264	45	lance	const txHash = sanitizeString(lance.txHash ?? "");
FRONTEND	IDENTIFICADOR	desafio-gut/frontend/src/components/TabelaLances.jsx	267	45	lance	const repetido   = !oculto && lance.repetido === true;
FRONTEND	IDENTIFICADOR	desafio-gut/frontend/src/components/TabelaLances.jsx	272	49	lance	const nome       = nomeOuEndereco(lance, enderecoAbrev);
FRONTEND	IDENTIFICADOR	desafio-gut/frontend/src/components/TermosConsentimento.jsx	90	39	lances	comprar senhas e realizar lances.
FRONTEND	TEXTO-UI	desafio-gut/frontend/src/components/TermosConsentimento.jsx	96	58	LANCE	<strong style={{ color: "#f5a623" }}>O MENOR LANCE ÚNICO GANHA.</strong>
FRONTEND	IDENTIFICADOR	desafio-gut/frontend/src/components/TermosConsentimento.jsx	101	13	lances	lances indeterminados através de senhas, escolhendo a versão Relâmpago (Flash) ou
FRONTEND	TEXTO-UI	desafio-gut/frontend/src/components/TermosConsentimento.jsx	136	29	lance	<li>a) <em>"Seu lance é o menor e único até agora, parabéns"</em></li>
FRONTEND	TEXTO-UI	desafio-gut/frontend/src/components/TermosConsentimento.jsx	137	29	lance	<li>b) <em>"Seu lance não é o menor mas é único, tente novamente"</em></li>
FRONTEND	TEXTO-UI	desafio-gut/frontend/src/components/TermosConsentimento.jsx	138	41	lance	<li>c) <em>"Já recebemos um lance igual ao seu, tente novamente"</em></li>
FRONTEND	TEXTO-UI	desafio-gut/frontend/src/components/TermosConsentimento.jsx	140	25	Lance	<li>e) <em>"Lance inválido — envie apenas o valor, ex: 0,01"</em></li>
FRONTEND	TEXTO-UI	desafio-gut/frontend/src/components/TermosConsentimento.jsx	145	80	lances	<strong style={estilos.artLabel}>Art. 26</strong> — A apuração dos lances é
FRONTEND	IDENTIFICADOR	desafio-gut/frontend/src/components/TermosConsentimento.jsx	151	31	lance	qualquer valor de lance a partir de{" "}
FRONTEND	TEXTO-UI	desafio-gut/frontend/src/components/TermosConsentimento.jsx	197	72	Lance	<span>Aceito os Termos de Participação, o mecanismo "Menor Lance Único Ganha" (Art. 8) e as regras de lance (Art. 27).</span>
FRONTEND	TEXTO-UI	desafio-gut/frontend/src/components/TermosConsentimento.jsx	197	115	lance	<span>Aceito os Termos de Participação, o mecanismo "Menor Lance Único Ganha" (Art. 8) e as regras de lance (Art. 27).</span>
FRONTEND	COMENTARIO	desafio-gut/frontend/src/context/AppContext.jsx	42	24	leilão	// porque cada tipo de leilão guarda seu próprio prazo no localStorage. Cálculo
FRONTEND	STRING-TECNICA	desafio-gut/frontend/src/context/AppContext.jsx	71	8	lances	"gut_lances_r1",
FRONTEND	STRING-TECNICA	desafio-gut/frontend/src/context/AppContext.jsx	72	4	lances	"lances",
FRONTEND	STRING-TECNICA	desafio-gut/frontend/src/context/AppContext.jsx	73	7	LANCES	"LS_LANCES",
FRONTEND	COMENTARIO	desafio-gut/frontend/src/context/AppContext.jsx	168	14	leilão	// Tipo de leilão (Art. 8)
FRONTEND	COMENTARIO	desafio-gut/frontend/src/context/AppContext.jsx	176	6	lances	// lances on-chain (programado). lancesFlash off-chain (polling do blob).
FRONTEND	IDENTIFICADOR	desafio-gut/frontend/src/context/AppContext.jsx	177	10	lances	const [lances,       setLances]       = useState([]);
FRONTEND	COMENTARIO	desafio-gut/frontend/src/context/AppContext.jsx	199	45	leilão	// ficou só a máquina de estado de fim de leilão (encerrado/overlay/lightning).
FRONTEND	COMENTARIO	desafio-gut/frontend/src/context/AppContext.jsx	326	58	lance	// PIX aprovado = +R$. /comprar-senhas = -R$ +senhas. /lance-relampago = -R$.
FRONTEND	COMENTARIO	desafio-gut/frontend/src/context/AppContext.jsx	519	46	leilão	// e o que lhe aparecia era o dashboard de leilão: KPIs de lances, saldo de
FRONTEND	COMENTARIO	desafio-gut/frontend/src/context/AppContext.jsx	519	62	lances	// e o que lhe aparecia era o dashboard de leilão: KPIs de lances, saldo de
FRONTEND	COMENTARIO	desafio-gut/frontend/src/context/AppContext.jsx	653	42	lance	// a única fonte para HABILITAR ações (lance, compra, assinatura).
FRONTEND	IDENTIFICADOR	desafio-gut/frontend/src/context/AppContext.jsx	688	65	lances	const lancesExibidos = tipoLeilao === "flash" ? lancesFlash : lances;
FRONTEND	COMENTARIO	desafio-gut/frontend/src/context/AppContext.jsx	690	23	Lance	// Vencedor — Menor Lance Único (Art. 8)
FRONTEND	COMENTARIO	desafio-gut/frontend/src/context/AppContext.jsx	711	34	lances	// Purga Blob server-side de lances residuais da Edição R-1 (one-shot,
FRONTEND	STRING-TECNICA	desafio-gut/frontend/src/context/AppContext.jsx	713	38	lances	fetch("/.netlify/functions/purge-lances", {
FRONTEND	STRING-TECNICA	desafio-gut/frontend/src/context/AppContext.jsx	718	53	lances	if (!resp.ok) console.warn("[GUT-DEBUG] purge-lances HTTP", resp.status);
FRONTEND	STRING-TECNICA	desafio-gut/frontend/src/context/AppContext.jsx	720	39	lances	console.warn("[GUT-DEBUG] purge-lances falhou", err?.message);
FRONTEND	COMENTARIO	desafio-gut/frontend/src/context/AppContext.jsx	738	17	lances	// Polling de lances flash do blob (cross-user em tempo real).
FRONTEND	TEXTO-UI	desafio-gut/frontend/src/context/AppContext.jsx	761	44	lances	const { ok, data } = await apiGet(`lances-flash?edicaoId=${EDICAO_ATIVA}`);
FRONTEND	IDENTIFICADOR	desafio-gut/frontend/src/context/AppContext.jsx	763	45	lances	if (!cancelado) setLancesFlash(data.lances || []);
FRONTEND	IDENTIFICADOR	desafio-gut/frontend/src/context/AppContext.jsx	773	59	lance	const unsubscribe = subscribeLanceDado(EDICAO_ATIVA, (lance) => {
FRONTEND	IDENTIFICADOR	desafio-gut/frontend/src/context/AppContext.jsx	775	43	lance	if (prev.some((l) => l.txHash === lance.txHash)) return prev; // dedup
FRONTEND	IDENTIFICADOR	desafio-gut/frontend/src/context/AppContext.jsx	776	23	lance	const valor = lance.valor;
FRONTEND	IDENTIFICADOR	desafio-gut/frontend/src/context/AppContext.jsx	780	23	lance	endereco: lance.endereco,
FRONTEND	IDENTIFICADOR	desafio-gut/frontend/src/context/AppContext.jsx	782	23	lance	repetido: lance.repetido || prev.some((l) => l.valor === valor),
FRONTEND	IDENTIFICADOR	desafio-gut/frontend/src/context/AppContext.jsx	783	23	lance	txHash:   lance.txHash,
FRONTEND	COMENTARIO	desafio-gut/frontend/src/context/AppContext.jsx	827	67	lances	// MC91.11 — saldo EFETIVO (on-chain − senhas consumidas em lances
FRONTEND	COMENTARIO	desafio-gut/frontend/src/context/AppContext.jsx	1029	6	lances	// lances é server-side (gate 503 nas Functions — R10); aqui é só UX/congelamento.
FRONTEND	COMENTARIO	desafio-gut/frontend/src/context/AppContext.jsx	1131	24	leilão	// Máquina de fim de leilão. Cálculo é ABSOLUTO: `prazo - now`. O setInterval
FRONTEND	COMENTARIO	desafio-gut/frontend/src/context/AppContext.jsx	1134	36	leilão	// re-renderiza apenas no fim do leilão, não a cada tick.
FRONTEND	COMENTARIO	desafio-gut/frontend/src/context/AppContext.jsx	1236	48	lances	// Sentry security alert: detecta burst de lances por endereço (>10/min)
FRONTEND	IDENTIFICADOR	desafio-gut/frontend/src/context/AppContext.jsx	1284	5	lances	lances: lancesExibidos,
FRONTEND	COMENTARIO	desafio-gut/frontend/src/context/useAppContextEnvironment.jsx	11	19	lances	//   activeTab : 'lances' | 'carteira' | 'perfil' | 'guto'   (derivado da rota)
FRONTEND	COMENTARIO	desafio-gut/frontend/src/context/useAppContextEnvironment.jsx	16	54	leilão	//   celebration → disparado no fim de uma rodada de leilão com vencedor.
FRONTEND	STRING-TECNICA	desafio-gut/frontend/src/context/useAppContextEnvironment.jsx	48	94	lances	if (p === "/" || p.startsWith("/mercado") || p.startsWith("/corporativo/mercado")) return "lances";
FRONTEND	STRING-TECNICA	desafio-gut/frontend/src/context/useAppContextEnvironment.jsx	52	11	lances	return "lances";
FRONTEND	STRING-TECNICA	desafio-gut/frontend/src/context/useAppContextEnvironment.jsx	128	19	lances	activeTab: "lances",
FRONTEND	IDENTIFICADOR	desafio-gut/frontend/src/globals.css	361	36	Lances	Todos os itens do dock (Início, Lances, Carteira, Mais) recebem a MESMA cápsula
FRONTEND	IDENTIFICADOR	desafio-gut/frontend/src/globals.css	373	58	Lances	Extraído dos 4 cards KPI do Dashboard (Saldo, Senhas, Lances Únicos, Total de
FRONTEND	IDENTIFICADOR	desafio-gut/frontend/src/globals.css	374	4	Lances	Lances). Navy-based fixo (rgba(13,18,53,0.25)), blur SEMPRE ligado (mobile +
FRONTEND	IDENTIFICADOR	desafio-gut/frontend/src/hooks/useEdicoes.js	52	7	lances	lances: 0,
FRONTEND	IDENTIFICADOR	desafio-gut/frontend/src/hooks/useEdicoes.js	77	7	lances	lances: Number.isFinite(e.lances) ? e.lances : 0,
FRONTEND	IDENTIFICADOR	desafio-gut/frontend/src/hooks/useEdicoes.js	77	33	lances	lances: Number.isFinite(e.lances) ? e.lances : 0,
FRONTEND	IDENTIFICADOR	desafio-gut/frontend/src/hooks/useEdicoes.js	77	45	lances	lances: Number.isFinite(e.lances) ? e.lances : 0,
FRONTEND	TEXTO-UI	desafio-gut/frontend/src/hooks/useLanceFeedback.js	21	12	lances	`lances-flash?edicaoId=${encodeURIComponent(edicaoId)}&acao=verificar&valor=${encodeURIComponent(meuValor)}`
FRONTEND	COMENTARIO	desafio-gut/frontend/src/hooks/useRealtimeConfig.js	8	21	lances	// NUNCA subscreve `lances` (a RLS oculta-os do anon de propósito — anti-sniping).
FRONTEND	COMENTARIO	desafio-gut/frontend/src/hooks/useRecursosApp.js	12	73	leilão	//      logo o utilizador iOS/Android em Safari/Chrome continua a ver o leilão).
FRONTEND	COMENTARIO	desafio-gut/frontend/src/hooks/useRecursosApp.js	15	70	leilão	// DEFAULT local resolvido para a plataforma detetada — pwa mantém o leilão ativo.
FRONTEND	COMENTARIO	desafio-gut/frontend/src/hooks/useShakeOnError.js	10	52	lance	// NOTA: o ITEM 10 (optimistic updates no fluxo de lance on-chain) foi ADIADO por
FRONTEND	COMENTARIO	desafio-gut/frontend/src/hooks/useTrocarPorSenhas.js	6	11	lance	//   auth-lance (JWT lance-auth, assinatura EIP-191) -> comprar-senhas
FRONTEND	COMENTARIO	desafio-gut/frontend/src/hooks/useTrocarPorSenhas.js	6	22	lance	//   auth-lance (JWT lance-auth, assinatura EIP-191) -> comprar-senhas
FRONTEND	STRING-TECNICA	desafio-gut/frontend/src/hooks/useTrocarPorSenhas.js	45	46	lance	const { ok, data } = await apiPost("auth-lance", { endereco: address, signature, message });
FRONTEND	STRING-TECNICA	desafio-gut/frontend/src/i18n/en.js	4	8	lances	"nav.lances": "Bids",
FRONTEND	STRING-TECNICA	desafio-gut/frontend/src/i18n/en.js	4	18	Bids	"nav.lances": "Bids",
FRONTEND	TEXTO-UI	desafio-gut/frontend/src/i18n/en.js	23	58	bid	"dash.facaLogin": "Sign in to take part and place your bid now.",
FRONTEND	TEXTO-UI	desafio-gut/frontend/src/i18n/en.js	26	32	Bids	"dash.lancesUnicos": "Unique Bids",
FRONTEND	TEXTO-UI	desafio-gut/frontend/src/i18n/en.js	27	30	Bids	"dash.totalLances": "Total Bids",
FRONTEND	TEXTO-UI	desafio-gut/frontend/src/i18n/en.js	31	45	Bid	"dash.menorLanceUnico": "🏆 Lowest Unique Bid",
FRONTEND	TEXTO-UI	desafio-gut/frontend/src/i18n/en.js	32	39	bid	"dash.nenhumLanceUnico": "No unique bid yet.",
FRONTEND	TEXTO-UI	desafio-gut/frontend/src/i18n/en.js	46	30	bids	"config.notifLances": "New bids in the edition",
FRONTEND	STRING-TECNICA	desafio-gut/frontend/src/i18n/es.js	4	8	lances	"nav.lances": "Pujas",
FRONTEND	STRING-TECNICA	desafio-gut/frontend/src/i18n/es.js	4	18	Pujas	"nav.lances": "Pujas",
FRONTEND	TEXTO-UI	desafio-gut/frontend/src/i18n/es.js	23	63	puja	"dash.facaLogin": "Inicia sesión para participar y hacer tu puja ahora.",
FRONTEND	TEXTO-UI	desafio-gut/frontend/src/i18n/es.js	26	25	Pujas	"dash.lancesUnicos": "Pujas Únicas",
FRONTEND	TEXTO-UI	desafio-gut/frontend/src/i18n/es.js	27	33	Pujas	"dash.totalLances": "Total de Pujas",
FRONTEND	TEXTO-UI	desafio-gut/frontend/src/i18n/es.js	31	31	Puja	"dash.menorLanceUnico": "🏆 Puja Única Más Baja",
FRONTEND	TEXTO-UI	desafio-gut/frontend/src/i18n/es.js	32	40	puja	"dash.nenhumLanceUnico": "Aún no hay puja única.",
FRONTEND	TEXTO-UI	desafio-gut/frontend/src/i18n/es.js	46	33	pujas	"config.notifLances": "Nuevas pujas en la edición",
FRONTEND	STRING-TECNICA	desafio-gut/frontend/src/i18n/pt.js	6	8	lances	"nav.lances": "Lances",
FRONTEND	STRING-TECNICA	desafio-gut/frontend/src/i18n/pt.js	6	18	Lances	"nav.lances": "Lances",
FRONTEND	TEXTO-UI	desafio-gut/frontend/src/i18n/pt.js	26	59	lance	"dash.facaLogin": "Faça login para participar e dar seu lance agora.",
FRONTEND	TEXTO-UI	desafio-gut/frontend/src/i18n/pt.js	29	25	Lances	"dash.lancesUnicos": "Lances Únicos",
FRONTEND	TEXTO-UI	desafio-gut/frontend/src/i18n/pt.js	30	33	Lances	"dash.totalLances": "Total de Lances",
FRONTEND	TEXTO-UI	desafio-gut/frontend/src/i18n/pt.js	35	37	Lance	"dash.menorLanceUnico": "🏆 Menor Lance Único",
FRONTEND	TEXTO-UI	desafio-gut/frontend/src/i18n/pt.js	36	36	lance	"dash.nenhumLanceUnico": "Nenhum lance único ainda.",
FRONTEND	TEXTO-UI	desafio-gut/frontend/src/i18n/pt.js	51	32	lances	"config.notifLances": "Novos lances na edição",
FRONTEND	COMENTARIO	desafio-gut/frontend/src/lib/adminNav.js	108	55	lances	// aterram a reconciliação e a exportação do P2, e os lances quando existirem.
FRONTEND	COMENTARIO	desafio-gut/frontend/src/lib/analytics.js	11	50	leilão	// gravados pelo endpoint e decide se dispara um leilão relâmpago automático.
FRONTEND	COMENTARIO	desafio-gut/frontend/src/lib/leilaoLock.js	6	59	leilão	// para reativar todos os cronômetros de uma vez quando o leilão abrir.
FRONTEND	COMENTARIO	desafio-gut/frontend/src/lib/leilaoLock.js	8	67	Lances	// Coerente com a decisão MC65 (Hero "EM BREVE" permanente na aba Lances).
FRONTEND	COMENTARIO	desafio-gut/frontend/src/lib/leilaoTimer.js	1	71	leilão	// src/lib/leilaoTimer.js — helpers puros de persistência do prazo do leilão (MC39.22.1 — EX-7).
FRONTEND	COMENTARIO	desafio-gut/frontend/src/lib/leilaoTimer.js	3	75	leilão	// Extraídos de AppContext.jsx SEM alteração de comportamento. O timer do leilão é
FRONTEND	COMENTARIO	desafio-gut/frontend/src/lib/leilaoTimer.js	13	66	leilão	// duplicação. Movê-la para um hook seria reescrita do núcleo do leilão, não
FRONTEND	COMENTARIO	desafio-gut/frontend/src/lib/sentry-alerts.js	15	44	lances	const LIMIAR_BURST_COMPR = 10;  // compras/lances do mesmo endereco em 1 min
FRONTEND	COMENTARIO	desafio-gut/frontend/src/lib/sentry-alerts.js	59	26	lances	// ── Burst de compras / lances do mesmo endereço ─────────────────────────────
FRONTEND	COMENTARIO	desafio-gut/frontend/src/lib/sentryLazy.js	28	59	lance	// profundidade contra vazar hash de prova de intenção do lance. (Movido do
FRONTEND	COMENTARIO	desafio-gut/frontend/src/lib/sentryLazy.js	88	33	lance	// saldos, valores de lance, códigos de indicação e dados de carteira.
FRONTEND	IDENTIFICADOR	desafio-gut/frontend/src/pages/Configuracoes.jsx	190	74	Lances	{/* MC67 (item 8) — card "Segurança e Transparência" movido da aba Lances.
FRONTEND	TEXTO-UI	desafio-gut/frontend/src/pages/Configuracoes.jsx	197	35	lance	["Proteção",    "Cada lance é assinado e protegido no seu dispositivo."],
FRONTEND	TEXTO-UI	desafio-gut/frontend/src/pages/Configuracoes.jsx	201	30	Lance	["Art. 27",     "Lance mínimo: R$ 0,01 · máx. 2 casas decimais."],
FRONTEND	COMENTARIO	desafio-gut/frontend/src/pages/CorporativoBanners.jsx	22	53	lance	const { getAuthToken } = useTrocarPorSenhas(); // lance-auth para o POST /banners
FRONTEND	IDENTIFICADOR	desafio-gut/frontend/src/pages/CorporativoBanners.jsx	172	36	lance	botão "Novo banner"; usa lance-auth (getAuthToken) para o POST /banners. */}
FRONTEND	TEXTO-UI	desafio-gut/frontend/src/pages/CorporativoCarteira.jsx	35	18	Leilões	beneficios: "Leilões Programados 24h · 10 vouchers/mês · Analytics 90d" },
FRONTEND	COMENTARIO	desafio-gut/frontend/src/pages/CorporativoCarteira.jsx	52	53	lance	const { getAuthToken } = useTrocarPorSenhas(); // lance-auth para converter troco
FRONTEND	IDENTIFICADOR	desafio-gut/frontend/src/pages/CorporativoCarteira.jsx	203	92	leilões	Atenção: {expiramEmBreve} senha(s) expiram nos próximos 5 dias. Use-as nos leilões.
FRONTEND	IDENTIFICADOR	desafio-gut/frontend/src/pages/CorporativoCarteira.jsx	215	24	lances	Ir dar lances
FRONTEND	TEXTO-UI	desafio-gut/frontend/src/pages/Dashboard.jsx	40	17	Lance	{ label: "Dar Lance",         icon: "🎯", to: "/mercado"       },
FRONTEND	IDENTIFICADOR	desafio-gut/frontend/src/pages/Dashboard.jsx	53	5	lances	lances, vencedor,
FRONTEND	IDENTIFICADOR	desafio-gut/frontend/src/pages/Dashboard.jsx	99	24	lances	const totalLances  = lances.length;
FRONTEND	IDENTIFICADOR	desafio-gut/frontend/src/pages/Dashboard.jsx	100	24	lances	const lancesUnicos = lances.filter((l) => !l.repetido).length;
FRONTEND	COMENTARIO	desafio-gut/frontend/src/pages/Dashboard.jsx	114	28	lance	// comprar-senhas → -R$, lance-relâmpago → -R$). "Senhas" = saldoSenhas
FRONTEND	TEXTO-UI	desafio-gut/frontend/src/pages/Dashboard.jsx	127	15	Lances	{ label: "Lances Únicos",   value: lancesUnicos,                     color: COR.success, icon: "✅", to: "/mercado"  },
FRONTEND	TEXTO-UI	desafio-gut/frontend/src/pages/Dashboard.jsx	128	24	Lances	{ label: "Total de Lances", value: totalLances,                      color: COR.amber,   icon: "📊", to: "/ativos"   },
FRONTEND	TEXTO-UI	desafio-gut/frontend/src/pages/Dashboard.jsx	213	61	lances	? "Acompanhe seus dados e acesse o mercado de lances."
FRONTEND	TEXTO-UI	desafio-gut/frontend/src/pages/Dashboard.jsx	214	55	lance	: "Faça login para participar e dar seu lance agora."}
FRONTEND	IDENTIFICADOR	desafio-gut/frontend/src/pages/Dashboard.jsx	240	23	leilão	{/* Status do leilão */}
FRONTEND	IDENTIFICADOR	desafio-gut/frontend/src/pages/Dashboard.jsx	306	38	leilão	coisa; o tipo de leilão (Relâmpago/Programado) é factual e fica. */}
FRONTEND	IDENTIFICADOR	desafio-gut/frontend/src/pages/Dashboard.jsx	334	36	Lances	⚡ Ir para o Mercado de Lances
FRONTEND	TEXTO-UI	desafio-gut/frontend/src/pages/Dashboard.jsx	340	43	Lance	<h3 style={cardTitulo}>🏆 Menor Lance Único</h3>
FRONTEND	TEXTO-UI	desafio-gut/frontend/src/pages/Dashboard.jsx	364	27	lance	<div>Nenhum lance único ainda.</div>
FRONTEND	IDENTIFICADOR	desafio-gut/frontend/src/pages/Dashboard.jsx	429	36	leilão	{/* MC16 — overlay de fim de leilão (relâmpago e programado) */}
FRONTEND	COMENTARIO	desafio-gut/frontend/src/pages/DetalheProduto.jsx	3	68	lance	// Exibe foto, descrição, preço, loja, GUTO apresentador, input de lance,
FRONTEND	COMENTARIO	desafio-gut/frontend/src/pages/DetalheProduto.jsx	4	58	lances	// LanceStatusBadge, cronômetro da edição e histórico de lances.
FRONTEND	COMENTARIO	desafio-gut/frontend/src/pages/DetalheProduto.jsx	5	57	lance	// MC23.3 — cards migrados para GlassCard (foto + input lance).
FRONTEND	IDENTIFICADOR	desafio-gut/frontend/src/pages/DetalheProduto.jsx	38	40	lances	const { prazoFlash, prazoProgramado, lances, vencedor, encerrado } = useAppContext();
FRONTEND	COMENTARIO	desafio-gut/frontend/src/pages/DetalheProduto.jsx	45	6	Lance	// Lance input state
FRONTEND	IDENTIFICADOR	desafio-gut/frontend/src/pages/DetalheProduto.jsx	74	20	lances	if (!valor || !lances || lances.length === 0) {
FRONTEND	IDENTIFICADOR	desafio-gut/frontend/src/pages/DetalheProduto.jsx	74	30	lances	if (!valor || !lances || lances.length === 0) {
FRONTEND	IDENTIFICADOR	desafio-gut/frontend/src/pages/DetalheProduto.jsx	80	25	lances	const ocorrencias = lances.filter((l) => l.valor === v).length;
FRONTEND	COMENTARIO	desafio-gut/frontend/src/pages/DetalheProduto.jsx	101	16	lances	// Ordena os lances do produto (se houver filtro por edição)
FRONTEND	IDENTIFICADOR	desafio-gut/frontend/src/pages/DetalheProduto.jsx	102	25	lances	const lancesProduto = lances || [];
FRONTEND	IDENTIFICADOR	desafio-gut/frontend/src/pages/DetalheProduto.jsx	167	20	Lance	{/* Info + Lance */}
FRONTEND	IDENTIFICADOR	desafio-gut/frontend/src/pages/DetalheProduto.jsx	220	15	Lance	{/* Lance Status Badge */}
FRONTEND	IDENTIFICADOR	desafio-gut/frontend/src/pages/DetalheProduto.jsx	223	24	lance	{/* Input de lance */}
FRONTEND	IDENTIFICADOR	desafio-gut/frontend/src/pages/DetalheProduto.jsx	227	24	lance	🎯 Seu lance (centavos) — menor lance único vence
FRONTEND	IDENTIFICADOR	desafio-gut/frontend/src/pages/DetalheProduto.jsx	227	49	lance	🎯 Seu lance (centavos) — menor lance único vence
FRONTEND	IDENTIFICADOR	desafio-gut/frontend/src/pages/DetalheProduto.jsx	254	26	Lance	🎯 Dar Lance
FRONTEND	IDENTIFICADOR	desafio-gut/frontend/src/pages/DetalheProduto.jsx	274	24	lances	{/* Histórico de lances */}
FRONTEND	IDENTIFICADOR	desafio-gut/frontend/src/pages/DetalheProduto.jsx	288	27	Lances	📊 Histórico de Lances — {produto.edicaoId || "R-1"}
FRONTEND	TEXTO-UI	desafio-gut/frontend/src/pages/DetalheProduto.jsx	291	71	lance	<p style={{ color: COR.muted, fontSize: "0.82rem" }}>Nenhum lance registrado ainda. Seja o primeiro!</p>
FRONTEND	COMENTARIO	desafio-gut/frontend/src/pages/EdicaoDetalhe.jsx	7	64	lance	// edicoesTick), consistente com o resto do app. Sem lógica de lance/RBAC (só leitura).
FRONTEND	IDENTIFICADOR	desafio-gut/frontend/src/pages/EdicaoDetalhe.jsx	67	94	lances	(pode ter encerrado). Veja as edições em andamento no início ou vá ao mercado de lances.
FRONTEND	TEXTO-UI	desafio-gut/frontend/src/pages/EdicaoDetalhe.jsx	77	35	Lances	>⚡ Ir para o Mercado de Lances</button>
FRONTEND	IDENTIFICADOR	desafio-gut/frontend/src/pages/EdicaoDetalhe.jsx	124	23	lances	{edicao.lances ?? 0} lance(s) registrado(s)
FRONTEND	IDENTIFICADOR	desafio-gut/frontend/src/pages/EdicaoDetalhe.jsx	124	36	lance	{edicao.lances ?? 0} lance(s) registrado(s)
FRONTEND	TEXTO-UI	desafio-gut/frontend/src/pages/EdicaoDetalhe.jsx	149	33	Lances	>⚡ Ir para o Mercado de Lances</button>
FRONTEND	TEXTO-UI	desafio-gut/frontend/src/pages/ExcluirConta.jsx	66	30	lances	<li>Histórico de lances e perfil</li>
FRONTEND	TEXTO-UI	desafio-gut/frontend/src/pages/ExcluirConta.jsx	74	35	lances	<li>Saldo de senhas e lances já gravados na blockchain — imutáveis por natureza, identificados apenas pela carteira.</li>
FRONTEND	COMENTARIO	desafio-gut/frontend/src/pages/MercadoLances.jsx	16	36	leilão	// REQ-01: descobre o cliente cujo leilão está ativo no momento, conforme
FRONTEND	TEXTO-UI	desafio-gut/frontend/src/pages/MercadoLances.jsx	126	14	LEILÃO	}}>LEILÃO ENCERRADO</h2>
FRONTEND	IDENTIFICADOR	desafio-gut/frontend/src/pages/MercadoLances.jsx	149	22	lance	Nenhum lance único registrado.
FRONTEND	IDENTIFICADOR	desafio-gut/frontend/src/pages/MercadoLances.jsx	171	5	lances	lances,
FRONTEND	COMENTARIO	desafio-gut/frontend/src/pages/MercadoLances.jsx	179	63	Lances	// MC66 (Direção C) — o cronômetro vivo foi removido da aba Lances ("EM BREVE"
FRONTEND	COMENTARIO	desafio-gut/frontend/src/pages/MercadoLances.jsx	184	46	leilão	// (isLeilaoAtivo=false) os componentes de leilão NÃO são montados; em seu
FRONTEND	COMENTARIO	desafio-gut/frontend/src/pages/MercadoLances.jsx	185	52	leilão	// lugar uma vista de conformidade declara que o leilão está na versão Web.
FRONTEND	COMENTARIO	desafio-gut/frontend/src/pages/MercadoLances.jsx	188	21	lance	// ── Feedback de lance em tempo real ──
FRONTEND	COMENTARIO	desafio-gut/frontend/src/pages/MercadoLances.jsx	200	35	leilão	// REQ-01: banner do cliente do leilão ativo.
FRONTEND	COMENTARIO	desafio-gut/frontend/src/pages/MercadoLances.jsx	209	37	leilão	// vista de conformidade quando o leilão não está ativo nesta plataforma.
FRONTEND	COMENTARIO	desafio-gut/frontend/src/pages/MercadoLances.jsx	210	24	leilão	// Os componentes de leilão (CardLance, TabelaLances, timers) ficam DESMONTADOS.
FRONTEND	IDENTIFICADOR	desafio-gut/frontend/src/pages/MercadoLances.jsx	247	37	leilão	{/* ── Banner do cliente do leilão ativo (REQ-01) ── */}
FRONTEND	IDENTIFICADOR	desafio-gut/frontend/src/pages/MercadoLances.jsx	262	17	Leilão	Leilão {tipoLeilao === "flash" ? "⚡ Relâmpago" : "🎫 Programado"} ·
FRONTEND	IDENTIFICADOR	desafio-gut/frontend/src/pages/MercadoLances.jsx	299	27	lances	<TabelaLances lances={lances} idEdicao={EDICAO_ATIVA} prazoTimestamp={prazoTimestamp} encerrado={encerrado} />
FRONTEND	IDENTIFICADOR	desafio-gut/frontend/src/pages/MercadoLances.jsx	299	35	lances	<TabelaLances lances={lances} idEdicao={EDICAO_ATIVA} prazoTimestamp={prazoTimestamp} encerrado={encerrado} />
FRONTEND	COMENTARIO	desafio-gut/frontend/src/pages/MercadoLances.jsx	339	32	leilão	// Transparente: declara que o leilão está na versão Web, sem o esconder e sem
FRONTEND	TEXTO-UI	desafio-gut/frontend/src/pages/MercadoLances.jsx	361	12	Leilões	}}>Leilões na versão Web</h2>
FRONTEND	IDENTIFICADOR	desafio-gut/frontend/src/pages/MercadoLances.jsx	366	14	leilões	Os leilões do DesafioGUT acontecem na nossa versão Web. Abre{" "}
FRONTEND	IDENTIFICADOR	desafio-gut/frontend/src/pages/MercadoLances.jsx	368	38	lances	para participar com saldo, lances e carteira — tudo o que já usas.
FRONTEND	IDENTIFICADOR	desafio-gut/frontend/src/pages/MercadoLances.jsx	385	44	leilão	Esta versão da loja não inclui o leilão. Nada fica escondido — é só uma
FRONTEND	IDENTIFICADOR	desafio-gut/frontend/src/pages/MeusAtivos.jsx	21	11	lances	const { lances, address, isConnected, abrirModal, EDICAO_ATIVA } = useAppContext();
FRONTEND	IDENTIFICADOR	desafio-gut/frontend/src/pages/MeusAtivos.jsx	24	22	lances	const meusLances = lances.filter(
FRONTEND	IDENTIFICADOR	desafio-gut/frontend/src/pages/MeusAtivos.jsx	27	27	lances	const todosLances = [...lances].sort((a, b) => a.valor - b.valor);
FRONTEND	TEXTO-UI	desafio-gut/frontend/src/pages/MeusAtivos.jsx	45	24	Lances	{ label: "Total de Lances",  value: todosLances.length, color: COR.blue300 },
FRONTEND	TEXTO-UI	desafio-gut/frontend/src/pages/MeusAtivos.jsx	46	15	Lances	{ label: "Lances Únicos",    value: totalUnico,         color: COR.success },
FRONTEND	TEXTO-UI	desafio-gut/frontend/src/pages/MeusAtivos.jsx	47	15	Lances	{ label: "Lances Repetidos", value: totalRepet,         color: COR.danger  },
FRONTEND	TEXTO-UI	desafio-gut/frontend/src/pages/MeusAtivos.jsx	48	21	Lance	{ label: "Menor Lance",      value: menorUnico ? `R$ ${(menorUnico.valor / 100).toFixed(2)}` : "—", color: COR.gold },
FRONTEND	IDENTIFICADOR	desafio-gut/frontend/src/pages/MeusAtivos.jsx	60	24	lances	Histórico de lances e posições da edição{" "}
FRONTEND	TEXTO-UI	desafio-gut/frontend/src/pages/MeusAtivos.jsx	118	32	lances	}}>📍 Mostrando seus lances</span>
FRONTEND	TEXTO-UI	desafio-gut/frontend/src/pages/MeusAtivos.jsx	132	38	lance	{isConnected ? "Nenhum lance encontrado com este filtro." : "Nenhum lance registrado nesta edição."}
FRONTEND	TEXTO-UI	desafio-gut/frontend/src/pages/MeusAtivos.jsx	132	83	lance	{isConnected ? "Nenhum lance encontrado com este filtro." : "Nenhum lance registrado nesta edição."}
FRONTEND	IDENTIFICADOR	desafio-gut/frontend/src/pages/MeusAtivos.jsx	136	23	lances	<MobileList lances={lancesExibidos} filtro={filtro} />
FRONTEND	IDENTIFICADOR	desafio-gut/frontend/src/pages/MeusAtivos.jsx	138	25	lances	<DesktopTable lances={lancesExibidos} filtro={filtro} />
FRONTEND	IDENTIFICADOR	desafio-gut/frontend/src/pages/MeusAtivos.jsx	154	54	lance	Art. 26: Apuração automática · Art. 8: Menor lance único ganha
FRONTEND	IDENTIFICADOR	desafio-gut/frontend/src/pages/MeusAtivos.jsx	160	23	lances	function MobileList({ lances, filtro }) {
FRONTEND	IDENTIFICADOR	desafio-gut/frontend/src/pages/MeusAtivos.jsx	163	8	lances	{lances.map((lance, i) => {
FRONTEND	IDENTIFICADOR	desafio-gut/frontend/src/pages/MeusAtivos.jsx	163	20	lance	{lances.map((lance, i) => {
FRONTEND	IDENTIFICADOR	desafio-gut/frontend/src/pages/MeusAtivos.jsx	164	29	lance	const isVencedor = !lance.repetido && i === 0 && filtro !== "repetidos";
FRONTEND	TEXTO-UI	desafio-gut/frontend/src/pages/MeusAtivos.jsx	165	34	lance	const enderecoAbrev = `${lance.endereco?.slice(0, 6)}...${lance.endereco?.slice(-4)}`;
FRONTEND	TEXTO-UI	desafio-gut/frontend/src/pages/MeusAtivos.jsx	165	67	lance	const enderecoAbrev = `${lance.endereco?.slice(0, 6)}...${lance.endereco?.slice(-4)}`;
FRONTEND	IDENTIFICADOR	desafio-gut/frontend/src/pages/MeusAtivos.jsx	193	16	lance	{lance.txHash && (
FRONTEND	IDENTIFICADOR	desafio-gut/frontend/src/pages/MeusAtivos.jsx	197	21	lance	}}>{lance.txHash.slice(0, 14)}...</div>
FRONTEND	IDENTIFICADOR	desafio-gut/frontend/src/pages/MeusAtivos.jsx	205	21	lance	}}>R$ {(lance.valor / 100).toFixed(2)}</div>
FRONTEND	IDENTIFICADOR	desafio-gut/frontend/src/pages/MeusAtivos.jsx	211	29	lance	background: lance.repetido ? "rgba(239,68,68,0.15)" : "rgba(16,185,129,0.15)",
FRONTEND	IDENTIFICADOR	desafio-gut/frontend/src/pages/MeusAtivos.jsx	212	24	lance	color: lance.repetido ? COR.danger : COR.success,
FRONTEND	TEXTO-UI	desafio-gut/frontend/src/pages/MeusAtivos.jsx	213	38	lance	border: `1px solid ${lance.repetido ? "rgba(239,68,68,0.3)" : "rgba(16,185,129,0.3)"}`,
FRONTEND	IDENTIFICADOR	desafio-gut/frontend/src/pages/MeusAtivos.jsx	214	19	lance	}}>{lance.repetido ? "❌ Repetido" : isVencedor ? "🏆 Menor e Único" : "✅ Único"}</span>
FRONTEND	IDENTIFICADOR	desafio-gut/frontend/src/pages/MeusAtivos.jsx	223	25	lances	function DesktopTable({ lances, filtro }) {
FRONTEND	TEXTO-UI	desafio-gut/frontend/src/pages/MeusAtivos.jsx	228	65	Lance	{["#", "Participante", "Valor (R$)", "Status", "ID do Lance"].map((h) => (
FRONTEND	IDENTIFICADOR	desafio-gut/frontend/src/pages/MeusAtivos.jsx	238	10	lances	{lances.map((lance, i) => {
FRONTEND	IDENTIFICADOR	desafio-gut/frontend/src/pages/MeusAtivos.jsx	238	22	lance	{lances.map((lance, i) => {
FRONTEND	IDENTIFICADOR	desafio-gut/frontend/src/pages/MeusAtivos.jsx	239	31	lance	const isVencedor = !lance.repetido && i === 0 && filtro !== "repetidos";
FRONTEND	IDENTIFICADOR	desafio-gut/frontend/src/pages/MeusAtivos.jsx	249	18	lance	{lance.endereco?.slice(0, 8)}...{lance.endereco?.slice(-4)}
FRONTEND	IDENTIFICADOR	desafio-gut/frontend/src/pages/MeusAtivos.jsx	249	50	lance	{lance.endereco?.slice(0, 8)}...{lance.endereco?.slice(-4)}
FRONTEND	IDENTIFICADOR	desafio-gut/frontend/src/pages/MeusAtivos.jsx	254	23	lance	}}>R$ {(lance.valor / 100).toFixed(2)}</td>
FRONTEND	IDENTIFICADOR	desafio-gut/frontend/src/pages/MeusAtivos.jsx	259	31	lance	background: lance.repetido ? "rgba(239,68,68,0.15)" : "rgba(16,185,129,0.15)",
FRONTEND	IDENTIFICADOR	desafio-gut/frontend/src/pages/MeusAtivos.jsx	260	26	lance	color: lance.repetido ? COR.danger : COR.success,
FRONTEND	TEXTO-UI	desafio-gut/frontend/src/pages/MeusAtivos.jsx	261	40	lance	border: `1px solid ${lance.repetido ? "rgba(239,68,68,0.3)" : "rgba(16,185,129,0.3)"}`,
FRONTEND	IDENTIFICADOR	desafio-gut/frontend/src/pages/MeusAtivos.jsx	262	21	lance	}}>{lance.repetido ? "❌ Repetido" : isVencedor ? "🏆 Menor e Único" : "✅ Único"}</span>
FRONTEND	IDENTIFICADOR	desafio-gut/frontend/src/pages/MeusAtivos.jsx	265	18	lance	{lance.txHash ? `${lance.txHash.slice(0, 12)}...` : "—"}
FRONTEND	TEXTO-UI	desafio-gut/frontend/src/pages/MeusAtivos.jsx	265	36	lance	{lance.txHash ? `${lance.txHash.slice(0, 12)}...` : "—"}
FRONTEND	IDENTIFICADOR	desafio-gut/frontend/src/pages/MinhaCarteira.jsx	34	25	lances	address, userLabel, lances, user,
FRONTEND	COMENTARIO	desafio-gut/frontend/src/pages/MinhaCarteira.jsx	78	28	Lance	// saldoSenhas on-chain; Lance Relâmpago debita aqui em centavos.
FRONTEND	IDENTIFICADOR	desafio-gut/frontend/src/pages/MinhaCarteira.jsx	86	22	lances	const meusLances = lances.filter(
FRONTEND	IDENTIFICADOR	desafio-gut/frontend/src/pages/MinhaCarteira.jsx	127	48	lances	Acompanhe seu saldo de senhas e seus lances no DesafioGUT.
FRONTEND	IDENTIFICADOR	desafio-gut/frontend/src/pages/MinhaCarteira.jsx	142	16	lance	/lance-relampago → -centavos. */}
FRONTEND	IDENTIFICADOR	desafio-gut/frontend/src/pages/MinhaCarteira.jsx	185	37	Lance	Saldo em reais para Lance Relâmpago. Para Lance Programado, troque por Senhas (R$ {VALOR_POR_SENHA_BRL.toFixed(2)} cada).
FRONTEND	IDENTIFICADOR	desafio-gut/frontend/src/pages/MinhaCarteira.jsx	185	59	Lance	Saldo em reais para Lance Relâmpago. Para Lance Programado, troque por Senhas (R$ {VALOR_POR_SENHA_BRL.toFixed(2)} cada).
FRONTEND	COMENTARIO	desafio-gut/frontend/src/pages/MinhaCarteira.jsx	232	56	lance	// MC48 P2 — laranja suave (CTA de lance).
FRONTEND	TEXTO-UI	desafio-gut/frontend/src/pages/MinhaCarteira.jsx	241	85	Lances	title={!saldoReais ? "Deposite PIX primeiro" : "Vai ao Mercado de Lances em modo Relâmpago"}
FRONTEND	IDENTIFICADOR	desafio-gut/frontend/src/pages/MinhaCarteira.jsx	243	21	Lance	⚡ Lance Relâmpago
FRONTEND	TEXTO-UI	desafio-gut/frontend/src/pages/MinhaCarteira.jsx	348	75	leilão	title={!saldoNumero ? "Compre fichas para participar do leilão" : "Ir ao Mercado de Lances"}
FRONTEND	TEXTO-UI	desafio-gut/frontend/src/pages/MinhaCarteira.jsx	348	103	Lances	title={!saldoNumero ? "Compre fichas para participar do leilão" : "Ir ao Mercado de Lances"}
FRONTEND	IDENTIFICADOR	desafio-gut/frontend/src/pages/MinhaCarteira.jsx	350	41	Lances	🎯 Usar no Mercado de Lances
FRONTEND	IDENTIFICADOR	desafio-gut/frontend/src/pages/MinhaCarteira.jsx	404	20	lances	{/* Meus lances */}
FRONTEND	TEXTO-UI	desafio-gut/frontend/src/pages/MinhaCarteira.jsx	406	45	Lances	<h3 style={tituloStyle}>📋 Meus Lances ({meusLances.length})</h3>
FRONTEND	TEXTO-UI	desafio-gut/frontend/src/pages/MinhaCarteira.jsx	413	62	lance	<span style={{ fontSize: "0.82rem" }}>Nenhum lance registrado ainda com esta carteira.</span>
FRONTEND	IDENTIFICADOR	desafio-gut/frontend/src/pages/Privacidade.jsx	77	46	leilão	O DesafioGUT é uma plataforma de leilão de "menor lance único": os utilizadores
FRONTEND	TEXTO-UI	desafio-gut/frontend/src/pages/Privacidade.jsx	77	63	lance	O DesafioGUT é uma plataforma de leilão de "menor lance único": os utilizadores
FRONTEND	IDENTIFICADOR	desafio-gut/frontend/src/pages/Privacidade.jsx	78	27	leilões	participam em leilões, lançam lances e podem adquirir produtos/senhas mediante
FRONTEND	IDENTIFICADOR	desafio-gut/frontend/src/pages/Privacidade.jsx	78	43	lances	participam em leilões, lançam lances e podem adquirir produtos/senhas mediante
FRONTEND	TEXTO-UI	desafio-gut/frontend/src/pages/Privacidade.jsx	92	121	lances	<li style={liStyle}>Finalidade: criação e gestão da conta, autenticação, assinatura de transações on-chain (lances) e prestação do serviço.</li>
FRONTEND	IDENTIFICADOR	desafio-gut/frontend/src/pages/Privacidade.jsx	105	48	lances	3.3. Atividade no app (interações, lances, histórico)
FRONTEND	TEXTO-UI	desafio-gut/frontend/src/pages/Privacidade.jsx	108	57	lances	<li style={liStyle}>Registos de interações: lances (com hash Argon2id off-chain de prova de intenção), histórico de compras, saldo de senhas e visualizações.</li>
FRONTEND	TEXTO-UI	desafio-gut/frontend/src/pages/Privacidade.jsx	111	128	leilões	<li style={liStyle}>Coleta não estritamente obrigatória para a navegação básica, mas necessária para participar em leilões. Base legal: execução do contrato e interesse l
FRONTEND	TEXTO-UI	desafio-gut/frontend/src/pages/Privacidade.jsx	125	36	lances	<li style={liStyle}>Os lances são registados no smart contract LeilaoGUT na rede Ethereum mainnet. Os dados on-chain (endereço da carteira, valores, timestamps) são públi
FRONTEND	TEXTO-UI	desafio-gut/frontend/src/pages/Privacidade.jsx	126	62	leilão	<li style={liStyle}>Finalidade: funcionamento do leilão (pipeline de lance 100% on-chain).</li>
FRONTEND	TEXTO-UI	desafio-gut/frontend/src/pages/Privacidade.jsx	126	82	lance	<li style={liStyle}>Finalidade: funcionamento do leilão (pipeline de lance 100% on-chain).</li>
FRONTEND	TEXTO-UI	desafio-gut/frontend/src/pages/Privacidade.jsx	162	151	lances	<li style={liStyle}><strong style={{ color: COR.text }}>Supabase (supabase.com)</strong> — base de dados e armazenamento: dados de conta, lances, histórico, atividade, sa
FRONTEND	TEXTO-UI	desafio-gut/frontend/src/pages/Privacidade.jsx	163	209	lances	<li style={liStyle}><strong style={{ color: COR.text }}>Netlify (netlify.com)</strong> — backend serverless (funções): dados transitórios necessários às funções (ex.: pro
FRONTEND	TEXTO-UI	desafio-gut/frontend/src/pages/Privacidade.jsx	219	94	lances	<li style={liStyle}>Dados pessoais de conta, atividade (atividade_utilizadores), lances, saldos, histórico e ficheiros associados à conta (Supabase + Blobs).</li>
FRONTEND	TEXTO-UI	desafio-gut/frontend/src/pages/Seguranca.jsx	14	106	lance	{ label: "Argon2id (hash-wasm WASM)",       desc: "Gera prova de intenção off-chain imutável para cada lance. Impossível forjar retroativamente.", status: "ok" },
FRONTEND	TEXTO-UI	desafio-gut/frontend/src/pages/Seguranca.jsx	15	97	lance	{ label: "EIP-191 (Privy embedded wallet)", desc: "Assinatura criptográfica antes de enviar o lance. Confirma que a ação partiu do titular da carteira.", status: "ok" },
FRONTEND	TEXTO-UI	desafio-gut/frontend/src/pages/Seguranca.jsx	16	28	lances	{ label: "Rate Limit — 5 lances/min",       desc: "Token bucket client-side impede spam. Cooldown de 3 segundos entre lances consecutivos.", status: "ok" },
FRONTEND	TEXTO-UI	desafio-gut/frontend/src/pages/Seguranca.jsx	16	121	lances	{ label: "Rate Limit — 5 lances/min",       desc: "Token bucket client-side impede spam. Cooldown de 3 segundos entre lances consecutivos.", status: "ok" },
FRONTEND	COMENTARIO	desafio-gut/frontend/src/pages/Vitrine.jsx	8	53	leilão	// Esta rota COEXISTE com /mercado (página atual de leilão R-1 preservada).
FRONTEND	TEXTO-UI	desafio-gut/frontend/src/pages/Vitrine.jsx	231	58	Leilão	title={timer.display === timerTravado() ? "Leilão em breve" : "Tempo restante do leilão"}
FRONTEND	TEXTO-UI	desafio-gut/frontend/src/pages/Vitrine.jsx	231	96	leilão	title={timer.display === timerTravado() ? "Leilão em breve" : "Tempo restante do leilão"}
FRONTEND	TEXTO-UI	desafio-gut/frontend/src/pages/Vitrine.jsx	353	35	leilão	>{hrefOverride ? "Ir para o leilão →" : "Ver detalhes →"}</Link>
FRONTEND	IDENTIFICADOR	desafio-gut/frontend/src/pages/Vitrine.jsx	426	66	leilão	ainda não está ativo no contrato. O CTA abaixo leva ao leilão atual
FRONTEND	IDENTIFICADOR	desafio-gut/frontend/src/pages/Vitrine.jsx	427	50	leilões	em produção (Edição R-1) — quando os 4 leilões paralelos da spec
FRONTEND	TEXTO-UI	desafio-gut/frontend/src/pages/Vitrine.jsx	442	20	leilão	>Ir para o leilão atual (R-1) →</Link>
FRONTEND	TEXTO-UI	desafio-gut/frontend/src/pages/Vitrine.jsx	462	71	Leilão	return { texto: "● Programado 24h", cor: "#10b981", ariaLabel: "Leilão programado ativo agora" };
FRONTEND	TEXTO-UI	desafio-gut/frontend/src/pages/Vitrine.jsx	464	68	Leilão	return { texto: "● Ao vivo agora", cor: "#10b981", ariaLabel: "Leilão ativo agora" };
FRONTEND	TEXTO-UI	desafio-gut/frontend/src/pages/Vitrine.jsx	466	63	leilão	return { texto: "Agendado", cor: "#94a3b8", ariaLabel: "Sem leilão ativo no horário atual" };
FRONTEND	IDENTIFICADOR	desafio-gut/frontend/src/pages/Vitrine.jsx	724	51	lance	Vitrine em modo informativo · Pipeline de lance em <code style={{ color: "#f5a623" }}>/mercado</code> (Edição R-1, validada em produção).
FRONTEND	COMENTARIO	desafio-gut/frontend/src/PrivyRoot.jsx	237	49	lance	// sem prompt + assinatura EIP-191 do lance sem modal). Trade-off de UX
FRONTEND	COMENTARIO	desafio-gut/frontend/src/PrivyRoot.jsx	239	27	lance	// e o valor do lance é validado no backend (anti-sniping MC28).
FRONTEND	COMENTARIO	desafio-gut/frontend/src/utils/edicao.js	20	24	lance	// habilita/bloqueia o lance é o `encerrado` do AppContext e o contrato
FRONTEND	TEXTO-UI	desafio-gut/frontend/src/utils/edicao.js	54	34	lance	rotuloLongo: "Em andamento — lance já!",
FRONTEND	TEXTO-UI	desafio-gut/frontend/src/utils/edicao.js	61	19	Leilão	rotuloLongo: "Leilão encerrado",
FRONTEND	COMENTARIO	desafio-gut/frontend/src/utils/rateLimiter.js	5	16	lances	*  - Máximo 5 lances por janela de 60 segundos por carteira
FRONTEND	COMENTARIO	desafio-gut/frontend/src/utils/rateLimiter.js	6	36	lances	*  - Cooldown de 3 segundos entre lances consecutivos
FRONTEND	IDENTIFICADOR	desafio-gut/frontend/src/utils/rateLimiter.js	12	11	LANCES	const MAX_LANCES = 5;        // máximo por janela
FRONTEND	COMENTARIO	desafio-gut/frontend/src/utils/rateLimiter.js	13	48	lances	const COOLDOWN_MS = 3_000;   // cooldown entre lances
FRONTEND	COMENTARIO	desafio-gut/frontend/src/utils/rateLimiter.js	29	39	lance	* Verifica se o endereço pode dar um lance agora.
FRONTEND	TEXTO-UI	desafio-gut/frontend/src/utils/rateLimiter.js	42	54	lance	motivo: `Aguarde ${restante}s antes do próximo lance.`,
FRONTEND	IDENTIFICADOR	desafio-gut/frontend/src/utils/rateLimiter.js	46	27	LANCES	if (bucket.count >= MAX_LANCES) {
FRONTEND	TEXTO-UI	desafio-gut/frontend/src/utils/rateLimiter.js	50	32	LANCES	motivo: `Limite de ${MAX_LANCES} lances por minuto atingido. Aguarde ${restante}s.`,
FRONTEND	TEXTO-UI	desafio-gut/frontend/src/utils/rateLimiter.js	50	40	lances	motivo: `Limite de ${MAX_LANCES} lances por minuto atingido. Aguarde ${restante}s.`,
FRONTEND	COMENTARIO	desafio-gut/frontend/src/utils/rateLimiter.js	58	16	lance	* Registra um lance consumido para o endereço.
FRONTEND	COMENTARIO	desafio-gut/frontend/src/utils/sanitize.js	13	34	lance	* Valida e sanitiza um valor de lance em centavos.
FRONTEND	COMENTARIO	desafio-gut/frontend/src/utils/web3.js	82	26	lance	* Gera hash Argon2id do lance para fins de auditoria/log off-chain.
FRONTEND	TEXTO-UI	desafio-gut/frontend/src/utils/web3.js	105	34	Lance	"DESAFIOGUT — Confirmação de Lance",
FRONTEND	COMENTARIO	desafio-gut/frontend/src/utils/web3.js	192	15	lance	* Submete um lance on-chain chamando darLance(idEdicao, valorEmCentavos).
FRONTEND	COMENTARIO	desafio-gut/frontend/src/utils/web3.js	213	48	lances	* não está autenticado (qualquer visitante vê lances entrando em tempo real).
FRONTEND	COMENTARIO	desafio-gut/frontend/src/widgets/layout/AppLayout.jsx	20	36	leilão	// Ela existe para dar ambiente ao leilão; num ecrã de administração só baixa o
FRONTEND	STRING-TECNICA	desafio-gut/frontend/src/widgets/layout/BottomNav.jsx	23	32	Lances	{ path: "/mercado",  label: "Lances",   Icon: IconTarget,    end: false, ariaLabel: "Ir para Mercado de Lances" },
FRONTEND	TEXTO-UI	desafio-gut/frontend/src/widgets/layout/BottomNav.jsx	23	107	Lances	{ path: "/mercado",  label: "Lances",   Icon: IconTarget,    end: false, ariaLabel: "Ir para Mercado de Lances" },
FRONTEND	COMENTARIO	desafio-gut/frontend/src/widgets/layout/navModel.jsx	10	30	Lances	// rótulos curtos ("Início"/"Lances"/"Carteira") diferentes do desktop. Essa
FRONTEND	TEXTO-UI	desafio-gut/frontend/src/widgets/layout/Sidebar.jsx	28	48	Lances	{ path: "/mercado",       label: "Mercado de Lances", icon: <IconTarget />,    end: false },
FRONTEND	COMENTARIO	desafio-gut/frontend/src/widgets/layout/Sidebar.jsx	73	16	Leilão	// comuns de Leilão (Dashboard de leilão, carteira pessoal, mercado, vitrine,
FRONTEND	COMENTARIO	desafio-gut/frontend/src/widgets/layout/Sidebar.jsx	73	37	leilão	// comuns de Leilão (Dashboard de leilão, carteira pessoal, mercado, vitrine,
FRONTEND	TEXTO-UI	desafio-gut/frontend/index.html	7	29	Lance	<title>DesafioGUT — O Menor Lance Único Ganha</title>
FRONTEND	TEXTO-UI	desafio-gut/frontend/index.html	8	113	lance	<meta name="description" content="DesafioGUT · Grupo União e Trabalho — E-commerce via Dropshipping. Dê seu lance: o menor valor único vence. Grátis para se cadastrar. Vi
FRONTEND	TEXTO-UI	desafio-gut/frontend/index.html	9	61	Lance	<meta property="og:title" content="DesafioGUT — O Menor Lance Único Ganha" />
FRONTEND	TEXTO-UI	desafio-gut/frontend/index.html	10	53	lance	<meta property="og:description" content="Dê seu lance no DesafioGUT. Menor valor único ganha o produto. Grupo União e Trabalho · CNPJ 23.040.066/0001-00." />
FRONTEND	TEXTO-UI	desafio-gut/frontend/index.html	22	62	Lance	<meta name="twitter:title" content="DesafioGUT — O Menor Lance Único Ganha" />
FRONTEND	TEXTO-UI	desafio-gut/frontend/index.html	23	54	lance	<meta name="twitter:description" content="Dê seu lance no DesafioGUT. Menor valor único ganha o produto." />
BACKEND	COMENTARIO	desafio-gut/frontend/netlify/functions/auth-lance.mjs	1	34	lance	// POST /.netlify/functions/auth-lance
BACKEND	COMENTARIO	desafio-gut/frontend/netlify/functions/auth-lance.mjs	3	58	lance	// Resposta 200: { token, ttl }  — JWT { endereco, tipo:"lance-auth" } válido 10 min
BACKEND	COMENTARIO	desafio-gut/frontend/netlify/functions/auth-lance.mjs	6	36	lance	// Emite token de autorização para lance-relampago após verificar que o
BACKEND	IDENTIFICADOR	desafio-gut/frontend/netlify/functions/auth-lance.mjs	20	11	LANCE	const TTL_LANCE_AUTH = 10 * 60; // 10 min
BACKEND	STRING-TECNICA	desafio-gut/frontend/netlify/functions/auth-lance.mjs	35	48	lance	const rl = await aplicarRateLimit(req, "auth-lance", 10);
BACKEND	STRING-TECNICA	desafio-gut/frontend/netlify/functions/auth-lance.mjs	86	40	lance	await registrarFalhaJwt(req, "auth-lance");
BACKEND	STRING-TECNICA	desafio-gut/frontend/netlify/functions/auth-lance.mjs	91	40	lance	await registrarFalhaJwt(req, "auth-lance");
BACKEND	COMENTARIO	desafio-gut/frontend/netlify/functions/auth-lance.mjs	95	16	lance	// Emite JWT lance-auth
BACKEND	IDENTIFICADOR	desafio-gut/frontend/netlify/functions/auth-lance.mjs	98	50	LANCE	token = await assinarLanceAuth(endereco, TTL_LANCE_AUTH);
BACKEND	STRING-TECNICA	desafio-gut/frontend/netlify/functions/auth-lance.mjs	100	26	lance	console.error("[auth-lance] assinarLanceAuth falhou:", err?.message);
BACKEND	STRING-TECNICA	desafio-gut/frontend/netlify/functions/auth-lance.mjs	104	23	lance	console.info("[auth-lance] token emitido", { endereco });
BACKEND	IDENTIFICADOR	desafio-gut/frontend/netlify/functions/auth-lance.mjs	105	41	LANCE	return jsonResponse({ token, ttl: TTL_LANCE_AUTH });
BACKEND	COMENTARIO	desafio-gut/frontend/netlify/functions/auth-user.mjs	7	59	lance	// saldo-rs, renovacao-adesao, voucher). Idêntico ao auth-lance mas com:
BACKEND	COMENTARIO	desafio-gut/frontend/netlify/functions/auth-user.mjs	8	34	lance	//   - tipo "user-session" (não "lance-auth")
BACKEND	COMENTARIO	desafio-gut/frontend/netlify/functions/auth-user.mjs	9	37	lance	//   - TTL padrão 24h (vs 10 min de lance-auth)
BACKEND	STRING-TECNICA	desafio-gut/frontend/netlify/functions/backup-blobs.mjs	27	4	lance	"lance-idem",
BACKEND	COMENTARIO	desafio-gut/frontend/netlify/functions/banners.mjs	12	47	lance	//   - Modo Cliente (Authorization Bearer JWT lance-auth + premium flag):
BACKEND	COMENTARIO	desafio-gut/frontend/netlify/functions/banners.mjs	201	43	lance	//   2) Cliente (Authorization: Bearer <lance-auth JWT>).
BACKEND	TEXTO-UI	desafio-gut/frontend/netlify/functions/banners.mjs	210	107	lance	return jsonError(401, "auth_obrigatorio", "envie admin (Bearer admin-JWT) OU Authorization: Bearer <lance-auth>");
BACKEND	TEXTO-UI	desafio-gut/frontend/netlify/functions/banners.mjs	215	40	lance	return jsonError(401, code, "JWT lance-auth inválido ou expirado");
BACKEND	COMENTARIO	desafio-gut/frontend/netlify/functions/chatbot.mjs	79	52	leilão	// criação ("quero criar", "criar edição", "novo leilão", "nova edição").
BACKEND	IDENTIFICADOR	desafio-gut/frontend/netlify/functions/chatbot.mjs	83	76	leilao	criar_edicao_wizard: /\bwizard\b|\bsetup\b|assistente|passo a passo|novo leilao|quero criar|\b(cri[ae]r?|abr[ae]|abrir)\b.*\bedic(ao|oes)\b|nova edic(ao|oes)|criar.*guiad
BACKEND	IDENTIFICADOR	desafio-gut/frontend/netlify/functions/chatbot.mjs	91	31	lances	dados_mercado:   /volume de lances|cotas comerciais|relatorio de mercado|dados de mercado/,
BACKEND	IDENTIFICADOR	desafio-gut/frontend/netlify/functions/chatbot.mjs	93	85	leilao	simular_vencedor: /quem (ganha|ganharia|venceria|vence)|vencedor provisorio|se (o leilao )?terminasse agora|simul[ae]r?( o)? (resultado|vencedor)|apurar( agora)?/,
BACKEND	IDENTIFICADOR	desafio-gut/frontend/netlify/functions/chatbot.mjs	95	50	leilao	pulso_edicao: /\bpulso\b|como esta (a edicao|o leilao|indo)|metric[ao]s|relatorio de (pulso|desempenho)|desempenho da edicao/,
BACKEND	COMENTARIO	desafio-gut/frontend/netlify/functions/chatbot.mjs	1033	68	lance	// MC15.6 ITEM 5 — simular_vencedor (admin + corporativo). Menor lance único.
BACKEND	IDENTIFICADOR	desafio-gut/frontend/netlify/functions/chatbot.mjs	1117	11	licitantesUnicos	licitantesUnicos: m.licitantesUnicos,
BACKEND	IDENTIFICADOR	desafio-gut/frontend/netlify/functions/chatbot.mjs	1117	31	licitantesUnicos	licitantesUnicos: m.licitantesUnicos,
BACKEND	COMENTARIO	desafio-gut/frontend/netlify/functions/chatbot.mjs	1376	42	leilão	// MC29.1 — modo de conformidade: se o leilão não está ativo na plataforma do
BACKEND	COMENTARIO	desafio-gut/frontend/netlify/functions/chatbot.mjs	1378	6	leilão	// leilão está na versão Web. Fail-soft: erro de leitura → leilão ativo (PWA),
BACKEND	COMENTARIO	desafio-gut/frontend/netlify/functions/chatbot.mjs	1378	62	leilão	// leilão está na versão Web. Fail-soft: erro de leitura → leilão ativo (PWA),
BACKEND	STRING-TECNICA	desafio-gut/frontend/netlify/functions/chatbot.mjs	1386	73	leilão	console.warn("[chatbot] resolução de plataforma falhou (fail-soft → leilão ativo):", err?.message);
BACKEND	COMENTARIO	desafio-gut/frontend/netlify/functions/comprar-senhas.mjs	2	67	lance	// Header: Authorization: Bearer <token>  — JWT { endereco, tipo:"lance-auth" } emitido por /auth-lance
BACKEND	COMENTARIO	desafio-gut/frontend/netlify/functions/comprar-senhas.mjs	2	99	lance	// Header: Authorization: Bearer <token>  — JWT { endereco, tipo:"lance-auth" } emitido por /auth-lance
BACKEND	COMENTARIO	desafio-gut/frontend/netlify/functions/comprar-senhas.mjs	13	22	lance	//   1) Verifica JWT lance-auth (mesmo mecanismo do lance-relampago).
BACKEND	COMENTARIO	desafio-gut/frontend/netlify/functions/comprar-senhas.mjs	13	53	lance	//   1) Verifica JWT lance-auth (mesmo mecanismo do lance-relampago).
BACKEND	COMENTARIO	desafio-gut/frontend/netlify/functions/comprar-senhas.mjs	127	32	lance	// ── 1. Auth: verificar JWT lance-auth ─────────────────────────────────────
BACKEND	TEXTO-UI	desafio-gut/frontend/netlify/functions/comprar-senhas.mjs	131	112	lance	return jsonError(401, "token_ausente", "Authorization: Bearer <token> obrigatório — obtenha via POST /auth-lance");
BACKEND	TEXTO-UI	desafio-gut/frontend/netlify/functions/comprar-senhas.mjs	138	91	lance	return jsonError(401, code, "token inválido ou expirado — obtenha novo via POST /auth-lance");
BACKEND	COMENTARIO	desafio-gut/frontend/netlify/functions/comprar-senhas.mjs	173	56	lance	//   PIX). A posse da carteira já é provada pelo JWT lance-auth (passo 1); o MFA
BACKEND	COMENTARIO	desafio-gut/frontend/netlify/functions/consolidar-lances.mjs	1	40	lances	// POST /.netlify/functions/consolidar-lances   — APENAS coordenação/admin.
BACKEND	COMENTARIO	desafio-gut/frontend/netlify/functions/consolidar-lances.mjs	4	35	leilão	// MC28.1 SEGMENTO 4. Consolida o leilão no fecho:
BACKEND	COMENTARIO	desafio-gut/frontend/netlify/functions/consolidar-lances.mjs	5	21	lances	//   1) lê TODOS os lances (Key-Per-Bid) com paginação + paralelismo (SEGMENTO 5);
BACKEND	COMENTARIO	desafio-gut/frontend/netlify/functions/consolidar-lances.mjs	5	37	Bid	//   1) lê TODOS os lances (Key-Per-Bid) com paginação + paralelismo (SEGMENTO 5);
BACKEND	COMENTARIO	desafio-gut/frontend/netlify/functions/consolidar-lances.mjs	6	23	lance	//   2) apura o menor lance único OFF-CHAIN (Artigo VIII) — custo on-chain O(1);
BACKEND	STRING-TECNICA	desafio-gut/frontend/netlify/functions/consolidar-lances.mjs	16	60	bids	import { marcarConsolidado, estaConsolidado } from "./_lib/bids-store.mjs";
BACKEND	IDENTIFICADOR	desafio-gut/frontend/netlify/functions/consolidar-lances.mjs	30	34	lances	export function apurarMenorUnico(lances) {
BACKEND	IDENTIFICADOR	desafio-gut/frontend/netlify/functions/consolidar-lances.mjs	32	19	lances	for (const l of lances) cont.set(l.valorCentavos, (cont.get(l.valorCentavos) || 0) + 1);
BACKEND	IDENTIFICADOR	desafio-gut/frontend/netlify/functions/consolidar-lances.mjs	34	19	lances	for (const l of lances) {
BACKEND	COMENTARIO	desafio-gut/frontend/netlify/functions/consolidar-lances.mjs	74	22	lance	// 5. Apurar menor lance único OFF-CHAIN — leitura via fachada data-store
BACKEND	IDENTIFICADOR	desafio-gut/frontend/netlify/functions/consolidar-lances.mjs	76	9	lances	const lances  = await getLances(edicaoId);
BACKEND	IDENTIFICADOR	desafio-gut/frontend/netlify/functions/consolidar-lances.mjs	77	36	lances	const apurado = apurarMenorUnico(lances);
BACKEND	TEXTO-UI	desafio-gut/frontend/netlify/functions/consolidar-lances.mjs	78	63	lance	if (!apurado) return jsonError(422, "sem_vencedor", "nenhum lance único nesta edição");
BACKEND	COMENTARIO	desafio-gut/frontend/netlify/functions/consolidar-lances.mjs	92	60	leilão	// 7. EIP-712 (recibo de auditoria off-chain) — nonce do leilão (anti-replay)
BACKEND	IDENTIFICADOR	desafio-gut/frontend/netlify/functions/consolidar-lances.mjs	131	74	lances	txHash: receipt.hash, blockNumber: receipt.blockNumber, totalLances: lances.length,
BACKEND	COMENTARIO	desafio-gut/frontend/netlify/functions/cron-reset-programado.mjs	8	31	lances	//   1. Lê snapshot atual dos lances do blob (programado, edicaoId padrão).
BACKEND	COMENTARIO	desafio-gut/frontend/netlify/functions/cron-reset-programado.mjs	9	22	lance	//   2. Apura "menor lance único" off-chain a partir do snapshot.
BACKEND	COMENTARIO	desafio-gut/frontend/netlify/functions/cron-reset-programado.mjs	12	25	lances	//   5. Limpa o blob de lances do programado (lances-programado:{edicaoId})
BACKEND	COMENTARIO	desafio-gut/frontend/netlify/functions/cron-reset-programado.mjs	12	47	lances	//   5. Limpa o blob de lances do programado (lances-programado:{edicaoId})
BACKEND	COMENTARIO	desafio-gut/frontend/netlify/functions/cron-reset-programado.mjs	13	27	lances	//      OU dispara `purge-lances` para zerar o estado off-chain. Aqui usamos
BACKEND	IDENTIFICADOR	desafio-gut/frontend/netlify/functions/cron-reset-programado.mjs	32	12	LANCES	const BLOB_LANCES_PROGRAMADO = "lances-programado";
BACKEND	STRING-TECNICA	desafio-gut/frontend/netlify/functions/cron-reset-programado.mjs	32	33	lances	const BLOB_LANCES_PROGRAMADO = "lances-programado";
BACKEND	IDENTIFICADOR	desafio-gut/frontend/netlify/functions/cron-reset-programado.mjs	52	32	lances	function apurarMenorLanceUnico(lances) {
BACKEND	IDENTIFICADOR	desafio-gut/frontend/netlify/functions/cron-reset-programado.mjs	54	22	lances	if (!Array.isArray(lances) || lances.length === 0) return null;
BACKEND	IDENTIFICADOR	desafio-gut/frontend/netlify/functions/cron-reset-programado.mjs	54	33	lances	if (!Array.isArray(lances) || lances.length === 0) return null;
BACKEND	IDENTIFICADOR	desafio-gut/frontend/netlify/functions/cron-reset-programado.mjs	56	19	lances	for (const l of lances) {
BACKEND	IDENTIFICADOR	desafio-gut/frontend/netlify/functions/cron-reset-programado.mjs	67	25	lances	const lanceVencedor = lances.find((l) => Number(l?.valorCentavos ?? l?.valor) === menor);
BACKEND	COMENTARIO	desafio-gut/frontend/netlify/functions/cron-reset-programado.mjs	91	26	lances	// 1. Ler snapshot dos lances do programado.
BACKEND	IDENTIFICADOR	desafio-gut/frontend/netlify/functions/cron-reset-programado.mjs	92	39	LANCES	const storeLances = abrirStore(BLOB_LANCES_PROGRAMADO);
BACKEND	IDENTIFICADOR	desafio-gut/frontend/netlify/functions/cron-reset-programado.mjs	93	20	lances	let snapshot = { lances: [] };
BACKEND	STRING-TECNICA	desafio-gut/frontend/netlify/functions/cron-reset-programado.mjs	99	42	lances	console.warn("[cron-reset] leitura lances-programado falhou:", err?.message);
BACKEND	IDENTIFICADOR	desafio-gut/frontend/netlify/functions/cron-reset-programado.mjs	104	51	lances	const vencedor = apurarMenorLanceUnico(snapshot.lances || []);
BACKEND	IDENTIFICADOR	desafio-gut/frontend/netlify/functions/cron-reset-programado.mjs	110	27	lances	qtdLances: snapshot.lances?.length || 0,
BACKEND	TEXTO-UI	desafio-gut/frontend/netlify/functions/cron-reset-programado.mjs	112	69	lances	acoes: ["persistir resultado", "marcar reset do dia", "limpar lances"],
BACKEND	IDENTIFICADOR	desafio-gut/frontend/netlify/functions/cron-reset-programado.mjs	121	29	lances	qtdLances:     snapshot.lances?.length || 0,
BACKEND	IDENTIFICADOR	desafio-gut/frontend/netlify/functions/cron-reset-programado.mjs	123	29	lances	snapshot:      snapshot.lances || [],
BACKEND	COMENTARIO	desafio-gut/frontend/netlify/functions/cron-reset-programado.mjs	145	16	lances	// 5. Limpar lances do programado (deixa flash intacto).
BACKEND	STRING-TECNICA	desafio-gut/frontend/netlify/functions/cron-reset-programado.mjs	148	53	lances	catch (err) { console.warn("[cron-reset] limpar lances falhou:", err?.message); }
BACKEND	COMENTARIO	desafio-gut/frontend/netlify/functions/edicoes.mjs	1	63	leilão	// /.netlify/functions/edicoes — MC15.4 (múltiplas edições de leilão).
BACKEND	COMENTARIO	desafio-gut/frontend/netlify/functions/edicoes.mjs	5	74	lances	//   Resposta 200: { edicoes: { "<id>": { id, tipo, produto, termino_em, lances, status } } }
BACKEND	COMENTARIO	desafio-gut/frontend/netlify/functions/exportar-dados.mjs	12	39	lance	// consent-log (entradas do address), lance-idem (idem) e pedidos (idem).
BACKEND	IDENTIFICADOR	desafio-gut/frontend/netlify/functions/exportar-dados.mjs	138	9	lance	dados.lance_idem  = await coletarPorValor("lance-idem", endereco);
BACKEND	STRING-TECNICA	desafio-gut/frontend/netlify/functions/exportar-dados.mjs	138	46	lance	dados.lance_idem  = await coletarPorValor("lance-idem", endereco);
BACKEND	COMENTARIO	desafio-gut/frontend/netlify/functions/lance-relampago.mjs	1	29	lance	// POST /.netlify/functions/lance-relampago
BACKEND	COMENTARIO	desafio-gut/frontend/netlify/functions/lance-relampago.mjs	2	67	lance	// Header: Authorization: Bearer <token>  — JWT { endereco, tipo:"lance-auth" } emitido por /auth-lance
BACKEND	COMENTARIO	desafio-gut/frontend/netlify/functions/lance-relampago.mjs	2	99	lance	// Header: Authorization: Bearer <token>  — JWT { endereco, tipo:"lance-auth" } emitido por /auth-lance
BACKEND	COMENTARIO	desafio-gut/frontend/netlify/functions/lance-relampago.mjs	5	49	lance	// Resposta 200: { ..., idempotent: true }    — lance já processado (idempotência)
BACKEND	COMENTARIO	desafio-gut/frontend/netlify/functions/lance-relampago.mjs	6	50	lance	// Resposta 201: { ok, lanceId, ... }          — lance novo criado
BACKEND	IDENTIFICADOR	desafio-gut/frontend/netlify/functions/lance-relampago.mjs	32	7	LANCE	const LANCE_MIN_CENTAVOS = 1;
BACKEND	IDENTIFICADOR	desafio-gut/frontend/netlify/functions/lance-relampago.mjs	33	7	LANCE	const LANCE_MAX_CENTAVOS = 999999;
BACKEND	IDENTIFICADOR	desafio-gut/frontend/netlify/functions/lance-relampago.mjs	35	12	LANCES	const BLOB_LANCES        = "lances-relampago";
BACKEND	STRING-TECNICA	desafio-gut/frontend/netlify/functions/lance-relampago.mjs	35	29	lances	const BLOB_LANCES        = "lances-relampago";
BACKEND	STRING-TECNICA	desafio-gut/frontend/netlify/functions/lance-relampago.mjs	36	29	lance	const BLOB_IDEM          = "lance-idem";
BACKEND	STRING-TECNICA	desafio-gut/frontend/netlify/functions/lance-relampago.mjs	41	20	lance	console.warn(`[lance-relampago] Blobs ${name} indisponível:`, err?.message);
BACKEND	IDENTIFICADOR	desafio-gut/frontend/netlify/functions/lance-relampago.mjs	49	11	LANCE	if (n < LANCE_MIN_CENTAVOS || n > LANCE_MAX_CENTAVOS) {
BACKEND	IDENTIFICADOR	desafio-gut/frontend/netlify/functions/lance-relampago.mjs	49	37	LANCE	if (n < LANCE_MIN_CENTAVOS || n > LANCE_MAX_CENTAVOS) {
BACKEND	TEXTO-UI	desafio-gut/frontend/netlify/functions/lance-relampago.mjs	50	89	LANCE	throw new ValidationError("valor_fora_do_limite", `valorCentavos deve estar entre ${LANCE_MIN_CENTAVOS} e ${LANCE_MAX_CENTAVOS}`);
BACKEND	TEXTO-UI	desafio-gut/frontend/netlify/functions/lance-relampago.mjs	50	113	LANCE	throw new ValidationError("valor_fora_do_limite", `valorCentavos deve estar entre ${LANCE_MIN_CENTAVOS} e ${LANCE_MAX_CENTAVOS}`);
BACKEND	STRING-TECNICA	desafio-gut/frontend/netlify/functions/lance-relampago.mjs	67	43	lance	const rl = await aplicarRateLimit(req, "lance-relampago", 5);
BACKEND	COMENTARIO	desafio-gut/frontend/netlify/functions/lance-relampago.mjs	71	63	lances	// Se o sistema está em modo pânico (/panic), rejeita novos lances com 503.
BACKEND	COMENTARIO	desafio-gut/frontend/netlify/functions/lance-relampago.mjs	77	32	lance	// ── 1. Auth: verificar JWT lance-auth ─────────────────────────────────────
BACKEND	TEXTO-UI	desafio-gut/frontend/netlify/functions/lance-relampago.mjs	81	112	lance	return jsonError(401, "token_ausente", "Authorization: Bearer <token> obrigatório — obtenha via POST /auth-lance");
BACKEND	TEXTO-UI	desafio-gut/frontend/netlify/functions/lance-relampago.mjs	88	91	lance	return jsonError(401, code, "token inválido ou expirado — obtenha novo via POST /auth-lance");
BACKEND	STRING-TECNICA	desafio-gut/frontend/netlify/functions/lance-relampago.mjs	92	49	lance	const mfaBlock = requireMfa(req, jwtPayload, "lance-relampago");
BACKEND	COMENTARIO	desafio-gut/frontend/netlify/functions/lance-relampago.mjs	120	25	Lance	// ── 4.5. MC49.3.1 — Lance relâmpago liberado para QUALQUER carteira autenticada
BACKEND	COMENTARIO	desafio-gut/frontend/netlify/functions/lance-relampago.mjs	124	8	lance	//   lance-auth (passo 1); o MFA gate (passo 1.5), o anti-IDOR (passo 4) e a
BACKEND	STRING-TECNICA	desafio-gut/frontend/netlify/functions/lance-relampago.mjs	139	18	lance	console.info("[lance-relampago] início", {
BACKEND	COMENTARIO	desafio-gut/frontend/netlify/functions/lance-relampago.mjs	141	54	lance	role, // MC49.3.1 — auditoria: papel do autor do lance (não bloqueia; ver passo 4.5)
BACKEND	STRING-TECNICA	desafio-gut/frontend/netlify/functions/lance-relampago.mjs	151	26	lance	console.info("[lance-relampago] idempotent hit", { endereco, idempotencyKey });
BACKEND	STRING-TECNICA	desafio-gut/frontend/netlify/functions/lance-relampago.mjs	155	24	lance	console.warn("[lance-relampago] leitura lance-idem falhou (não-fatal):", err?.message);
BACKEND	STRING-TECNICA	desafio-gut/frontend/netlify/functions/lance-relampago.mjs	155	49	lance	console.warn("[lance-relampago] leitura lance-idem falhou (não-fatal):", err?.message);
BACKEND	STRING-TECNICA	desafio-gut/frontend/netlify/functions/lance-relampago.mjs	169	20	lance	console.warn("[lance-relampago] buscarEdicao falhou — tratando como relampago:", err?.message);
BACKEND	STRING-TECNICA	desafio-gut/frontend/netlify/functions/lance-relampago.mjs	181	23	lance	console.error("[lance-relampago:programado] lerSaldoSenhas falhou:", err?.message);
BACKEND	STRING-TECNICA	desafio-gut/frontend/netlify/functions/lance-relampago.mjs	211	71	lance	debito = await debitarSaldoRs({ endereco, valorCentavos, motivo: `lance-${edicaoId}` });
BACKEND	COMENTARIO	desafio-gut/frontend/netlify/functions/lance-relampago.mjs	228	22	lance	// ── 7. Persistir lance ─────────────────────────────────────────────────────
BACKEND	COMENTARIO	desafio-gut/frontend/netlify/functions/lance-relampago.mjs	232	52	Bid	// ── MAINNET: Compromisso Cego (A2) + Key-Per-Bid ─────────────────────────
BACKEND	COMENTARIO	desafio-gut/frontend/netlify/functions/lance-relampago.mjs	234	17	lance	// Blob por-lance, isolado e imutável (sem race; G-3 resolvido).
BACKEND	COMENTARIO	desafio-gut/frontend/netlify/functions/lance-relampago.mjs	242	47	Bid	// 7b. Valor real → data-store (Key-Per-Bid). Via a fachada (MC32.1): com
BACKEND	COMENTARIO	desafio-gut/frontend/netlify/functions/lance-relampago.mjs	247	49	lance	// Em mainnet a falha é FATAL: não gravar lance sem o commitment correspondente.
BACKEND	STRING-TECNICA	desafio-gut/frontend/netlify/functions/lance-relampago.mjs	248	23	lance	console.error("[lance-relampago] blindagem (commit/KPB) falhou:", err?.message);
BACKEND	TEXTO-UI	desafio-gut/frontend/netlify/functions/lance-relampago.mjs	249	78	lance	return jsonError(502, "blindagem_falhou", "não foi possível registar o lance blindado");
BACKEND	IDENTIFICADOR	desafio-gut/frontend/netlify/functions/lance-relampago.mjs	253	35	LANCES	const store = abrirStore(BLOB_LANCES);
BACKEND	IDENTIFICADOR	desafio-gut/frontend/netlify/functions/lance-relampago.mjs	256	78	lances	const existente = (await store.get(edicaoId, { type: "json" })) || { lances: [] };
BACKEND	IDENTIFICADOR	desafio-gut/frontend/netlify/functions/lance-relampago.mjs	257	19	lances	existente.lances.push(registro);
BACKEND	COMENTARIO	desafio-gut/frontend/netlify/functions/lance-relampago.mjs	260	84	lance	// ── MC15.7 ITEM 1 — notificações de unicidade (fail-soft; nunca quebra o lance)
BACKEND	IDENTIFICADOR	desafio-gut/frontend/netlify/functions/lance-relampago.mjs	263	13	lances	lances: existente.lances, valorCentavos, edicaoId, autorEndereco: endereco,
BACKEND	IDENTIFICADOR	desafio-gut/frontend/netlify/functions/lance-relampago.mjs	263	31	lances	lances: existente.lances, valorCentavos, edicaoId, autorEndereco: endereco,
BACKEND	STRING-TECNICA	desafio-gut/frontend/netlify/functions/lance-relampago.mjs	266	26	lance	console.warn("[lance-relampago] notificação de unicidade falhou (não-fatal):", err?.message);
BACKEND	COMENTARIO	desafio-gut/frontend/netlify/functions/lance-relampago.mjs	271	59	lance	// tornando a recompensa imediata (sem exigir 1.º lance). O gancho do 1.º lance
BACKEND	COMENTARIO	desafio-gut/frontend/netlify/functions/lance-relampago.mjs	271	83	lance	// tornando a recompensa imediata (sem exigir 1.º lance). O gancho do 1.º lance
BACKEND	STRING-TECNICA	desafio-gut/frontend/netlify/functions/lance-relampago.mjs	275	24	lance	console.warn("[lance-relampago] persistir lance falhou (não-fatal):", err?.message);
BACKEND	STRING-TECNICA	desafio-gut/frontend/netlify/functions/lance-relampago.mjs	275	51	lance	console.warn("[lance-relampago] persistir lance falhou (não-fatal):", err?.message);
BACKEND	STRING-TECNICA	desafio-gut/frontend/netlify/functions/lance-relampago.mjs	294	24	lance	console.warn("[lance-relampago] persistir lance-idem falhou (não-fatal):", err?.message);
BACKEND	STRING-TECNICA	desafio-gut/frontend/netlify/functions/lance-relampago.mjs	294	51	lance	console.warn("[lance-relampago] persistir lance-idem falhou (não-fatal):", err?.message);
BACKEND	STRING-TECNICA	desafio-gut/frontend/netlify/functions/lance-relampago.mjs	299	18	lance	console.info("[lance-relampago] concluído", {
BACKEND	COMENTARIO	desafio-gut/frontend/netlify/functions/lances-flash.mjs	1	28	lances	// GET /.netlify/functions/lances-flash?edicaoId=R-1
BACKEND	COMENTARIO	desafio-gut/frontend/netlify/functions/lances-flash.mjs	2	21	lances	// Retorna array de lances flash do blob lances-relampago:{edicaoId}.
BACKEND	COMENTARIO	desafio-gut/frontend/netlify/functions/lances-flash.mjs	2	42	lances	// Retorna array de lances flash do blob lances-relampago:{edicaoId}.
BACKEND	IDENTIFICADOR	desafio-gut/frontend/netlify/functions/lances-flash.mjs	10	12	LANCES	const BLOB_LANCES   = "lances-relampago";
BACKEND	STRING-TECNICA	desafio-gut/frontend/netlify/functions/lances-flash.mjs	10	24	lances	const BLOB_LANCES   = "lances-relampago";
BACKEND	STRING-TECNICA	desafio-gut/frontend/netlify/functions/lances-flash.mjs	16	20	lances	console.warn(`[lances-flash] Blobs ${name} indisponível:`, err?.message);
BACKEND	COMENTARIO	desafio-gut/frontend/netlify/functions/lances-flash.mjs	38	64	leilão	// MC28.1 R9: em mainnet a unicidade fica oculta durante o leilão (anti-bot).
BACKEND	TEXTO-UI	desafio-gut/frontend/netlify/functions/lances-flash.mjs	41	59	leilão	"verificação de unicidade fica blindada durante o leilão na mainnet");
BACKEND	IDENTIFICADOR	desafio-gut/frontend/netlify/functions/lances-flash.mjs	52	35	LANCES	const store = abrirStore(BLOB_LANCES);
BACKEND	IDENTIFICADOR	desafio-gut/frontend/netlify/functions/lances-flash.mjs	58	25	lances	rawLances = blob?.lances ?? [];
BACKEND	STRING-TECNICA	desafio-gut/frontend/netlify/functions/lances-flash.mjs	60	22	lances	console.warn("[lances-flash] verificar blob falhou:", err?.message);
BACKEND	IDENTIFICADOR	desafio-gut/frontend/netlify/functions/lances-flash.mjs	68	33	LANCES	const store = abrirStore(BLOB_LANCES);
BACKEND	IDENTIFICADOR	desafio-gut/frontend/netlify/functions/lances-flash.mjs	70	37	lances	return jsonResponse({ edicaoId, lances: [] });
BACKEND	IDENTIFICADOR	desafio-gut/frontend/netlify/functions/lances-flash.mjs	76	24	lances	rawLances  = blob?.lances ?? [];
BACKEND	STRING-TECNICA	desafio-gut/frontend/netlify/functions/lances-flash.mjs	78	20	lances	console.warn("[lances-flash] leitura blob falhou:", err?.message);
BACKEND	IDENTIFICADOR	desafio-gut/frontend/netlify/functions/lances-flash.mjs	79	37	lances	return jsonResponse({ edicaoId, lances: [] });
BACKEND	IDENTIFICADOR	desafio-gut/frontend/netlify/functions/lances-flash.mjs	87	11	lances	const lances = rawLances.map((l) => ({
BACKEND	COMENTARIO	desafio-gut/frontend/netlify/functions/lances-flash.mjs	90	76	leilão	valor:          null,            // blindado — não revelar durante o leilão
BACKEND	IDENTIFICADOR	desafio-gut/frontend/netlify/functions/lances-flash.mjs	97	64	lances	return jsonResponse({ edicaoId, ocultoAteConsolidar: true, lances });
BACKEND	IDENTIFICADOR	desafio-gut/frontend/netlify/functions/lances-flash.mjs	106	9	lances	const lances = rawLances.map((l) => ({
BACKEND	IDENTIFICADOR	desafio-gut/frontend/netlify/functions/lances-flash.mjs	115	35	lances	return jsonResponse({ edicaoId, lances });
BACKEND	COMENTARIO	desafio-gut/frontend/netlify/functions/monitor-onchain.mjs	12	32	lances	//   3. Anomalia 1 (burst): >5 lances do mesmo `lancador` na janela →
BACKEND	COMENTARIO	desafio-gut/frontend/netlify/functions/monitor-onchain.mjs	43	39	lances	const LIMIAR_BURST        = 5;     // lances/lancador na janela
BACKEND	IDENTIFICADOR	desafio-gut/frontend/netlify/functions/monitor-onchain.mjs	61	25	lances	for (const [lancador, lances] of por) {
BACKEND	IDENTIFICADOR	desafio-gut/frontend/netlify/functions/monitor-onchain.mjs	62	9	lances	if (lances.length > LIMIAR_BURST) {
BACKEND	IDENTIFICADOR	desafio-gut/frontend/netlify/functions/monitor-onchain.mjs	63	38	lances	bursts.push({ lancador, count: lances.length, txHashes: lances.map((l) => l.txHash) });
BACKEND	IDENTIFICADOR	desafio-gut/frontend/netlify/functions/monitor-onchain.mjs	63	63	lances	bursts.push({ lancador, count: lances.length, txHashes: lances.map((l) => l.txHash) });
BACKEND	COMENTARIO	desafio-gut/frontend/netlify/functions/notificacoes.mjs	11	8	lance	//   - lance_invalido    : reservado (sem fonte de dados própria — emitido vazio).
BACKEND	TEXTO-UI	desafio-gut/frontend/netlify/functions/notificacoes.mjs	109	45	lances	mensagem: "Sistema em modo pânico — lances bloqueados.",
BACKEND	COMENTARIO	desafio-gut/frontend/netlify/functions/produtos.mjs	1	37	Leilão	// Produtos — Marketplace Local com Leilão de Menor Lance Único (MC15).
BACKEND	COMENTARIO	desafio-gut/frontend/netlify/functions/produtos.mjs	1	53	Lance	// Produtos — Marketplace Local com Leilão de Menor Lance Único (MC15).
BACKEND	COMENTARIO	desafio-gut/frontend/netlify/functions/purge-lances.mjs	1	35	lances	// POST /.netlify/functions/purge-lances
BACKEND	COMENTARIO	desafio-gut/frontend/netlify/functions/purge-lances.mjs	3	19	lances	// Deleta a chave lances-relampago:{edicaoId} no Netlify Blobs e remove
BACKEND	COMENTARIO	desafio-gut/frontend/netlify/functions/purge-lances.mjs	4	29	lance	// entradas relacionadas em lance-idem (cujo valor referencia o mesmo edicaoId).
BACKEND	IDENTIFICADOR	desafio-gut/frontend/netlify/functions/purge-lances.mjs	13	12	LANCES	const BLOB_LANCES   = "lances-relampago";
BACKEND	STRING-TECNICA	desafio-gut/frontend/netlify/functions/purge-lances.mjs	13	24	lances	const BLOB_LANCES   = "lances-relampago";
BACKEND	STRING-TECNICA	desafio-gut/frontend/netlify/functions/purge-lances.mjs	14	24	lance	const BLOB_IDEM     = "lance-idem";
BACKEND	STRING-TECNICA	desafio-gut/frontend/netlify/functions/purge-lances.mjs	20	26	lances	console.warn(`[purge-lances] Blobs ${name} indisponível:`, err?.message);
BACKEND	COMENTARIO	desafio-gut/frontend/netlify/functions/purge-lances.mjs	37	66	lances	// Endpoint destrutivo: sem este guard qualquer um apagaria os lances da edição ativa.
BACKEND	IDENTIFICADOR	desafio-gut/frontend/netlify/functions/purge-lances.mjs	52	39	LANCES	const storeLances = abrirStore(BLOB_LANCES);
BACKEND	STRING-TECNICA	desafio-gut/frontend/netlify/functions/purge-lances.mjs	61	28	lances	console.warn("[purge-lances] delete lances falhou:", err?.message);
BACKEND	STRING-TECNICA	desafio-gut/frontend/netlify/functions/purge-lances.mjs	61	43	lances	console.warn("[purge-lances] delete lances falhou:", err?.message);
BACKEND	STRING-TECNICA	desafio-gut/frontend/netlify/functions/purge-lances.mjs	77	32	lances	console.warn(`[purge-lances] inspeção idem ${key} falhou:`, err?.message);
BACKEND	STRING-TECNICA	desafio-gut/frontend/netlify/functions/purge-lances.mjs	81	28	lances	console.warn("[purge-lances] list lance-idem falhou:", err?.message);
BACKEND	STRING-TECNICA	desafio-gut/frontend/netlify/functions/purge-lances.mjs	81	41	lance	console.warn("[purge-lances] list lance-idem falhou:", err?.message);
BACKEND	STRING-TECNICA	desafio-gut/frontend/netlify/functions/purge-lances.mjs	85	24	lances	console.info("[purge-lances] concluído", resultado);
BACKEND	STRING-TECNICA	desafio-gut/frontend/netlify/functions/purge-logs.mjs	29	4	lance	"lance-idem":       { dias: 13 * 30, tsKey: "criadoEm" },
BACKEND	COMENTARIO	desafio-gut/frontend/netlify/functions/recursos-app.mjs	8	44	leilão	// leitura → valores DEFAULT (PWA mantém o leilão ativo).
BACKEND	COMENTARIO	desafio-gut/frontend/netlify/functions/referral.mjs	132	66	lance	// MC17.4.1 — recompensa IMEDIATA no registo (antes: só no 1.º lance).
BACKEND	COMENTARIO	desafio-gut/frontend/netlify/functions/saldo-rs.mjs	6	53	lance	// pelas functions (PIX confirmado, comprar-senhas, lance-relampago).
BACKEND	COMENTARIO	desafio-gut/frontend/netlify/functions/saldo-senhas.mjs	4	42	lances	//                  (ledger off-chain de lances programados)
BACKEND	COMENTARIO	desafio-gut/frontend/netlify/functions/saldo-senhas.mjs	9	49	lance	// padrão do saldo-rs. O ledger só é mutado por lance-relampago (modo
BACKEND	COMENTARIO	desafio-gut/frontend/netlify/functions/saldo-senhas.mjs	63	27	lances	// Ledger de consumo em lances programados (fail-soft: sem ledger, efetivo =
BACKEND	COMENTARIO	desafio-gut/frontend/netlify/functions/troco.mjs	7	17	lance	//       Bearer lance-auth (igual /comprar-senhas). Consome FIFO off-chain e credita
BACKEND	TEXTO-UI	desafio-gut/frontend/netlify/functions/troco.mjs	52	82	lance	if (!authToken) return jsonError(401, "token_ausente", "Authorization: Bearer <lance-auth> obrigatório — obtenha via POST /auth-lance");
BACKEND	TEXTO-UI	desafio-gut/frontend/netlify/functions/troco.mjs	52	131	lance	if (!authToken) return jsonError(401, "token_ausente", "Authorization: Bearer <lance-auth> obrigatório — obtenha via POST /auth-lance");
BACKEND	TEXTO-UI	desafio-gut/frontend/netlify/functions/troco.mjs	57	91	lance	return jsonError(401, code, "token inválido ou expirado — obtenha novo via POST /auth-lance");
BACKEND	COMENTARIO	desafio-gut/frontend/netlify/functions/voucher.mjs	15	44	lance	//     headers: Authorization: Bearer <JWT lance-auth>
BACKEND	COMENTARIO	desafio-gut/frontend/netlify/functions/voucher.mjs	29	26	lance	//   - Resgate exige JWT lance-auth para garantir que o endereco_resgatador
BACKEND	COMENTARIO	desafio-gut/frontend/netlify/functions/voucher.mjs	30	51	lance	//     pertence a quem chamou — mesmo critério do lance-relampago.
BACKEND	STRING-TECNICA	desafio-gut/frontend/netlify/functions/_lib/admin-metricas.mjs	163	14	lances	sb.from("lances").select("endereco"),
BACKEND	IDENTIFICADOR	desafio-gut/frontend/netlify/functions/_lib/admin-metricas.mjs	182	9	lances	const lances   = dados(rLances,   "lances");
BACKEND	STRING-TECNICA	desafio-gut/frontend/netlify/functions/_lib/admin-metricas.mjs	182	38	lances	const lances   = dados(rLances,   "lances");
BACKEND	IDENTIFICADOR	desafio-gut/frontend/netlify/functions/_lib/admin-metricas.mjs	190	37	lances	if (cotas || saldo || creditos || lances) {
BACKEND	IDENTIFICADOR	desafio-gut/frontend/netlify/functions/_lib/admin-metricas.mjs	204	7	lances	lances:   lances   ? conta(lances,   (l) => l.endereco)             : null,
BACKEND	IDENTIFICADOR	desafio-gut/frontend/netlify/functions/_lib/admin-metricas.mjs	204	17	lances	lances:   lances   ? conta(lances,   (l) => l.endereco)             : null,
BACKEND	IDENTIFICADOR	desafio-gut/frontend/netlify/functions/_lib/admin-metricas.mjs	204	34	lances	lances:   lances   ? conta(lances,   (l) => l.endereco)             : null,
BACKEND	COMENTARIO	desafio-gut/frontend/netlify/functions/_lib/bids-store.mjs	1	31	Bid	// MC28.1 — Stateless Key-Per-Bid.
BACKEND	COMENTARIO	desafio-gut/frontend/netlify/functions/_lib/bids-store.mjs	2	9	lance	// Cada lance é UMA chave isolada e imutável → ZERO read-modify-write, logo
BACKEND	COMENTARIO	desafio-gut/frontend/netlify/functions/_lib/bids-store.mjs	6	11	bid	// Chave: bid:{edicaoId}:{endereco}:{sufixo aleatório}
BACKEND	COMENTARIO	desafio-gut/frontend/netlify/functions/_lib/bids-store.mjs	8	8	lances	//     lances do mesmo utilizador no MESMO milissegundo nunca colidem (ITEM 2.2).
BACKEND	COMENTARIO	desafio-gut/frontend/netlify/functions/_lib/bids-store.mjs	9	23	bid	// Marcador de fecho: bid:{edicaoId}:consolidado  (idempotência da consolidação).
BACKEND	STRING-TECNICA	desafio-gut/frontend/netlify/functions/_lib/bids-store.mjs	14	23	bids	const STORE        = "bids";
BACKEND	COMENTARIO	desafio-gut/frontend/netlify/functions/_lib/bids-store.mjs	21	27	Bid	/** Monta a chave Key-Per-Bid com sufixo aleatório (anti-colisão). */
BACKEND	TEXTO-UI	desafio-gut/frontend/netlify/functions/_lib/bids-store.mjs	23	11	bid	return `bid:${edicaoId}:${String(endereco).toLowerCase()}:${randomUUID().slice(0, 8)}`;
BACKEND	COMENTARIO	desafio-gut/frontend/netlify/functions/_lib/bids-store.mjs	26	14	lance	/** Grava um lance numa chave única e imutável. NUNCA sobrescreve outro lance. */
BACKEND	COMENTARIO	desafio-gut/frontend/netlify/functions/_lib/bids-store.mjs	26	73	lance	/** Grava um lance numa chave única e imutável. NUNCA sobrescreve outro lance. */
BACKEND	COMENTARIO	desafio-gut/frontend/netlify/functions/_lib/bids-store.mjs	33	35	lance	/** Lista exaustiva das chaves de lance de uma edição (paginação por cursor). */
BACKEND	STRING-TECNICA	desafio-gut/frontend/netlify/functions/_lib/bids-store.mjs	35	19	bid	const prefix = `bid:${edicaoId}:`;
BACKEND	COMENTARIO	desafio-gut/frontend/netlify/functions/_lib/bids-store.mjs	49	17	lances	/** Lê TODOS os lances de uma edição, em lotes paralelos limitados (anti-timeout). */
BACKEND	STRING-TECNICA	desafio-gut/frontend/netlify/functions/_lib/bids-store.mjs	64	26	bid	await abrir().setJSON(`bid:${edicaoId}:consolidado`, {
BACKEND	STRING-TECNICA	desafio-gut/frontend/netlify/functions/_lib/bids-store.mjs	72	30	bid	return (await abrir().get(`bid:${edicaoId}:consolidado`, { type: "json" })) || null;
BACKEND	STRING-TECNICA	desafio-gut/frontend/netlify/functions/_lib/conta-delete.mjs	31	36	lances	const SUPA_DELETE_POR_ENDERECO = ["lances", "lojistas", "atividade_utilizadores"];
BACKEND	STRING-TECNICA	desafio-gut/frontend/netlify/functions/_lib/conta-delete.mjs	42	34	lance	const BLOBS_DELETE_POR_VALOR = ["lance-idem"];
BACKEND	TEXTO-UI	desafio-gut/frontend/netlify/functions/_lib/conta-delete.mjs	50	48	lances	descricao: "Saldo de senhas e histórico de lances registrados no smart contract " +
BACKEND	COMENTARIO	desafio-gut/frontend/netlify/functions/_lib/data-store-blobs.mjs	6	41	bids	//   - getLances/addLance  → reutilizam bids-store.mjs (Key-Per-Bid, MC28).
BACKEND	COMENTARIO	desafio-gut/frontend/netlify/functions/_lib/data-store-blobs.mjs	6	65	Bid	//   - getLances/addLance  → reutilizam bids-store.mjs (Key-Per-Bid, MC28).
BACKEND	COMENTARIO	desafio-gut/frontend/netlify/functions/_lib/data-store-blobs.mjs	7	38	lances	//     ZERO alteração à blindagem de lances: apenas delegamos.
BACKEND	STRING-TECNICA	desafio-gut/frontend/netlify/functions/_lib/data-store-blobs.mjs	13	42	bids	import { gravarBid, listarBids } from "./bids-store.mjs";
BACKEND	COMENTARIO	desafio-gut/frontend/netlify/functions/_lib/data-store-blobs.mjs	45	17	lances	/** Lê todos os lances de uma edição (delega na paginação/paralelismo do MC28). */
BACKEND	COMENTARIO	desafio-gut/frontend/netlify/functions/_lib/data-store-blobs.mjs	51	18	lance	* Acrescenta um lance a uma edição (delega no Key-Per-Bid do MC28).
BACKEND	COMENTARIO	desafio-gut/frontend/netlify/functions/_lib/data-store-blobs.mjs	51	56	Bid	* Acrescenta um lance a uma edição (delega no Key-Per-Bid do MC28).
BACKEND	COMENTARIO	desafio-gut/frontend/netlify/functions/_lib/data-store-blobs.mjs	52	5	lance	* `lance` deve conter pelo menos `endereco` (ou `lancador`); o restante vira
BACKEND	IDENTIFICADOR	desafio-gut/frontend/netlify/functions/_lib/data-store-blobs.mjs	55	42	lance	export async function addLance(edicaoId, lance) {
BACKEND	IDENTIFICADOR	desafio-gut/frontend/netlify/functions/_lib/data-store-blobs.mjs	56	20	lance	const endereco = lance?.endereco ?? lance?.lancador;
BACKEND	IDENTIFICADOR	desafio-gut/frontend/netlify/functions/_lib/data-store-blobs.mjs	56	39	lance	const endereco = lance?.endereco ?? lance?.lancador;
BACKEND	TEXTO-UI	desafio-gut/frontend/netlify/functions/_lib/data-store-blobs.mjs	57	64	lance	if (!endereco) throw new Error("[data-store-blobs] addLance: lance sem endereco/lancador");
BACKEND	IDENTIFICADOR	desafio-gut/frontend/netlify/functions/_lib/data-store-blobs.mjs	58	52	lance	return gravarBid({ edicaoId, endereco, registro: lance });
BACKEND	COMENTARIO	desafio-gut/frontend/netlify/functions/_lib/data-store-supabase.mjs	16	8	lances	//   - lances: lances.payload (JSONB) guarda o registro imutável COMPLETO,
BACKEND	COMENTARIO	desafio-gut/frontend/netlify/functions/_lib/data-store-supabase.mjs	16	16	lances	//   - lances: lances.payload (JSONB) guarda o registro imutável COMPLETO,
BACKEND	COMENTARIO	desafio-gut/frontend/netlify/functions/_lib/data-store-supabase.mjs	17	29	Bid	//     espelhando o Key-Per-Bid dos Blobs; as colunas planas (edicao_id, endereco,
BACKEND	COMENTARIO	desafio-gut/frontend/netlify/functions/_lib/data-store-supabase.mjs	18	13	lance	//     hash_lance, valor_centavos) servem índices/queries.
BACKEND	IDENTIFICADOR	desafio-gut/frontend/netlify/functions/_lib/data-store-supabase.mjs	27	14	LANCES	const TABELA_LANCES = "lances";
BACKEND	STRING-TECNICA	desafio-gut/frontend/netlify/functions/_lib/data-store-supabase.mjs	27	24	lances	const TABELA_LANCES = "lances";
BACKEND	COMENTARIO	desafio-gut/frontend/netlify/functions/_lib/data-store-supabase.mjs	30	24	lances	// leitura paginada de lances (ver getLances / K1 do MC33).
BACKEND	IDENTIFICADOR	desafio-gut/frontend/netlify/functions/_lib/data-store-supabase.mjs	31	14	LANCES	const PAGINA_LANCES = 1000;
BACKEND	COMENTARIO	desafio-gut/frontend/netlify/functions/_lib/data-store-supabase.mjs	33	29	Bid	/** Monta uma chave Key-Per-Bid idêntica à dos Blobs (anti-colisão, MC28.1). */
BACKEND	TEXTO-UI	desafio-gut/frontend/netlify/functions/_lib/data-store-supabase.mjs	35	11	bid	return `bid:${edicaoId}:${String(endereco).toLowerCase()}:${randomUUID().slice(0, 8)}`;
BACKEND	COMENTARIO	desafio-gut/frontend/netlify/functions/_lib/data-store-supabase.mjs	72	16	lances	* Lê TODOS os lances de uma edição (ordem cronológica), devolvendo o registro
BACKEND	COMENTARIO	desafio-gut/frontend/netlify/functions/_lib/data-store-supabase.mjs	77	42	lance	* edições grandes e a apuração do menor lance único seria feita sobre dados
BACKEND	IDENTIFICADOR	desafio-gut/frontend/netlify/functions/_lib/data-store-supabase.mjs	89	20	LANCES	.from(TABELA_LANCES)
BACKEND	IDENTIFICADOR	desafio-gut/frontend/netlify/functions/_lib/data-store-supabase.mjs	94	36	LANCES	.range(desde, desde + PAGINA_LANCES - 1);
BACKEND	COMENTARIO	desafio-gut/frontend/netlify/functions/_lib/data-store-supabase.mjs	106	18	lance	* Acrescenta um lance a uma edição. Espelha o gravarBid dos Blobs: gera a chave
BACKEND	COMENTARIO	desafio-gut/frontend/netlify/functions/_lib/data-store-supabase.mjs	107	12	Bid	* Key-Per-Bid, guarda o registro completo (com a key) em payload e replica os
BACKEND	IDENTIFICADOR	desafio-gut/frontend/netlify/functions/_lib/data-store-supabase.mjs	110	42	lance	export async function addLance(edicaoId, lance) {
BACKEND	IDENTIFICADOR	desafio-gut/frontend/netlify/functions/_lib/data-store-supabase.mjs	111	20	lance	const endereco = lance?.endereco ?? lance?.lancador;
BACKEND	IDENTIFICADOR	desafio-gut/frontend/netlify/functions/_lib/data-store-supabase.mjs	111	39	lance	const endereco = lance?.endereco ?? lance?.lancador;
BACKEND	TEXTO-UI	desafio-gut/frontend/netlify/functions/_lib/data-store-supabase.mjs	112	67	lance	if (!endereco) throw new Error("[data-store-supabase] addLance: lance sem endereco/lancador");
BACKEND	IDENTIFICADOR	desafio-gut/frontend/netlify/functions/_lib/data-store-supabase.mjs	115	25	lance	const registro = { ...lance, key };
BACKEND	IDENTIFICADOR	desafio-gut/frontend/netlify/functions/_lib/data-store-supabase.mjs	116	21	lance	const hashLance = lance?.commitmentHash ?? lance?.hashLance ?? null;
BACKEND	IDENTIFICADOR	desafio-gut/frontend/netlify/functions/_lib/data-store-supabase.mjs	116	46	lance	const hashLance = lance?.commitmentHash ?? lance?.hashLance ?? null;
BACKEND	IDENTIFICADOR	desafio-gut/frontend/netlify/functions/_lib/data-store-supabase.mjs	117	42	lance	const valorCentavos = Number.isInteger(lance?.valorCentavos) ? lance.valorCentavos : null;
BACKEND	IDENTIFICADOR	desafio-gut/frontend/netlify/functions/_lib/data-store-supabase.mjs	117	66	lance	const valorCentavos = Number.isInteger(lance?.valorCentavos) ? lance.valorCentavos : null;
BACKEND	IDENTIFICADOR	desafio-gut/frontend/netlify/functions/_lib/data-store-supabase.mjs	120	48	LANCES	const { error } = await supabase.from(TABELA_LANCES).insert({
BACKEND	IDENTIFICADOR	desafio-gut/frontend/netlify/functions/_lib/data-store-supabase.mjs	123	10	lance	hash_lance: hashLance,
BACKEND	COMENTARIO	desafio-gut/frontend/netlify/functions/_lib/data-store.mjs	15	36	Lance	//   getLances(edicaoId)         → Lance[]
BACKEND	COMENTARIO	desafio-gut/frontend/netlify/functions/_lib/data-store.mjs	16	25	lance	//   addLance(edicaoId, lance)   → chave (string)
BACKEND	COMENTARIO	desafio-gut/frontend/netlify/functions/_lib/data-store.mjs	51	17	lances	/** Lê todos os lances de uma edição. */
BACKEND	COMENTARIO	desafio-gut/frontend/netlify/functions/_lib/data-store.mjs	56	19	lance	/** Acrescenta um lance a uma edição. Devolve a chave criada. */
BACKEND	IDENTIFICADOR	desafio-gut/frontend/netlify/functions/_lib/data-store.mjs	57	42	lance	export async function addLance(edicaoId, lance) {
BACKEND	IDENTIFICADOR	desafio-gut/frontend/netlify/functions/_lib/data-store.mjs	58	44	lance	return (await impl()).addLance(edicaoId, lance);
BACKEND	COMENTARIO	desafio-gut/frontend/netlify/functions/_lib/edicoes-core.mjs	2	7	leilão	// de leilão (MC15.4). Importado por BOTH edicoes.mjs (endpoint HTTP) e
BACKEND	COMENTARIO	desafio-gut/frontend/netlify/functions/_lib/edicoes-core.mjs	10	8	lances	//     lances (int resumo), status ("aberto"|"encerrado"|"apurado"),
BACKEND	IDENTIFICADOR	desafio-gut/frontend/netlify/functions/_lib/edicoes-core.mjs	98	5	lances	lances:     Number.isInteger(meta.lances) ? meta.lances : 0,
BACKEND	IDENTIFICADOR	desafio-gut/frontend/netlify/functions/_lib/edicoes-core.mjs	98	39	lances	lances:     Number.isInteger(meta.lances) ? meta.lances : 0,
BACKEND	IDENTIFICADOR	desafio-gut/frontend/netlify/functions/_lib/edicoes-core.mjs	98	54	lances	lances:     Number.isInteger(meta.lances) ? meta.lances : 0,
BACKEND	IDENTIFICADOR	desafio-gut/frontend/netlify/functions/_lib/edicoes-core.mjs	114	5	lances	lances:     0,
BACKEND	COMENTARIO	desafio-gut/frontend/netlify/functions/_lib/edicoes-core.mjs	177	44	lance	* id não for válido. MC91.11 — usado pelo lance-relampago para derivar o tipo
BACKEND	IDENTIFICADOR	desafio-gut/frontend/netlify/functions/_lib/edicoes-core.mjs	246	5	lances	lances:     0,
BACKEND	IDENTIFICADOR	desafio-gut/frontend/netlify/functions/_lib/guto-perfis.mjs	50	16	leilões	participar dos leilões. Não reveles dados internos nem comandos de administração.`,
BACKEND	IDENTIFICADOR	desafio-gut/frontend/netlify/functions/_lib/guto-perfis.mjs	55	72	lances	PERFIL: UTILIZADOR COMUM (autenticado). Amigável e didático. Ajuda com lances,
BACKEND	COMENTARIO	desafio-gut/frontend/netlify/functions/_lib/guto-perfis.mjs	71	50	leilão	// MC29.1 — modo de conformidade (app das lojas, leilão indisponível na
BACKEND	COMENTARIO	desafio-gut/frontend/netlify/functions/_lib/guto-perfis.mjs	72	51	leilão	// plataforma). Transparente: o GUTO NUNCA nega o leilão — informa que está na
BACKEND	IDENTIFICADOR	desafio-gut/frontend/netlify/functions/_lib/guto-perfis.mjs	75	17	leilões	Nesta versão os leilões NÃO estão disponíveis — eles funcionam na versão Web (PWA),
BACKEND	IDENTIFICADOR	desafio-gut/frontend/netlify/functions/_lib/guto-perfis.mjs	80	24	leilões	- Se perguntarem sobre leilões, lances, carteira, saldo ou senhas: informe com
BACKEND	IDENTIFICADOR	desafio-gut/frontend/netlify/functions/_lib/guto-perfis.mjs	80	33	lances	- Se perguntarem sobre leilões, lances, carteira, saldo ou senhas: informe com
BACKEND	IDENTIFICADOR	desafio-gut/frontend/netlify/functions/_lib/guto-perfis.mjs	82	38	leilão	ajuda com a loja. NUNCA diga que o leilão não existe — diga apenas onde encontrá-lo.
BACKEND	COMENTARIO	desafio-gut/frontend/netlify/functions/_lib/guto-perfis.mjs	89	29	leilão	* perfil) — usado quando o leilão não está ativo na plataforma do utilizador.
BACKEND	TEXTO-UI	desafio-gut/frontend/netlify/functions/_lib/guto-perfis.mjs	110	48	lances	if (p?.erro) return `Não foi possível ler os lances da edição ${g(p.edicaoId)} agora.`;
BACKEND	TEXTO-UI	desafio-gut/frontend/netlify/functions/_lib/guto-perfis.mjs	112	71	lance	return `Edição ${g(p.edicaoId)} — sem vencedor provisório: nenhum lance único entre ${g(p.totalLances, "0")} lance(s).`;
BACKEND	TEXTO-UI	desafio-gut/frontend/netlify/functions/_lib/guto-perfis.mjs	112	114	lance	return `Edição ${g(p.edicaoId)} — sem vencedor provisório: nenhum lance único entre ${g(p.totalLances, "0")} lance(s).`;
BACKEND	TEXTO-UI	desafio-gut/frontend/netlify/functions/_lib/guto-perfis.mjs	114	16	leilão	return `Se o leilão terminasse agora, o vencedor provisório da edição ${g(p.edicaoId)} seria ${g(p.vencedor)} com lance único de ${g(p.valor)}. (${g(p.totalLances, "0")} 
BACKEND	TEXTO-UI	desafio-gut/frontend/netlify/functions/_lib/guto-perfis.mjs	114	117	lance	return `Se o leilão terminasse agora, o vencedor provisório da edição ${g(p.edicaoId)} seria ${g(p.vencedor)} com lance único de ${g(p.valor)}. (${g(p.totalLances, "0")} 
BACKEND	TEXTO-UI	desafio-gut/frontend/netlify/functions/_lib/guto-perfis.mjs	114	173	lances	return `Se o leilão terminasse agora, o vencedor provisório da edição ${g(p.edicaoId)} seria ${g(p.vencedor)} com lance único de ${g(p.valor)}. (${g(p.totalLances, "0")} 
BACKEND	IDENTIFICADOR	desafio-gut/frontend/netlify/functions/_lib/guto-perfis.mjs	120	20	licitantesUnicos	const lic = g(p?.licitantesUnicos, "0");
BACKEND	TEXTO-UI	desafio-gut/frontend/netlify/functions/_lib/guto-perfis.mjs	123	63	Licitantes	return `Pulso da edição ${g(p?.edicaoId)} — Volume: ${vol}. Licitantes únicos: ${lic}. Valorização (menor lance sobre base): ${val}. Abandono de checkout: ${aba}. Total d
BACKEND	TEXTO-UI	desafio-gut/frontend/netlify/functions/_lib/guto-perfis.mjs	123	109	lance	return `Pulso da edição ${g(p?.edicaoId)} — Volume: ${vol}. Licitantes únicos: ${lic}. Valorização (menor lance sobre base): ${val}. Abandono de checkout: ${aba}. Total d
BACKEND	TEXTO-UI	desafio-gut/frontend/netlify/functions/_lib/guto-perfis.mjs	123	175	lances	return `Pulso da edição ${g(p?.edicaoId)} — Volume: ${vol}. Licitantes únicos: ${lic}. Valorização (menor lance sobre base): ${val}. Abandono de checkout: ${aba}. Total d
BACKEND	TEXTO-UI	desafio-gut/frontend/netlify/functions/_lib/guto-perfis.mjs	132	70	lances	comum: () => "Só a coordenação pode criar edições. Mas podes dar lances nas edições ativas! 🙂",
BACKEND	TEXTO-UI	desafio-gut/frontend/netlify/functions/_lib/guto-perfis.mjs	143	70	lances	comum: () => "Só a coordenação pode criar edições. Mas podes dar lances nas edições ativas! 🙂",
BACKEND	TEXTO-UI	desafio-gut/frontend/netlify/functions/_lib/guto-perfis.mjs	151	104	leilões	visitante: () => "A simulação de vencedor é uma função interna. Cria uma conta para participar dos leilões! 😊",
BACKEND	TEXTO-UI	desafio-gut/frontend/netlify/functions/_lib/guto-perfis.mjs	152	108	lances	comum: () => "A simulação de vencedor é exclusiva da coordenação e parceiros. Posso ajudar com os teus lances! 🙂",
BACKEND	TEXTO-UI	desafio-gut/frontend/netlify/functions/_lib/guto-perfis.mjs	159	95	leilões	visitante: () => "Os relatórios de pulso são internos. Cria uma conta para participar dos leilões! 😊",
BACKEND	TEXTO-UI	desafio-gut/frontend/netlify/functions/_lib/guto-perfis.mjs	160	110	lances	comum: () => "Os relatórios de pulso são exclusivos da coordenação e parceiros. Posso ajudar com os teus lances! 🙂",
BACKEND	TEXTO-UI	desafio-gut/frontend/netlify/functions/_lib/guto-perfis.mjs	170	57	lances	admin: (p) => `Sistema PAUSADO (modo pânico). Novos lances serão rejeitados. Em: ${g(p.timestamp)}. Use /unpanic para reativar.`,
BACKEND	TEXTO-UI	desafio-gut/frontend/netlify/functions/_lib/guto-perfis.mjs	176	39	Lances	admin: (p) => `Sistema REATIVADO. Lances voltam a ser aceites. Em: ${g(p.timestamp)}.`,
BACKEND	TEXTO-UI	desafio-gut/frontend/netlify/functions/_lib/guto-perfis.mjs	192	72	lances	corporativo: (p) => `Edições ativas: ${g(p.lista)}. Para volume de lances e cotas, consulta o Painel Lojista.`,
BACKEND	TEXTO-UI	desafio-gut/frontend/netlify/functions/_lib/guto-perfis.mjs	206	87	lances	comum: () => "Dados de mercado são exclusivos do Painel Lojista. Posso ajudar com lances e regras! 🙂",
BACKEND	TEXTO-UI	desafio-gut/frontend/netlify/functions/_lib/guto-perfis.mjs	212	97	leilões	visitante: () => "Auditoria é uma função administrativa. Cria uma conta para participar dos leilões! 😊",
BACKEND	TEXTO-UI	desafio-gut/frontend/netlify/functions/_lib/guto-perfis.mjs	213	73	leilões	comum: () => "Essa informação é administrativa. Posso ajudar com os leilões! 🙂",
BACKEND	TEXTO-UI	desafio-gut/frontend/netlify/functions/_lib/guto-perfis.mjs	222	216	lance	comum: (p) => `Aqui está o teu Indique e Ganhe! 🎁 Partilha o teu link: por cada amigo que criar a conta com o teu código, ganhas +1 senha na hora (e o teu amigo também) 
BACKEND	TEXTO-UI	desafio-gut/frontend/netlify/functions/_lib/guto-perfis.mjs	230	91	lances	comum: () => "Os relatórios de indicação são da coordenação. Posso ajudar com os teus lances! 🙂",
BACKEND	TEXTO-UI	desafio-gut/frontend/netlify/functions/_lib/guto-perfis.mjs	238	90	leilões	visitante: () => "O saldo de senhas é para membros. Cria a tua conta e participa dos leilões! 😊",
BACKEND	TEXTO-UI	desafio-gut/frontend/netlify/functions/_lib/guto-perfis.mjs	242	116	leilões	(Number(p.expiramEmBreve) > 0 ? ` Atenção: tens ${p.expiramEmBreve} senhas que expiram em 5 dias. Usa-as nos leilões! 🙂` : " 🙂"),
BACKEND	TEXTO-UI	desafio-gut/frontend/netlify/functions/_lib/guto-perfis.mjs	246	107	leilões	(Number(p.expiramEmBreve) > 0 ? ` Tens ${p.expiramEmBreve} senhas que expiram em 5 dias. Usa-as nos leilões.` : "") +
BACKEND	TEXTO-UI	desafio-gut/frontend/netlify/functions/_lib/guto-perfis.mjs	254	84	lances	comum: () => "A contratação de cotas é para lojistas. Posso ajudar com os teus lances! 🙂",
BACKEND	TEXTO-UI	desafio-gut/frontend/netlify/functions/_lib/guto-perfis.mjs	270	89	lances	comum: () => "Os relatórios de compras são da coordenação. Posso ajudar com os teus lances! 🙂",
BACKEND	TEXTO-UI	desafio-gut/frontend/netlify/functions/_lib/guto-perfis.mjs	289	80	leilões	: "Poxa, essa não achei no regulamento! 😅 Pergunta-me como funcionam os leilões."),
BACKEND	TEXTO-UI	desafio-gut/frontend/netlify/functions/_lib/guto-perfis.mjs	292	91	lances	: "Poxa, essa não achei no regulamento! 😅 Tenta de outra forma — ou pergunta sobre lances, senhas e regras."),
BACKEND	COMENTARIO	desafio-gut/frontend/netlify/functions/_lib/guto-perfis.mjs	304	61	lance	// convidado, e saía "…que tal criar uma conta e dar um lance? Cria uma conta
BACKEND	COMENTARIO	desafio-gut/frontend/netlify/functions/_lib/guto-perfis.mjs	305	28	leilões	// para participar dos leilões! 😊" — dois CTAs seguidos, observado em 2 de 3
BACKEND	TEXTO-UI	desafio-gut/frontend/netlify/functions/_lib/guto-perfis.mjs	310	77	leilões	return jaConvida ? base : `${base} Cria uma conta para participar dos leilões! 😊`.trim();
BACKEND	TEXTO-UI	desafio-gut/frontend/netlify/functions/_lib/guto-perfis.mjs	331	99	leilões	visitante: () => "Esses dados são internos da coordenação. Cria uma conta para participar dos leilões! 😊",
BACKEND	TEXTO-UI	desafio-gut/frontend/netlify/functions/_lib/guto-perfis.mjs	332	81	lances	comum: () => "Esses números são da coordenação. Posso ajudar-te com os teus lances e senhas! 🙂",
BACKEND	TEXTO-UI	desafio-gut/frontend/netlify/functions/_lib/guto-perfis.mjs	339	44	lances	+ `creditos ${g(f.creditos, "—")}, lances ${g(f.lances, "—")}). `
BACKEND	TEXTO-UI	desafio-gut/frontend/netlify/functions/_lib/guto-perfis.mjs	339	57	lances	+ `creditos ${g(f.creditos, "—")}, lances ${g(f.lances, "—")}). `
BACKEND	TEXTO-UI	desafio-gut/frontend/netlify/functions/_lib/guto-perfis.mjs	358	85	leilões	visitante: () => "Isso é do sistema interno. Cria uma conta para participar dos leilões! 😊",
BACKEND	TEXTO-UI	desafio-gut/frontend/netlify/functions/_lib/guto-perfis.mjs	385	89	leilões	visitante: () => "O estado do sistema é interno. Cria uma conta para participar dos leilões! 😊",
BACKEND	TEXTO-UI	desafio-gut/frontend/netlify/functions/_lib/guto-perfis.mjs	386	77	leilões	comum: () => "O estado interno é da coordenação. Posso ajudar-te com os leilões! 🙂",
BACKEND	TEXTO-UI	desafio-gut/frontend/netlify/functions/_lib/guto-perfis.mjs	421	95	leilões	visitante: "Olá! Sou o GUTO, assistente do DESAFIOGUT. Cria uma conta para participar dos leilões! 😊",
BACKEND	TEXTO-UI	desafio-gut/frontend/netlify/functions/_lib/guto-perfis.mjs	422	55	leilões	comum: "Olá! Sou o GUTO. Como posso ajudar com os leilões hoje? 😊",
BACKEND	COMENTARIO	desafio-gut/frontend/netlify/functions/_lib/ia-preditiva.mjs	5	15	leilão	// dispara um leilão relâmpago automático via _lib/contract.mjs.
BACKEND	TEXTO-UI	desafio-gut/frontend/netlify/functions/_lib/ia-preditiva.mjs	296	22	Leilão	const nome      = "Leilão Relâmpago Automático (IA)";
BACKEND	STRING-TECNICA	desafio-gut/frontend/netlify/functions/_lib/jwt.mjs	44	37	lance	const claims = { endereco, tipo: "lance-auth" };
BACKEND	STRING-TECNICA	desafio-gut/frontend/netlify/functions/_lib/jwt.mjs	56	25	lance	if (payload.tipo !== "lance-auth") {
BACKEND	TEXTO-UI	desafio-gut/frontend/netlify/functions/_lib/jwt.mjs	57	59	lance	const err = new Error("token tipo inválido — esperado lance-auth");
BACKEND	COMENTARIO	desafio-gut/frontend/netlify/functions/_lib/notificacoes-usuario.mjs	7	12	lance	// Tipos: "lance_unico" | "perdeu_exclusividade" | "voce_venceu" | "edicao_encerrada".
BACKEND	COMENTARIO	desafio-gut/frontend/netlify/functions/_lib/notificacoes-usuario.mjs	11	44	lance	// para o resumo pós-edição. A deteção por-lance usa contagem de frequência do
BACKEND	COMENTARIO	desafio-gut/frontend/netlify/functions/_lib/notificacoes-usuario.mjs	14	58	lance	// 100% fail-soft: nenhuma operação aqui pode quebrar um lance ou um encerramento.
BACKEND	IDENTIFICADOR	desafio-gut/frontend/netlify/functions/_lib/notificacoes-usuario.mjs	20	12	LANCES	const BLOB_LANCES = "lances-relampago";
BACKEND	STRING-TECNICA	desafio-gut/frontend/netlify/functions/_lib/notificacoes-usuario.mjs	20	22	lances	const BLOB_LANCES = "lances-relampago";
BACKEND	COMENTARIO	desafio-gut/frontend/netlify/functions/_lib/notificacoes-usuario.mjs	109	53	lance	* FUNÇÃO PURA — deteta o evento de unicidade de um lance recém-inserido.
BACKEND	COMENTARIO	desafio-gut/frontend/netlify/functions/_lib/notificacoes-usuario.mjs	110	19	lances	* @param {Array} lances  todos os lances da edição (já INCLUI o novo)
BACKEND	COMENTARIO	desafio-gut/frontend/netlify/functions/_lib/notificacoes-usuario.mjs	110	36	lances	* @param {Array} lances  todos os lances da edição (já INCLUI o novo)
BACKEND	COMENTARIO	desafio-gut/frontend/netlify/functions/_lib/notificacoes-usuario.mjs	111	44	lance	* @param {number} valorCentavos  valor do lance recém-inserido
BACKEND	IDENTIFICADOR	desafio-gut/frontend/netlify/functions/_lib/notificacoes-usuario.mjs	117	41	lances	export function detectarEventoUnicidade(lances, valorCentavos) {
BACKEND	IDENTIFICADOR	desafio-gut/frontend/netlify/functions/_lib/notificacoes-usuario.mjs	118	31	lances	const lista = Array.isArray(lances) ? lances : [];
BACKEND	IDENTIFICADOR	desafio-gut/frontend/netlify/functions/_lib/notificacoes-usuario.mjs	118	41	lances	const lista = Array.isArray(lances) ? lances : [];
BACKEND	COMENTARIO	desafio-gut/frontend/netlify/functions/_lib/notificacoes-usuario.mjs	137	38	lance	* MC15.7 ITEM 1 — após persistir um lance, regista as notificações de unicidade.
BACKEND	COMENTARIO	desafio-gut/frontend/netlify/functions/_lib/notificacoes-usuario.mjs	138	21	lance	* - count === 1 → "lance_unico" para o autor (menciona se é o menor único/líder).
BACKEND	IDENTIFICADOR	desafio-gut/frontend/netlify/functions/_lib/notificacoes-usuario.mjs	142	49	lances	export async function registrarEventosDeLance({ lances, valorCentavos, edicaoId, autorEndereco }) {
BACKEND	IDENTIFICADOR	desafio-gut/frontend/netlify/functions/_lib/notificacoes-usuario.mjs	144	40	lances	const ev = detectarEventoUnicidade(lances, valorCentavos);
BACKEND	IDENTIFICADOR	desafio-gut/frontend/netlify/functions/_lib/notificacoes-usuario.mjs	147	42	lances	const apur = apurarMenorLanceUnico(lances);
BACKEND	TEXTO-UI	desafio-gut/frontend/netlify/functions/_lib/notificacoes-usuario.mjs	150	26	lance	? `Boa! 🎯 O teu lance de ${brlCentavos(valorCentavos)} é o menor único na edição ${idEd}. Estás a ganhar — se ninguém repetir, vences!`
BACKEND	TEXTO-UI	desafio-gut/frontend/netlify/functions/_lib/notificacoes-usuario.mjs	151	26	lance	: `Boa! 🎯 O teu lance de ${brlCentavos(valorCentavos)} é único na edição ${idEd}.`;
BACKEND	STRING-TECNICA	desafio-gut/frontend/netlify/functions/_lib/notificacoes-usuario.mjs	153	16	lance	tipo: "lance_unico", edicaoId: idEd, valor: valorCentavos, mensagem: msg,
BACKEND	TEXTO-UI	desafio-gut/frontend/netlify/functions/_lib/notificacoes-usuario.mjs	159	31	lance	mensagem: `⚠️ O teu lance de ${brlCentavos(valorCentavos)} na edição ${idEd} deixou de ser único. Dá um novo lance para voltares à frente!`,
BACKEND	TEXTO-UI	desafio-gut/frontend/netlify/functions/_lib/notificacoes-usuario.mjs	159	120	lance	mensagem: `⚠️ O teu lance de ${brlCentavos(valorCentavos)} na edição ${idEd} deixou de ser único. Dá um novo lance para voltares à frente!`,
BACKEND	COMENTARIO	desafio-gut/frontend/netlify/functions/_lib/notificacoes-usuario.mjs	171	11	lance	* (com o lance vencedor anónimo). Reutiliza apurarMenorLanceUnico (R7). Fail-soft.
BACKEND	IDENTIFICADOR	desafio-gut/frontend/netlify/functions/_lib/notificacoes-usuario.mjs	177	35	LANCES	const store = abrirStore(BLOB_LANCES);
BACKEND	IDENTIFICADOR	desafio-gut/frontend/netlify/functions/_lib/notificacoes-usuario.mjs	179	9	lances	let lances = [];
BACKEND	IDENTIFICADOR	desafio-gut/frontend/netlify/functions/_lib/notificacoes-usuario.mjs	182	7	lances	lances = Array.isArray(doc?.lances) ? doc.lances : [];
BACKEND	IDENTIFICADOR	desafio-gut/frontend/netlify/functions/_lib/notificacoes-usuario.mjs	182	35	lances	lances = Array.isArray(doc?.lances) ? doc.lances : [];
BACKEND	IDENTIFICADOR	desafio-gut/frontend/netlify/functions/_lib/notificacoes-usuario.mjs	182	49	lances	lances = Array.isArray(doc?.lances) ? doc.lances : [];
BACKEND	STRING-TECNICA	desafio-gut/frontend/netlify/functions/_lib/notificacoes-usuario.mjs	184	52	lances	console.warn("[notificacoes-usuario] leitura lances (resumo) falhou:", err?.message);
BACKEND	IDENTIFICADOR	desafio-gut/frontend/netlify/functions/_lib/notificacoes-usuario.mjs	187	9	lances	if (lances.length === 0) return;
BACKEND	IDENTIFICADOR	desafio-gut/frontend/netlify/functions/_lib/notificacoes-usuario.mjs	189	40	lances	const apur = apurarMenorLanceUnico(lances);
BACKEND	IDENTIFICADOR	desafio-gut/frontend/netlify/functions/_lib/notificacoes-usuario.mjs	191	7	lances	lances.map((l) => String(l?.endereco || "").toLowerCase()).filter(Boolean),
BACKEND	IDENTIFICADOR	desafio-gut/frontend/netlify/functions/_lib/notificacoes-usuario.mjs	196	25	lances	const numLances = lances.filter(
BACKEND	TEXTO-UI	desafio-gut/frontend/netlify/functions/_lib/notificacoes-usuario.mjs	202	69	lance	mensagem: `🏁🎉 A edição ${id} terminou e GANHASTE! O teu lance de ${brlCentavos(apur.valorCentavos)} foi o menor único. Parabéns! Em breve recebes as instruções.`,
BACKEND	TEXTO-UI	desafio-gut/frontend/netlify/functions/_lib/notificacoes-usuario.mjs	206	44	lance	? `🏁 A edição ${id} terminou. O lance vencedor foi ${brlCentavos(apur.valorCentavos)}. Não foi desta — deste ${numLances} lance(s). Tenta na próxima! 🚀`
BACKEND	TEXTO-UI	desafio-gut/frontend/netlify/functions/_lib/notificacoes-usuario.mjs	206	134	lance	? `🏁 A edição ${id} terminou. O lance vencedor foi ${brlCentavos(apur.valorCentavos)}. Não foi desta — deste ${numLances} lance(s). Tenta na próxima! 🚀`
BACKEND	TEXTO-UI	desafio-gut/frontend/netlify/functions/_lib/notificacoes-usuario.mjs	207	45	lances	: `🏁 A edição ${id} terminou sem lances únicos. Não houve vencedor desta vez.`;
BACKEND	COMENTARIO	desafio-gut/frontend/netlify/functions/_lib/pix-config.mjs	8	40	lance	// PIX_FICHAS: pagamento das fichas de lance via Mercado Pago — modo AUTO.
BACKEND	TEXTO-UI	desafio-gut/frontend/netlify/functions/_lib/pix-config.mjs	23	35	lance	proposito: "Compra de fichas de lance (Operação Interna)",
BACKEND	COMENTARIO	desafio-gut/frontend/netlify/functions/_lib/pulso.mjs	3	38	lances	// Calcula as 4 métricas a partir de lances-relampago + edicoes-metadata (D5):
BACKEND	COMENTARIO	desafio-gut/frontend/netlify/functions/_lib/pulso.mjs	4	26	lances	//   1) volumePorMin   — lances por minuto desde o início da edição (aquecimento)
BACKEND	COMENTARIO	desafio-gut/frontend/netlify/functions/_lib/pulso.mjs	5	9	licitantesUnicos	//   2) licitantesUnicos — nº de endereços distintos que lançaram
BACKEND	COMENTARIO	desafio-gut/frontend/netlify/functions/_lib/pulso.mjs	6	56	lance	//   3) valorizacaoPct — dinâmica de preço: % do MENOR lance sobre a base
BACKEND	IDENTIFICADOR	desafio-gut/frontend/netlify/functions/_lib/pulso.mjs	17	12	LANCES	const BLOB_LANCES   = "lances-relampago";
BACKEND	STRING-TECNICA	desafio-gut/frontend/netlify/functions/_lib/pulso.mjs	17	24	lances	const BLOB_LANCES   = "lances-relampago";
BACKEND	COMENTARIO	desafio-gut/frontend/netlify/functions/_lib/pulso.mjs	28	83	lances	* @param {Array<{endereco?:string, valorCentavos:number, processadoEm?:string}>} lances
BACKEND	IDENTIFICADOR	desafio-gut/frontend/netlify/functions/_lib/pulso.mjs	32	31	lances	export function calcularPulso(lances, edicao, agoraMs = Date.now()) {
BACKEND	IDENTIFICADOR	desafio-gut/frontend/netlify/functions/_lib/pulso.mjs	33	31	lances	const lista = Array.isArray(lances) ? lances : [];
BACKEND	IDENTIFICADOR	desafio-gut/frontend/netlify/functions/_lib/pulso.mjs	33	41	lances	const lista = Array.isArray(lances) ? lances : [];
BACKEND	COMENTARIO	desafio-gut/frontend/netlify/functions/_lib/pulso.mjs	36	66	lance	// 1) volume por minuto desde o início (criadoEm; fallback: 1º lance).
BACKEND	COMENTARIO	desafio-gut/frontend/netlify/functions/_lib/pulso.mjs	47	9	licitantes	// 2) licitantes únicos.
BACKEND	IDENTIFICADOR	desafio-gut/frontend/netlify/functions/_lib/pulso.mjs	53	9	licitantesUnicos	const licitantesUnicos = enderecos.size;
BACKEND	COMENTARIO	desafio-gut/frontend/netlify/functions/_lib/pulso.mjs	55	33	lance	// 3) valorização: % do menor lance sobre a base.
BACKEND	IDENTIFICADOR	desafio-gut/frontend/netlify/functions/_lib/pulso.mjs	73	5	licitantesUnicos	licitantesUnicos,
BACKEND	COMENTARIO	desafio-gut/frontend/netlify/functions/_lib/pulso.mjs	92	11	lances	/** Lê os lances de uma edição (fail-soft → []). */
BACKEND	IDENTIFICADOR	desafio-gut/frontend/netlify/functions/_lib/pulso.mjs	95	41	LANCES	const store = getStore({ name: BLOB_LANCES, consistency: "strong" });
BACKEND	IDENTIFICADOR	desafio-gut/frontend/netlify/functions/_lib/pulso.mjs	97	31	lances	return Array.isArray(doc?.lances) ? doc.lances : [];
BACKEND	IDENTIFICADOR	desafio-gut/frontend/netlify/functions/_lib/pulso.mjs	97	45	lances	return Array.isArray(doc?.lances) ? doc.lances : [];
BACKEND	STRING-TECNICA	desafio-gut/frontend/netlify/functions/_lib/pulso.mjs	99	35	lances	console.warn("[pulso] leitura lances falhou:", err?.message);
BACKEND	IDENTIFICADOR	desafio-gut/frontend/netlify/functions/_lib/pulso.mjs	110	18	lances	const [edicao, lances] = await Promise.all([lerEdicao(id), lerLances(id)]);
BACKEND	IDENTIFICADOR	desafio-gut/frontend/netlify/functions/_lib/pulso.mjs	111	43	lances	return { edicaoId: id, ...calcularPulso(lances, edicao || {}, Date.now()) };
BACKEND	COMENTARIO	desafio-gut/frontend/netlify/functions/_lib/recursos-app-config.mjs	8	37	leilão	//   - "pwa": experiência completa (leilão Web3 real).
BACKEND	COMENTARIO	desafio-gut/frontend/netlify/functions/_lib/recursos-app-config.mjs	9	60	leilão	//   - "ios"/"android": app de loja submetida às lojas — o leilão é DECLARADO
BACKEND	COMENTARIO	desafio-gut/frontend/netlify/functions/_lib/recursos-app-config.mjs	13	13	leilão	// mantém o leilão ATIVO para nunca penalizar o utilizador real por falha de
BACKEND	COMENTARIO	desafio-gut/frontend/netlify/functions/_lib/referral.mjs	559	31	lance	// convertido (via primeiro lance OU primeira compra) → no-op silencioso.
BACKEND	COMENTARIO	desafio-gut/frontend/netlify/functions/_lib/referral.mjs	571	14	lance	// próximo lance/compra) e NÃO credita o indicado ainda. Só limite mensal
BACKEND	COMENTARIO	desafio-gut/frontend/netlify/functions/_lib/saldoRs-store.mjs	6	49	lance	// (incl. o débito checked-then-set do fluxo de lance). Escrita só Supabase (R11);
BACKEND	COMENTARIO	desafio-gut/frontend/netlify/functions/_lib/saldoRs.mjs	4	6	Lance	//   Lance Relâmpago       →  -centavos do R$
BACKEND	COMENTARIO	desafio-gut/frontend/netlify/functions/_lib/senhas-programado.mjs	1	55	lances	// MC91.11 — Ledger off-chain de senhas consumidas em lances programados.
BACKEND	COMENTARIO	desafio-gut/frontend/netlify/functions/_lib/senhas-programado.mjs	5	54	lances	// on-chain (saldoSenhas) atua como TETO; o gasto em lances programados e
BACKEND	COMENTARIO	desafio-gut/frontend/netlify/functions/_lib/senhas-programado.mjs	6	54	lance	// registrado AQUI (mesmo padrao do troco-senhas). O lance so e aceito
BACKEND	TEXTO-UI	desafio-gut/frontend/netlify/functions/_lib/senhas-programado.mjs	55	65	lances	message: "Todas as senhas on-chain já foram consumidas em lances programados — adquira ou converta mais (Art. 20).",
BACKEND	COMENTARIO	desafio-gut/frontend/netlify/functions/_lib/signer.mjs	6	19	lances	//   · consolidar-lances.mjs     (consolidarResultado + recibo EIP-712)
BACKEND	COMENTARIO	desafio-gut/frontend/netlify/functions/_lib/signer.mjs	158	30	lances	* a concorrência de nonces (lances simultâneos) e o Paymaster subsidia o gás.
BACKEND	COMENTARIO	desafio-gut/frontend/netlify/functions/_lib/signer.mjs	167	48	Leilao	* (iniciar/aceitarTransferenciaCoordenacao) — Leilao.sol NÃO é alterado.
BACKEND	COMENTARIO	desafio-gut/frontend/netlify/functions/_lib/signer.mjs	227	20	lances	*   em consolidar-lances.mjs) e `wait()` → recibo {hash, blockNumber, gasUsed}.
BACKEND	COMENTARIO	desafio-gut/frontend/netlify/functions/_lib/simulador.mjs	4	49	lance	//   vencedor = MENOR valor cuja contagem == 1 (lance único mais baixo).
BACKEND	COMENTARIO	desafio-gut/frontend/netlify/functions/_lib/simulador.mjs	6	7	lances	// de lances (simularVencedorMenorLance). Sem dependências externas (D2).
BACKEND	COMENTARIO	desafio-gut/frontend/netlify/functions/_lib/simulador.mjs	8	10	lances	// Blob "lances-relampago": chave = edicaoId, valor = { lances: [
BACKEND	COMENTARIO	desafio-gut/frontend/netlify/functions/_lib/simulador.mjs	8	57	lances	// Blob "lances-relampago": chave = edicaoId, valor = { lances: [
BACKEND	IDENTIFICADOR	desafio-gut/frontend/netlify/functions/_lib/simulador.mjs	13	12	LANCES	const BLOB_LANCES = "lances-relampago";
BACKEND	STRING-TECNICA	desafio-gut/frontend/netlify/functions/_lib/simulador.mjs	13	22	lances	const BLOB_LANCES = "lances-relampago";
BACKEND	COMENTARIO	desafio-gut/frontend/netlify/functions/_lib/simulador.mjs	22	32	lance	* Função PURA — apura o menor lance único a partir de uma lista de lances.
BACKEND	COMENTARIO	desafio-gut/frontend/netlify/functions/_lib/simulador.mjs	22	69	lances	* Função PURA — apura o menor lance único a partir de uma lista de lances.
BACKEND	COMENTARIO	desafio-gut/frontend/netlify/functions/_lib/simulador.mjs	26	83	lances	* @param {Array<{endereco?:string, valorCentavos:number, nomeExibicao?:string}>} lances
BACKEND	IDENTIFICADOR	desafio-gut/frontend/netlify/functions/_lib/simulador.mjs	32	39	lances	export function apurarMenorLanceUnico(lances) {
BACKEND	IDENTIFICADOR	desafio-gut/frontend/netlify/functions/_lib/simulador.mjs	33	31	lances	const lista = Array.isArray(lances) ? lances : [];
BACKEND	IDENTIFICADOR	desafio-gut/frontend/netlify/functions/_lib/simulador.mjs	33	41	lances	const lista = Array.isArray(lances) ? lances : [];
BACKEND	COMENTARIO	desafio-gut/frontend/netlify/functions/_lib/simulador.mjs	78	10	lances	* Lê os lances do Blob da edição e apura o menor lance único. Fail-soft:
BACKEND	COMENTARIO	desafio-gut/frontend/netlify/functions/_lib/simulador.mjs	78	51	lance	* Lê os lances do Blob da edição e apura o menor lance único. Fail-soft:
BACKEND	IDENTIFICADOR	desafio-gut/frontend/netlify/functions/_lib/simulador.mjs	84	7	lances	let lances = [];
BACKEND	IDENTIFICADOR	desafio-gut/frontend/netlify/functions/_lib/simulador.mjs	86	41	LANCES	const store = getStore({ name: BLOB_LANCES, consistency: "strong" });
BACKEND	IDENTIFICADOR	desafio-gut/frontend/netlify/functions/_lib/simulador.mjs	88	5	lances	lances = Array.isArray(doc?.lances) ? doc.lances : [];
BACKEND	IDENTIFICADOR	desafio-gut/frontend/netlify/functions/_lib/simulador.mjs	88	33	lances	lances = Array.isArray(doc?.lances) ? doc.lances : [];
BACKEND	IDENTIFICADOR	desafio-gut/frontend/netlify/functions/_lib/simulador.mjs	88	47	lances	lances = Array.isArray(doc?.lances) ? doc.lances : [];
BACKEND	STRING-TECNICA	desafio-gut/frontend/netlify/functions/_lib/simulador.mjs	90	42	lances	console.warn("[simulador] leitura de lances falhou:", err?.message);
BACKEND	IDENTIFICADOR	desafio-gut/frontend/netlify/functions/_lib/simulador.mjs	93	37	lances	return { ...apurarMenorLanceUnico(lances), edicaoId: id };
BACKEND	COMENTARIO	desafio-gut/frontend/netlify/functions/_lib/system-state.mjs	7	38	lances	// opt-in EXPLÍCITO — nunca bloquear lances por falha de leitura do Blob). A
BACKEND	COMENTARIO	desafio-gut/frontend/netlify/functions/_lib/system-state.mjs	11	4	lance	// lance-relampago.mjs / lance-programado.mjs (gate — ITEM 8).
BACKEND	COMENTARIO	desafio-gut/frontend/netlify/functions/_lib/system-state.mjs	11	26	lance	// lance-relampago.mjs / lance-programado.mjs (gate — ITEM 8).
BACKEND	COMENTARIO	desafio-gut/frontend/netlify/functions/_lib/troco-senhas.mjs	12	17	lances	// A ponte para lances on-chain converte troco -> saldoSenhas on-demand (FIFO),
BACKEND-TESTES	TEXTO-UI	desafio-gut/frontend/netlify/functions/_tests/chatbot-dispatch.test.mjs	71	15	lance	test('"qual o lance mínimo?" → null (RAG)', async () => {
BACKEND-TESTES	TEXTO-UI	desafio-gut/frontend/netlify/functions/_tests/chatbot-dispatch.test.mjs	72	60	lance	const resp = await tratarIntentEdicoes(reqVazio, "qual o lance mínimo?", "visitante", null);
BACKEND-TESTES	COMENTARIO	desafio-gut/frontend/netlify/functions/_tests/mc28-keyperbid.test.mjs	1	31	Bid	// MC28.1 — Testes do Key-Per-Bid (offline, mock @netlify/blobs).
BACKEND-TESTES	STRING-TECNICA	desafio-gut/frontend/netlify/functions/_tests/mc28-keyperbid.test.mjs	33	50	bids	before(async () => { lib = await import("../_lib/bids-store.mjs"); });
BACKEND-TESTES	TEXTO-UI	desafio-gut/frontend/netlify/functions/_tests/mc28-keyperbid.test.mjs	35	31	bid	test("montarChaveBid: formato bid:{edicao}:{endereco}:{sufixo} e endereço minúsculo", () => {
BACKEND-TESTES	IDENTIFICADOR	desafio-gut/frontend/netlify/functions/_tests/mc28-keyperbid.test.mjs	37	21	bid	assert.match(k, /^bid:R-1:0xabcdef0000000000000000000000000000000001:[0-9a-f]{8}$/);
BACKEND-TESTES	TEXTO-UI	desafio-gut/frontend/netlify/functions/_tests/mc28-keyperbid.test.mjs	40	22	lances	test("gravarBid: 150 lances concorrentes do MESMO utilizador → 150 chaves distintas, zero perda", async () => {
BACKEND-TESTES	TEXTO-UI	desafio-gut/frontend/netlify/functions/_tests/mc28-keyperbid.test.mjs	50	47	lances	assert.equal(lidos.length, N, "todos os 150 lances devem persistir (sem sobrescrita)");
BACKEND-TESTES	TEXTO-UI	desafio-gut/frontend/netlify/functions/_tests/mc28-keyperbid.test.mjs	53	60	lances	test("listarBids: paginação + paralelismo lê TODOS os 1500 lances em < 5s", async () => {
BACKEND-TESTES	TEXTO-UI	desafio-gut/frontend/netlify/functions/_tests/mc28-keyperbid.test.mjs	79	80	lances	assert.equal(lidos.length, 1, "o marcador :consolidado NÃO entra na lista de lances");
BACKEND-TESTES	COMENTARIO	desafio-gut/frontend/netlify/functions/_tests/mc28-seguranca.test.mjs	4	73	lance	// Cobre (SEGMENTO 7.3): compatibilidade EVM do hash, apuração do menor lance
BACKEND-TESTES	IDENTIFICADOR	desafio-gut/frontend/netlify/functions/_tests/mc28-seguranca.test.mjs	13	5	bids	let bids       = [];               // listarBids
BACKEND-TESTES	STRING-TECNICA	desafio-gut/frontend/netlify/functions/_tests/mc28-seguranca.test.mjs	20	22	bids	mock.module("../_lib/bids-store.mjs", {
BACKEND-TESTES	IDENTIFICADOR	desafio-gut/frontend/netlify/functions/_tests/mc28-seguranca.test.mjs	22	36	bids	listarBids:        async () => bids,
BACKEND-TESTES	STRING-TECNICA	desafio-gut/frontend/netlify/functions/_tests/mc28-seguranca.test.mjs	29	56	lances	before(async () => { mod = await import("../consolidar-lances.mjs"); });
BACKEND-TESTES	COMENTARIO	desafio-gut/frontend/netlify/functions/_tests/mc28-seguranca.test.mjs	47	28	lance	// ── 2. Apuração do menor lance único (Artigo VIII) ──────────────────────────
BACKEND-TESTES	TEXTO-UI	desafio-gut/frontend/netlify/functions/_tests/mc28-seguranca.test.mjs	58	29	lance	test("apurarMenorUnico: sem lance único → null", () => {
BACKEND-TESTES	TEXTO-UI	desafio-gut/frontend/netlify/functions/_tests/mc28-seguranca.test.mjs	66	18	lances	test("consolidar-lances: requisição não-admin é rejeitada (guardAdmin)", async () => {
BACKEND-TESTES	TEXTO-UI	desafio-gut/frontend/netlify/functions/_tests/mc28-seguranca.test.mjs	75	18	lances	test("consolidar-lances: fora de mainnet é bloqueado (409)", async () => {
BACKEND-TESTES	TEXTO-UI	desafio-gut/frontend/netlify/functions/_tests/mc28-seguranca.test.mjs	83	18	lances	test("consolidar-lances: edição já consolidada responde idempotente (sem reenvio)", async () => {
BACKEND-TESTES	COMENTARIO	desafio-gut/frontend/netlify/functions/_tests/mc302-integracao.test.mjs	102	70	lances	// bundler (essencial p/ provider.waitForTransaction em consolidar-lances.mjs).
BACKEND-TESTES	TEXTO-UI	desafio-gut/frontend/netlify/functions/_tests/mc302-integracao.test.mjs	149	34	lances	test("ITEM 6.5: concorrência — N lances simultâneos viram N UserOps distintas", async () => {
BACKEND-TESTES	COMENTARIO	desafio-gut/frontend/netlify/functions/_tests/mc321-data-store-supabase.test.mjs	6	38	lance	// e o registro imutável completo do lance em lances.payload (JSONB), com as
BACKEND-TESTES	COMENTARIO	desafio-gut/frontend/netlify/functions/_tests/mc321-data-store-supabase.test.mjs	6	47	lances	// e o registro imutável completo do lance em lances.payload (JSONB), com as
BACKEND-TESTES	COMENTARIO	desafio-gut/frontend/netlify/functions/_tests/mc321-data-store-supabase.test.mjs	7	46	lance	// colunas planas (edicao_id, endereco, hash_lance, valor_centavos) replicadas.
BACKEND-TESTES	IDENTIFICADOR	desafio-gut/frontend/netlify/functions/_tests/mc321-data-store-supabase.test.mjs	12	33	lances	const db = { config: new Map(), lances: [] };
BACKEND-TESTES	IDENTIFICADOR	desafio-gut/frontend/netlify/functions/_tests/mc321-data-store-supabase.test.mjs	23	22	lances	const all = db.lances
BACKEND-TESTES	IDENTIFICADOR	desafio-gut/frontend/netlify/functions/_tests/mc321-data-store-supabase.test.mjs	34	22	lances	insert(obj) { db.lances.push({ ...obj, created_at: ++seq }); return Promise.resolve({ error: null }); },
BACKEND-TESTES	IDENTIFICADOR	desafio-gut/frontend/netlify/functions/_tests/mc321-data-store-supabase.test.mjs	46	42	lances	beforeEach(() => { db.config.clear(); db.lances.length = 0; seq = 0; });
BACKEND-TESTES	IDENTIFICADOR	desafio-gut/frontend/netlify/functions/_tests/mc321-data-store-supabase.test.mjs	64	9	lance	const lance = {
BACKEND-TESTES	IDENTIFICADOR	desafio-gut/frontend/netlify/functions/_tests/mc321-data-store-supabase.test.mjs	68	43	lance	const key = await store.addLance("R-1", lance);
BACKEND-TESTES	IDENTIFICADOR	desafio-gut/frontend/netlify/functions/_tests/mc321-data-store-supabase.test.mjs	69	23	bid	assert.match(key, /^bid:R-1:0xde70000000000000000000000000000000000009:[0-9a-f]{8}$/);
BACKEND-TESTES	IDENTIFICADOR	desafio-gut/frontend/netlify/functions/_tests/mc321-data-store-supabase.test.mjs	71	19	lances	assert.equal(db.lances.length, 1);
BACKEND-TESTES	IDENTIFICADOR	desafio-gut/frontend/netlify/functions/_tests/mc321-data-store-supabase.test.mjs	72	18	lances	const row = db.lances[0];
BACKEND-TESTES	IDENTIFICADOR	desafio-gut/frontend/netlify/functions/_tests/mc321-data-store-supabase.test.mjs	75	25	lance	assert.equal(row.hash_lance, "0xabc");          // ← commitmentHash
BACKEND-TESTES	COMENTARIO	desafio-gut/frontend/netlify/functions/_tests/mc321-data-store-supabase.test.mjs	77	66	Bid	// payload = registro imutável COMPLETO + key (espelha Key-Per-Bid)
BACKEND-TESTES	TEXTO-UI	desafio-gut/frontend/netlify/functions/_tests/mc321-data-store-supabase.test.mjs	83	51	lance	test("addLance legado (sem commitmentHash) → hash_lance null, ainda persiste", async () => {
BACKEND-TESTES	IDENTIFICADOR	desafio-gut/frontend/netlify/functions/_tests/mc321-data-store-supabase.test.mjs	86	19	lances	assert.equal(db.lances[0].hash_lance, null);
BACKEND-TESTES	IDENTIFICADOR	desafio-gut/frontend/netlify/functions/_tests/mc321-data-store-supabase.test.mjs	86	34	lance	assert.equal(db.lances[0].hash_lance, null);
BACKEND-TESTES	IDENTIFICADOR	desafio-gut/frontend/netlify/functions/_tests/mc321-data-store-supabase.test.mjs	87	19	lances	assert.equal(db.lances[0].valor_centavos, 10);
BACKEND-TESTES	IDENTIFICADOR	desafio-gut/frontend/netlify/functions/_tests/mc321-data-store-supabase.test.mjs	99	9	lances	const lances = await store.getLances("R-1");
BACKEND-TESTES	IDENTIFICADOR	desafio-gut/frontend/netlify/functions/_tests/mc321-data-store-supabase.test.mjs	100	16	lances	assert.equal(lances.length, 2);
BACKEND-TESTES	IDENTIFICADOR	desafio-gut/frontend/netlify/functions/_tests/mc321-data-store-supabase.test.mjs	101	20	lances	assert.deepEqual(lances.map((l) => l.nomeExibicao), ["A", "B"]);
BACKEND-TESTES	IDENTIFICADOR	desafio-gut/frontend/netlify/functions/_tests/mc321-data-store-supabase.test.mjs	102	16	lances	assert.equal(lances[0].valorCentavos, 1);
BACKEND-TESTES	IDENTIFICADOR	desafio-gut/frontend/netlify/functions/_tests/mc321-data-store-supabase.test.mjs	103	13	lances	assert.ok(lances[0].key); // key preservada no payload
BACKEND-TESTES	TEXTO-UI	desafio-gut/frontend/netlify/functions/_tests/mc321-data-store-supabase.test.mjs	106	30	lances	test("getLances pagina >1000 lances sem truncar (K1/MC33) — 2500 inteiros", async () => {
BACKEND-TESTES	IDENTIFICADOR	desafio-gut/frontend/netlify/functions/_tests/mc321-data-store-supabase.test.mjs	109	8	lances	db.lances.push({
BACKEND-TESTES	IDENTIFICADOR	desafio-gut/frontend/netlify/functions/_tests/mc321-data-store-supabase.test.mjs	112	12	lance	hash_lance: null,
BACKEND-TESTES	STRING-TECNICA	desafio-gut/frontend/netlify/functions/_tests/mc321-data-store-supabase.test.mjs	114	42	bid	payload: { valorCentavos: i, key: `bid:R-1:x:${i}` },
BACKEND-TESTES	IDENTIFICADOR	desafio-gut/frontend/netlify/functions/_tests/mc321-data-store-supabase.test.mjs	118	9	lances	const lances = await store.getLances("R-1");
BACKEND-TESTES	IDENTIFICADOR	desafio-gut/frontend/netlify/functions/_tests/mc321-data-store-supabase.test.mjs	119	16	lances	assert.equal(lances.length, N, "deve devolver TODOS os 2500 (leitura exaustiva)");
BACKEND-TESTES	IDENTIFICADOR	desafio-gut/frontend/netlify/functions/_tests/mc321-data-store-supabase.test.mjs	121	19	lances	const valores = lances.map((l) => l.valorCentavos);
BACKEND-TESTES	STRING-TECNICA	desafio-gut/frontend/netlify/functions/_tests/mc33-load.mjs	17	49	lances	import { apurarMenorUnico } from "../consolidar-lances.mjs";
BACKEND-TESTES	COMENTARIO	desafio-gut/frontend/netlify/functions/_tests/mc33-load.mjs	24	14	lance	*  => menor lance único esperado = 2, vencedor = endereço do lance i=2. */
BACKEND-TESTES	COMENTARIO	desafio-gut/frontend/netlify/functions/_tests/mc33-load.mjs	24	63	lance	*  => menor lance único esperado = 2, vencedor = endereço do lance i=2. */
BACKEND-TESTES	IDENTIFICADOR	desafio-gut/frontend/netlify/functions/_tests/mc33-load.mjs	26	9	lances	const lances = [];
BACKEND-TESTES	IDENTIFICADOR	desafio-gut/frontend/netlify/functions/_tests/mc33-load.mjs	28	5	lances	lances.push({
BACKEND-TESTES	IDENTIFICADOR	desafio-gut/frontend/netlify/functions/_tests/mc33-load.mjs	37	10	lances	return lances;
BACKEND-TESTES	COMENTARIO	desafio-gut/frontend/netlify/functions/_tests/mc33-load.mjs	78	22	lances	// Limpeza: apagar lances de teste e confirmar 0 restantes.
BACKEND-TESTES	STRING-TECNICA	desafio-gut/frontend/netlify/functions/_tests/mc33-load.mjs	80	18	lances	await sb.from("lances").delete().eq("edicao_id", edicaoId);
BACKEND-TESTES	STRING-TECNICA	desafio-gut/frontend/netlify/functions/_tests/mc33-load.mjs	81	46	lances	const { count: restante } = await sb.from("lances")
BACKEND-TESTES	COMENTARIO	desafio-gut/frontend/netlify/functions/_tests/mc33-rls.mjs	8	26	lances	// B1 leitura anónima de lances  → DEVE devolver [] (RLS sem policy SELECT p/ anon)
BACKEND-TESTES	COMENTARIO	desafio-gut/frontend/netlify/functions/_tests/mc33-rls.mjs	9	26	lances	// B2 escrita anónima de lances  → DEVE ser bloqueada (401/403)
BACKEND-TESTES	COMENTARIO	desafio-gut/frontend/netlify/functions/_tests/mc33-rls.mjs	39	28	lances	// B1 — leitura anónima de lances → 200 + array vazio
BACKEND-TESTES	TEXTO-UI	desafio-gut/frontend/netlify/functions/_tests/mc33-rls.mjs	41	31	lances	const r = await req("GET", "lances?limit=1", ANON);
BACKEND-TESTES	TEXTO-UI	desafio-gut/frontend/netlify/functions/_tests/mc33-rls.mjs	43	29	lances	todasOk &= reg("B1", "GET lances (anon)", "200 + []", `${r.status} ${Array.isArray(r.json) ? `len=${r.json.length}` : r.txt}`, vazio);
BACKEND-TESTES	COMENTARIO	desafio-gut/frontend/netlify/functions/_tests/mc33-rls.mjs	46	28	lances	// B2 — escrita anónima de lances → 401/403 (bloqueado por RLS)
BACKEND-TESTES	STRING-TECNICA	desafio-gut/frontend/netlify/functions/_tests/mc33-rls.mjs	48	32	lances	const r = await req("POST", "lances", ANON, NOVO);
BACKEND-TESTES	TEXTO-UI	desafio-gut/frontend/netlify/functions/_tests/mc33-rls.mjs	50	30	lances	todasOk &= reg("B2", "POST lances (anon)", "401/403", `${r.status} ${r.txt}`, bloqueado);
BACKEND-TESTES	TEXTO-UI	desafio-gut/frontend/netlify/functions/_tests/mc33-rls.mjs	56	31	lances	const r = await req("GET", "lances?limit=1", SERVICE);
BACKEND-TESTES	TEXTO-UI	desafio-gut/frontend/netlify/functions/_tests/mc33-rls.mjs	57	30	lances	todasOk &= reg("B3a", "GET lances (service_role)", "200", `${r.status}`, r.status === 200);
BACKEND-TESTES	STRING-TECNICA	desafio-gut/frontend/netlify/functions/_tests/mc33-rls.mjs	62	32	lances	const r = await req("POST", "lances", SERVICE, NOVO);
BACKEND-TESTES	TEXTO-UI	desafio-gut/frontend/netlify/functions/_tests/mc33-rls.mjs	64	31	lances	todasOk &= reg("B3b", "POST lances (service_role)", "201", `${r.status}`, criado);
BACKEND-TESTES	TEXTO-UI	desafio-gut/frontend/netlify/functions/_tests/mc33-rls.mjs	66	24	lances	await req("DELETE", `lances?edicao_id=eq.MC33-RLS-PROBE`, SERVICE);
BACKEND-TESTES	TEXTO-UI	desafio-gut/frontend/netlify/functions/_tests/mc33-rls.mjs	67	31	lances	const v = await req("GET", `lances?edicao_id=eq.MC33-RLS-PROBE&select=id`, SERVICE);
BACKEND-TESTES	COMENTARIO	desafio-gut/frontend/netlify/functions/_tests/mc361-saldo-rs.test.mjs	2	40	lance	// Cobre o caminho usado pelo fluxo de lance (lance-relampago → debitarSaldoRs):
BACKEND-TESTES	COMENTARIO	desafio-gut/frontend/netlify/functions/_tests/mc361-saldo-rs.test.mjs	2	47	lance	// Cobre o caminho usado pelo fluxo de lance (lance-relampago → debitarSaldoRs):
BACKEND-TESTES	TEXTO-UI	desafio-gut/frontend/netlify/functions/_tests/mc361-saldo-rs.test.mjs	57	45	lance	test("débito com saldo suficiente (fluxo de lance) debita", async () => {
BACKEND-TESTES	STRING-TECNICA	desafio-gut/frontend/netlify/functions/_tests/mc361-saldo-rs.test.mjs	59	87	lance	const d = await saldo.debitarSaldoRs({ endereco: ADDR, valorCentavos: 400, motivo: "lance-R1" });
BACKEND-TESTES	STRING-TECNICA	desafio-gut/frontend/netlify/functions/_tests/mc361-saldo-rs.test.mjs	67	87	lance	const d = await saldo.debitarSaldoRs({ endereco: ADDR, valorCentavos: 500, motivo: "lance-R1" });
BACKEND-TESTES	TEXTO-UI	desafio-gut/frontend/netlify/functions/_tests/mc361-saldo-rs.test.mjs	73	60	lance	test("reembolso devolve ao saldo (compensação pós-falha de lance)", async () => {
BACKEND-TESTES	STRING-TECNICA	desafio-gut/frontend/netlify/functions/_tests/mc361-saldo-rs.test.mjs	75	78	lance	await saldo.debitarSaldoRs({ endereco: ADDR, valorCentavos: 1000, motivo: "lance-R1" });
BACKEND-TESTES	STRING-TECNICA	desafio-gut/frontend/netlify/functions/_tests/mc361-saldo-rs.test.mjs	77	91	lance	const r = await saldo.reembolsarSaldoRs({ endereco: ADDR, valorCentavos: 1000, motivo: "lance-falhou" });
BACKEND-TESTES	COMENTARIO	desafio-gut/frontend/netlify/functions/_tests/mc39171-p0-fixes.test.mjs	4	18	lances	// B-P0-1: purge-lances.mjs era destrutivo SEM autenticação. Agora exige guardAdmin
BACKEND-TESTES	COMENTARIO	desafio-gut/frontend/netlify/functions/_tests/mc39171-p0-fixes.test.mjs	14	51	lances	let getStoreCalls = 0;     // quantas vezes purge-lances abriu um Blob store
BACKEND-TESTES	STRING-TECNICA	desafio-gut/frontend/netlify/functions/_tests/mc39171-p0-fixes.test.mjs	45	36	lances	purge   = await import("../purge-lances.mjs");
BACKEND-TESTES	COMENTARIO	desafio-gut/frontend/netlify/functions/_tests/mc39171-p0-fixes.test.mjs	57	21	lances	// ── B-P0-1: purge-lances exige admin ANTES de qualquer operação destrutiva ──
BACKEND-TESTES	TEXTO-UI	desafio-gut/frontend/netlify/functions/_tests/mc39171-p0-fixes.test.mjs	58	13	lances	test("purge-lances: requisição não-admin é rejeitada (guardAdmin) sem tocar nos Blobs", async () => {
BACKEND-TESTES	TEXTO-UI	desafio-gut/frontend/netlify/functions/_tests/mc39171-p0-fixes.test.mjs	67	13	lances	test("purge-lances: admin autorizado prossegue e responde ok", async () => {
BACKEND-TESTES	TEXTO-UI	desafio-gut/frontend/netlify/functions/_tests/mc39171-p0-fixes.test.mjs	78	13	lances	test("purge-lances: método != POST → 405", async () => {
BACKEND-TESTES	IDENTIFICADOR	desafio-gut/frontend/netlify/functions/_tests/mc72-conta-delete.test.mjs	91	5	lances	lances: [{ endereco: ALVO, valor_centavos: 100 }, { endereco: ALVO, valor_centavos: 200 }, { endereco: OUTRO }],
BACKEND-TESTES	STRING-TECNICA	desafio-gut/frontend/netlify/functions/_tests/mc72-conta-delete.test.mjs	104	6	lance	"lance-idem": new Map([["idemA", { endereco: ALVO }], ["idemB", { endereco: OUTRO }]]),
BACKEND-TESTES	IDENTIFICADOR	desafio-gut/frontend/netlify/functions/_tests/mc72-conta-delete.test.mjs	117	36	lances	assert.equal(m.supabase.deletado.lances, 2);
BACKEND-TESTES	IDENTIFICADOR	desafio-gut/frontend/netlify/functions/_tests/mc72-conta-delete.test.mjs	125	24	lances	assert.equal(tabelas.lances.length, 3);
BACKEND-TESTES	IDENTIFICADOR	desafio-gut/frontend/netlify/functions/_tests/mc72-conta-delete.test.mjs	142	24	lances	assert.equal(tabelas.lances.length, 1);
BACKEND-TESTES	IDENTIFICADOR	desafio-gut/frontend/netlify/functions/_tests/mc72-conta-delete.test.mjs	143	24	lances	assert.equal(tabelas.lances[0].endereco, OUTRO);
BACKEND-TESTES	STRING-TECNICA	desafio-gut/frontend/netlify/functions/_tests/mc72-conta-delete.test.mjs	153	24	lance	assert.equal(stores["lance-idem"].has("idemA"), false);
BACKEND-TESTES	STRING-TECNICA	desafio-gut/frontend/netlify/functions/_tests/mc72-conta-delete.test.mjs	154	24	lance	assert.equal(stores["lance-idem"].has("idemB"), true);
BACKEND-TESTES	IDENTIFICADOR	desafio-gut/frontend/netlify/functions/_tests/mc72-conta-delete.test.mjs	193	24	lances	assert.equal(tabelas.lances.length, 1);
BACKEND-TESTES	TEXTO-UI	desafio-gut/frontend/netlify/functions/_tests/mc8820-guto-personalidades.test.mjs	34	56	lance	for (const params of [{ trecho: "" }, { trecho: "O lance vencedor e o menor valor unico." }]) {
BACKEND-TESTES	TEXTO-UI	desafio-gut/frontend/netlify/functions/_tests/mc8820-guto-personalidades.test.mjs	78	53	lance	const jaConvidou = "Funciona assim: vence o menor lance unico. Que tal criar uma conta e dar um lance?";
BACKEND-TESTES	TEXTO-UI	desafio-gut/frontend/netlify/functions/_tests/mc8820-guto-personalidades.test.mjs	78	99	lance	const jaConvidou = "Funciona assim: vence o menor lance unico. Que tal criar uma conta e dar um lance?";
BACKEND-TESTES	TEXTO-UI	desafio-gut/frontend/netlify/functions/_tests/mc8820-guto-personalidades.test.mjs	86	25	lance	const semConvite = "O lance vencedor e o menor valor que aparece uma unica vez.";
BACKEND-TESTES	COMENTARIO	desafio-gut/frontend/netlify/functions/_tests/mc8843-estado-edicao.test.mjs	81	13	leilão	//    que o leilão abrir). Sem isto, o corpo de derivação nunca seria exercido.
BACKEND-TESTES	IDENTIFICADOR	desafio-gut/frontend/netlify/functions/_tests/mc8843-estado-edicao.test.mjs	197	51	Leilão	["components/glass/AuctionStatusBar.jsx", /🔴 Leilão encerrado/,                             '"Leilão encerrado" cru'],
BACKEND-TESTES	TEXTO-UI	desafio-gut/frontend/netlify/functions/_tests/mc8843-estado-edicao.test.mjs	197	100	Leilão	["components/glass/AuctionStatusBar.jsx", /🔴 Leilão encerrado/,                             '"Leilão encerrado" cru'],
BACKEND-TESTES	TEXTO-UI	desafio-gut/frontend/netlify/functions/_tests/mc8843-estado-edicao.test.mjs	205	29	leilão	test("a Vitrine não anuncia leilão ao vivo enquanto o cronómetro diz EM BREVE", () => {
BACKEND-TESTES	IDENTIFICADOR	desafio-gut/frontend/netlify/functions/_tests/mc891-admin-stats.test.mjs	58	5	lances	lances: [],
BACKEND-TESTES	IDENTIFICADOR	desafio-gut/frontend/netlify/functions/_tests/mc891-admin-stats.test.mjs	73	59	lances	cotas: erro, saldo_rs: erro, saldo_rs_creditos: erro, lances: erro, fila_tarefas: erro,
BACKEND-TESTES	IDENTIFICADOR	desafio-gut/frontend/netlify/functions/_tests/mc891-admin-stats.test.mjs	95	5	lances	lances:   [{ endereco: b }],
BACKEND-TESTES	IDENTIFICADOR	desafio-gut/frontend/netlify/functions/_tests/mc891-admin-stats.test.mjs	125	42	lances	saldo_rs: [], saldo_rs_creditos: [], lances: [], fila_tarefas: [],
BACKEND-TESTES	IDENTIFICADOR	desafio-gut/frontend/netlify/functions/_tests/mc891-admin-stats.test.mjs	146	28	lances	saldo_rs_creditos: [], lances: [], fila_tarefas: [],
BACKEND-TESTES	IDENTIFICADOR	desafio-gut/frontend/netlify/functions/_tests/mc891-admin-stats.test.mjs	157	30	lances	cotas: [], saldo_rs: [], lances: [], fila_tarefas: [],
BACKEND-TESTES	IDENTIFICADOR	desafio-gut/frontend/netlify/functions/_tests/mc891-admin-stats.test.mjs	172	53	lances	cotas: [], saldo_rs: [], saldo_rs_creditos: [], lances: [],
BACKEND-TESTES	TEXTO-UI	desafio-gut/frontend/netlify/functions/_tests/mc892-guto-metricas.test.mjs	71	17	lances	["volume de lances",           "dados_mercado"],
BACKEND-TESTES	IDENTIFICADOR	desafio-gut/frontend/netlify/functions/_tests/mc892-guto-metricas.test.mjs	184	82	lances	utilizadores: { comAtividade: 5, fontes: { cotas: 7, saldo: 5, creditos: 18, lances: 0 } },
BACKEND-TESTES	COMENTARIO	desafio-gut/frontend/netlify/functions/_tests/mc9111-programado.test.mjs	1	55	lances	// MC91.11 — Testes do ledger de consumo de senhas em lances programados.
BACKEND-TESTES	TEXTO-UI	desafio-gut/frontend/netlify/functions/_tests/mc9111-programado.test.mjs	47	18	lance	test("consumo: 1 lance consome 1 senha e persiste", async () => {
BACKEND-TESTES	COMENTARIO	desafio-gut/frontend/netlify/functions/_tests/mc9111-programado.test.mjs	63	29	lances	// saldo on-chain = 2 → 2 lances ok, 3º recusado
BACKEND-TESTES	COMENTARIO	desafio-gut/frontend/netlify/functions/_tests/mc9112-integracao-lance.test.mjs	1	45	lance	// MC91.12 — Teste de INTEGRACAO do handler lance-relampago (fluxo corrigido).
BACKEND-TESTES	COMENTARIO	desafio-gut/frontend/netlify/functions/_tests/mc9112-integracao-lance.test.mjs	2	77	lance	// Executar: node --experimental-test-module-mocks --test mc9112-integracao-lance.test.mjs
BACKEND-TESTES	STRING-TECNICA	desafio-gut/frontend/netlify/functions/_tests/mc9112-integracao-lance.test.mjs	68	32	lance	const mod = await import("../lance-relampago.mjs");
BACKEND-TESTES	COMENTARIO	desafio-gut/frontend/netlify/functions/_tests/mc9112-integracao-lance.test.mjs	77	47	lance	url: "http://localhost/.netlify/functions/lance-relampago",
BACKEND-TESTES	TEXTO-UI	desafio-gut/frontend/netlify/functions/_tests/mc9112-integracao-lance.test.mjs	107	46	bid	assert.equal(chamadasAddLance, 1, "key-per-bid (addLance) deve rodar");
BACKEND-TESTES	STRING-TECNICA	desafio-gut/frontend/netlify/functions/_tests/test-conversao-e2e-mc1581.mjs	59	97	lance	const conv = await ref.registrarConversao(vinculo, { nomeIndicado: "Ana", contexto: "primeiro-lance" });
BACKEND-TESTES	TEXTO-UI	desafio-gut/frontend/netlify/functions/_tests/test-intents-mc1581.mjs	34	12	lance	["qual o lance mínimo?", null],
BANCO	COMENTARIO	desafio-gut/frontend/supabase/migrations/20260620_amend_jsonb_payload.sql	11	9	lances	--   2. lances.payload (JSONB): o registro de lance é mais rico que as colunas
BANCO	COMENTARIO	desafio-gut/frontend/supabase/migrations/20260620_amend_jsonb_payload.sql	11	47	lance	--   2. lances.payload (JSONB): o registro de lance é mais rico que as colunas
BANCO	COMENTARIO	desafio-gut/frontend/supabase/migrations/20260620_amend_jsonb_payload.sql	14	30	Bid	--      espelhando o Key-Per-Bid dos Blobs (MC28). As colunas planas
BANCO	COMENTARIO	desafio-gut/frontend/supabase/migrations/20260620_amend_jsonb_payload.sql	15	36	lance	--      (edicao_id, endereco, hash_lance, valor_centavos) ficam para índices/queries.
BANCO	COMENTARIO	desafio-gut/frontend/supabase/migrations/20260620_amend_jsonb_payload.sql	17	9	lances	--   3. lances.hash_lance deixa de ser NOT NULL: o caminho legado (Sepolia/local)
BANCO	COMENTARIO	desafio-gut/frontend/supabase/migrations/20260620_amend_jsonb_payload.sql	17	21	lance	--   3. lances.hash_lance deixa de ser NOT NULL: o caminho legado (Sepolia/local)
BANCO	COMENTARIO	desafio-gut/frontend/supabase/migrations/20260620_amend_jsonb_payload.sql	18	66	lance	--      não produz commitment on-chain; só mainnet preenche hash_lance.
BANCO	IDENTIFICADOR	desafio-gut/frontend/supabase/migrations/20260620_amend_jsonb_payload.sql	24	13	lances	ALTER TABLE lances ADD COLUMN IF NOT EXISTS payload JSONB;
BANCO	IDENTIFICADOR	desafio-gut/frontend/supabase/migrations/20260620_amend_jsonb_payload.sql	25	13	lances	ALTER TABLE lances ALTER COLUMN hash_lance DROP NOT NULL;
BANCO	IDENTIFICADOR	desafio-gut/frontend/supabase/migrations/20260620_amend_jsonb_payload.sql	25	38	lance	ALTER TABLE lances ALTER COLUMN hash_lance DROP NOT NULL;
BANCO	COMENTARIO	desafio-gut/frontend/supabase/migrations/20260620_schema_definitivo.sql	8	33	lances	-- Tabelas: produtos, lojistas, lances, config_remota.
BANCO	COMENTARIO	desafio-gut/frontend/supabase/migrations/20260620_schema_definitivo.sql	10	43	lances	-- exclusiva do service_role (backend) em lances/lojistas/config_remota.
BANCO	COMENTARIO	desafio-gut/frontend/supabase/migrations/20260620_schema_definitivo.sql	32	14	lances	-- Tabela de lances
BANCO	IDENTIFICADOR	desafio-gut/frontend/supabase/migrations/20260620_schema_definitivo.sql	33	28	lances	CREATE TABLE IF NOT EXISTS lances (
BANCO	IDENTIFICADOR	desafio-gut/frontend/supabase/migrations/20260620_schema_definitivo.sql	37	8	lance	hash_lance VARCHAR(66) NOT NULL,
BANCO	IDENTIFICADOR	desafio-gut/frontend/supabase/migrations/20260620_schema_definitivo.sql	50	32	lances	CREATE INDEX IF NOT EXISTS idx_lances_edicao_id ON lances(edicao_id);
BANCO	IDENTIFICADOR	desafio-gut/frontend/supabase/migrations/20260620_schema_definitivo.sql	50	52	lances	CREATE INDEX IF NOT EXISTS idx_lances_edicao_id ON lances(edicao_id);
BANCO	IDENTIFICADOR	desafio-gut/frontend/supabase/migrations/20260620_schema_definitivo.sql	51	32	lances	CREATE INDEX IF NOT EXISTS idx_lances_endereco ON lances(endereco);
BANCO	IDENTIFICADOR	desafio-gut/frontend/supabase/migrations/20260620_schema_definitivo.sql	51	51	lances	CREATE INDEX IF NOT EXISTS idx_lances_endereco ON lances(endereco);
BANCO	IDENTIFICADOR	desafio-gut/frontend/supabase/migrations/20260620_schema_definitivo.sql	56	13	lances	ALTER TABLE lances ENABLE ROW LEVEL SECURITY;
BANCO	IDENTIFICADOR	desafio-gut/frontend/supabase/migrations/20260620_schema_definitivo.sql	61	56	lances	CREATE POLICY "Acesso total exclusivo service_role" ON lances FOR ALL TO service_role USING (true) WITH CHECK (true);
BANCO	COMENTARIO	desafio-gut/frontend/supabase/migrations/20260621_cotas_schema.sql	12	35	lance	-- saldo-rs/troco (fluxo dinheiro/lance) ficam para MC36.1.
BANCO	COMENTARIO	desafio-gut/frontend/supabase/migrations/20260621_enable_realtime_config.sql	4	54	lances	-- seguro, sem risco anti-sniping/MC28). NÃO inclui `lances` — a RLS oculta lances
BANCO	COMENTARIO	desafio-gut/frontend/supabase/migrations/20260621_enable_realtime_config.sql	4	77	lances	-- seguro, sem risco anti-sniping/MC28). NÃO inclui `lances` — a RLS oculta lances
BANCO	COMENTARIO	desafio-gut/frontend/supabase/migrations/20260621_enable_realtime_config.sql	6	13	lance	-- o "menor lance único". `edicoes`/`notificacoes` não existem como tabelas Supabase.
BANCO	COMENTARIO	desafio-gut/frontend/supabase/migrations/20260621_saldo_troco_wallet_schema.sql	6	32	lance	-- semântica, incl. o fluxo de lance via saldoRs). Mapeamento Blob → tabela:
BANCO	COMENTARIO	desafio-gut/frontend/supabase/migrations/20260629_indices_escalabilidade.sql	4	32	lances	-- SCHEMA-VÁLIDO (verificado): lances(id, edicao_id, endereco, hash_lance,
BANCO	COMENTARIO	desafio-gut/frontend/supabase/migrations/20260629_indices_escalabilidade.sql	4	69	lance	-- SCHEMA-VÁLIDO (verificado): lances(id, edicao_id, endereco, hash_lance,
BANCO	COMENTARIO	desafio-gut/frontend/supabase/migrations/20260629_indices_escalabilidade.sql	6	21	lances	-- `consolidado` em lances (apuração é on-chain) → o índice parcial vai em cotas.vendida.
BANCO	COMENTARIO	desafio-gut/frontend/supabase/migrations/20260629_indices_escalabilidade.sql	13	52	lances	-- Item 25 — composto para listagem cronológica de lances por edição (ORDER BY created_at).
BANCO	IDENTIFICADOR	desafio-gut/frontend/supabase/migrations/20260629_indices_escalabilidade.sql	14	32	lances	CREATE INDEX IF NOT EXISTS idx_lances_edicao_created
BANCO	IDENTIFICADOR	desafio-gut/frontend/supabase/migrations/20260629_indices_escalabilidade.sql	15	6	lances	ON lances (edicao_id, created_at DESC);
BANCO	COMENTARIO	desafio-gut/frontend/supabase/migrations/20260629_indices_escalabilidade.sql	17	45	lance	-- Item 25b — composto para apuração "menor lance único" por edição (Art. VIII).
BANCO	IDENTIFICADOR	desafio-gut/frontend/supabase/migrations/20260629_indices_escalabilidade.sql	18	32	lances	CREATE INDEX IF NOT EXISTS idx_lances_edicao_valor
BANCO	IDENTIFICADOR	desafio-gut/frontend/supabase/migrations/20260629_indices_escalabilidade.sql	19	6	lances	ON lances (edicao_id, valor_centavos);
BANCO	COMENTARIO	desafio-gut/frontend/supabase/migrations/20260629_materialized_views.sql	5	6	lances	--   lances(edicao_id, valor_centavos, created_at, ...); cotas(categoria, vendida, ...).
BANCO	COMENTARIO	desafio-gut/frontend/supabase/migrations/20260629_materialized_views.sql	8	23	lances	-- backend-only (como lances/cotas) — REVOKE de anon/authenticated, GRANT só service_role.
BANCO	COMENTARIO	desafio-gut/frontend/supabase/migrations/20260629_materialized_views.sql	11	13	lances	-- ── MV 1: lances agregados por edição (apuração/relatório) ──────────────────
BANCO	IDENTIFICADOR	desafio-gut/frontend/supabase/migrations/20260629_materialized_views.sql	12	37	lances	DROP MATERIALIZED VIEW IF EXISTS mv_lances_por_edicao;
BANCO	IDENTIFICADOR	desafio-gut/frontend/supabase/migrations/20260629_materialized_views.sql	13	29	lances	CREATE MATERIALIZED VIEW mv_lances_por_edicao AS
BANCO	IDENTIFICADOR	desafio-gut/frontend/supabase/migrations/20260629_materialized_views.sql	16	40	lances	COUNT(*)                  AS total_lances,
BANCO	IDENTIFICADOR	desafio-gut/frontend/supabase/migrations/20260629_materialized_views.sql	18	41	lance	MAX(created_at)           AS ultimo_lance_em
BANCO	IDENTIFICADOR	desafio-gut/frontend/supabase/migrations/20260629_materialized_views.sql	19	8	lances	FROM lances
BANCO	IDENTIFICADOR	desafio-gut/frontend/supabase/migrations/20260629_materialized_views.sql	23	42	lances	CREATE UNIQUE INDEX IF NOT EXISTS idx_mv_lances_edicao ON mv_lances_por_edicao (edicao_id);
BANCO	IDENTIFICADOR	desafio-gut/frontend/supabase/migrations/20260629_materialized_views.sql	23	62	lances	CREATE UNIQUE INDEX IF NOT EXISTS idx_mv_lances_edicao ON mv_lances_por_edicao (edicao_id);
BANCO	IDENTIFICADOR	desafio-gut/frontend/supabase/migrations/20260629_materialized_views.sql	38	30	lances	REFRESH MATERIALIZED VIEW mv_lances_por_edicao;
BANCO	IDENTIFICADOR	desafio-gut/frontend/supabase/migrations/20260629_materialized_views.sql	42	18	lances	REVOKE ALL ON mv_lances_por_edicao FROM anon, authenticated;
BANCO	IDENTIFICADOR	desafio-gut/frontend/supabase/migrations/20260629_materialized_views.sql	44	20	lances	GRANT SELECT ON mv_lances_por_edicao TO service_role;
BANCO	COMENTARIO	desafio-gut/frontend/supabase/migrations/20260629_materialized_views.sql	48	39	lances	--   SELECT cron.schedule('refresh-mv-lances', '*/5 * * * *',
BANCO	COMENTARIO	desafio-gut/frontend/supabase/migrations/20260629_materialized_views.sql	49	52	lances	--     $$REFRESH MATERIALIZED VIEW CONCURRENTLY mv_lances_por_edicao$$);
BANCO	COMENTARIO	desafio-gut/frontend/supabase/migrations/20260629_materialized_views.sql	56	5	lances	-- `lances` é o único candidato a particionamento por range(created_at), mas no
BANCO	COMENTARIO	desafio-gut/frontend/supabase/migrations/20260629_materialized_views.sql	58	21	lances	-- Reavaliar quando lances ultrapassar ~10M linhas; então recriar como PARTITION BY
CONTRATO	COMENTARIO	desafio-gut/contracts/Leilao.sol	8	32	lances	// [H-01] Limite máximo de lances únicos por edição (anti-DoS)
CONTRATO	IDENTIFICADOR	desafio-gut/contracts/Leilao.sol	9	33	LANCES	uint256 public constant MAX_LANCES_UNICOS = 10_000;
CONTRATO	IDENTIFICADOR	desafio-gut/contracts/Leilao.sol	16	37	lances	mapping(uint256 => address) lances;
CONTRATO	COMENTARIO	desafio-gut/contracts/Leilao.sol	70	46	lances	// [M-01] Impede reuso de ID — evita lances residuais de edições anteriores
CONTRATO	TEXTO-UI	desafio-gut/contracts/Leilao.sol	89	40	Lance	require(valorEmCentavos >= 1, "Lance minimo e R$ 0,01"); // Artigo XXIII
CONTRATO	IDENTIFICADOR	desafio-gut/contracts/Leilao.sol	99	47	LANCES	e.listaDeValores.length < MAX_LANCES_UNICOS,
CONTRATO	TEXTO-UI	desafio-gut/contracts/Leilao.sol	100	28	lances	"Limite de lances unicos desta edicao atingido"
CONTRATO	IDENTIFICADOR	desafio-gut/contracts/Leilao.sol	105	11	lances	e.lances[valorEmCentavos] = msg.sender;
CONTRATO	IDENTIFICADOR	desafio-gut/contracts/Leilao.sol	123	30	lances	ganhador = e.lances[v];
CONTRATO	COMENTARIO	desafio-gut/contracts/Leilao.sol	142	48	lances	// ── MC28.1: Blindagem de privacidade dos lances (Anti-Bot) ─────────────────
CONTRATO	COMENTARIO	desafio-gut/contracts/Leilao.sol	156	68	lance	// [ITEM 1.4] Consolidação O(1). A coordenação calcula o menor lance único
CONTRATO	COMENTARIO	desafio-gut/contracts/Leilao.sol	159	40	leilão	// edicaoNonce++ queima o nonce do leilão → anti-replay nativo on-chain.
DOCS	TEXTO-DOC	docs/analise-programacao-junho-2026.md	18	11	leilão	- Tipo de leilão: **Relâmpago** (Bronze/Prata, 30min–1h) ou **Programado** (Ouro/Diamante, ciclos de 24h)
DOCS	TEXTO-DOC	docs/analise-programacao-junho-2026.md	95	87	leilões	"benefit": "Isenção total da taxa de compra de fichas na primeira participação em leilões Bronze ou Prata",
DOCS	TEXTO-DOC	docs/analise-programacao-junho-2026.md	146	7	lance	min_lance_brl: number;  // R$ 0,01 padrão (Art. XXIII)
DOCS	TEXTO-DOC	docs/analise-programacao-junho-2026.md	162	9	lance	menor_lance?: number;   // em centavos
DOCS	TEXTO-DOC	docs/analise-programacao-junho-2026.md	218	13	Leilão	| RT-05 | **Leilão Programado (Ouro/Diamante)** — ciclos de 24h, reset automático às 00:00, fixo no topo | P0 | Média | Parcialmente pronto |
DOCS	TEXTO-DOC	docs/analise-programacao-junho-2026.md	219	13	Leilão	| RT-06 | **Leilão Relâmpago (Bronze/Prata)** — 30min a 1h, seção "Oportunidade Agora" | P0 | Média | Parcialmente pronto |
DOCS	COMENTARIO	docs/analise-programacao-junho-2026.md	253	252	leilões	**Resolução**: Os 10 Bônus são **Vouchers de Networking gerados pelo cliente Diamante**. Não são um tier separado. O Diamante gera um código único de convite; o indicado 
DOCS	TEXTO-DOC	docs/analise-programacao-junho-2026.md	258	130	lances	2. **Operação Interna (Fichas)**: Mercado Pago (`desafiogut@gmail.com`). **Automatizado via Webhook** para liberação imediata de lances.
DOCS	TEXTO-DOC	docs/auditoria-contrato.md	4	36	Leilao	> Contrato: `desafio-gut/contracts/Leilao.sol` (90 linhas, Solidity ^0.8.0)
DOCS	TEXTO-DOC	docs/auditoria-contrato.md	11	47	leilão	O contrato `LeilaoGUT` implementa a lógica de leilão "menor lance único" em Solidity. Por não armazenar ETH diretamente (o pagamento de senhas é off-chain via PIX), o vet
DOCS	TEXTO-DOC	docs/auditoria-contrato.md	11	61	lance	O contrato `LeilaoGUT` implementa a lógica de leilão "menor lance único" em Solidity. Por não armazenar ETH diretamente (o pagamento de senhas é off-chain via PIX), o vet
DOCS	TEXTO-DOC	docs/auditoria-contrato.md	27	51	lances	├── Edicao: nome, ativa, prazo, listaDeValores[], lances[v→addr], contagem[v→uint]
DOCS	TEXTO-DOC	docs/auditoria-contrato.md	33	30	lance	- Artigo VIII: vence o menor lance único (`contagem[v] == 1 && v < menorUnico`)
DOCS	TEXTO-DOC	docs/auditoria-contrato.md	34	17	lance	- Artigo XXIII: lance mínimo 1 centavo
DOCS	TEXTO-DOC	docs/auditoria-contrato.md	47	55	Lances	| `darLance` | nenhum (público) | Usuário com saldo | Lances + saldo | MÉDIO — design intencional |
DOCS	COMENTARIO	docs/auditoria-contrato.md	65	19	Leilao	**Localização**: `Leilao.sol:80`
DOCS	COMENTARIO	docs/auditoria-contrato.md	71	51	lance	**Descrição**: `listaDeValores` cresce 1 item por lance único sem nenhum limite máximo. Se o número de valores únicos crescer suficientemente, a função `apurarVencedor` e
DOCS	TEXTO-DOC	docs/auditoria-contrato.md	74	62	lances	- Custo por iteração: ~800 gas (2× SLOAD de `contagem[v]` + `lances[v]`)
DOCS	TEXTO-DOC	docs/auditoria-contrato.md	76	43	lances	- Iterações máximas antes de DoS: ~37.500 lances únicos
DOCS	TEXTO-DOC	docs/auditoria-contrato.md	77	9	leilão	- Em um leilão normal: improvável. Em ataque coordenado (alguém com muitas senhas fazendo spam de valores únicos): viável.
DOCS	TEXTO-DOC	docs/auditoria-contrato.md	81	21	lances	2. Atacante submete lances em valores 1, 2, 3, ..., N — todos únicos.
DOCS	TEXTO-DOC	docs/auditoria-contrato.md	91	29	LANCES	uint256 public constant MAX_LANCES_UNICOS = 10_000;
DOCS	TEXTO-DOC	docs/auditoria-contrato.md	99	43	LANCES	e.listaDeValores.length < MAX_LANCES_UNICOS,
DOCS	TEXTO-DOC	docs/auditoria-contrato.md	100	24	lances	"Limite de lances unicos atingido para esta edicao"
DOCS	COMENTARIO	docs/auditoria-contrato.md	110	56	Lances	### [M-01] Estado da Edição Não Resetado ao Re-Abrir — Lances Obsoletos Persistem
DOCS	COMENTARIO	docs/auditoria-contrato.md	116	19	Leilao	**Localização**: `Leilao.sol:39-45`
DOCS	COMENTARIO	docs/auditoria-contrato.md	124	27	lances	// ⚠️ listaDeValores, lances, contagem NÃO são resetados
DOCS	COMENTARIO	docs/auditoria-contrato.md	129	155	lances	**Descrição**: Se a coordenação chamar `abrirEdicao("R-1", ...)` duas vezes com o mesmo `idEdicao`, a segunda chamada reabre a edição mas mantém todos os lances anteriore
DOCS	TEXTO-DOC	docs/auditoria-contrato.md	132	38	lance	1. Edição "R-1" corre. Usuário A faz lance único de 42 centavos — o menor.
DOCS	TEXTO-DOC	docs/auditoria-contrato.md	134	36	lance	3. `listaDeValores` ainda contém o lance de 42 de A. A ainda aparece como `lances[42]`.
DOCS	TEXTO-DOC	docs/auditoria-contrato.md	134	76	lances	3. `listaDeValores` ainda contém o lance de 42 de A. A ainda aparece como `lances[42]`.
DOCS	TEXTO-DOC	docs/auditoria-contrato.md	135	25	lances	4. Novos usuários fazem lances. Se ninguém fizer lance de 42 na 2ª rodada, A vence automaticamente — sem ter participado.
DOCS	TEXTO-DOC	docs/auditoria-contrato.md	135	50	lance	4. Novos usuários fazem lances. Se ninguém fizer lance de 42 na 2ª rodada, A vence automaticamente — sem ter participado.
DOCS	COMENTARIO	docs/auditoria-contrato.md	137	37	leilão	**Impacto**: Resultado incorreto do leilão se IDs de edição forem reutilizados. Risco real para o negócio: usuário pode reclamar vitória indevida.
DOCS	COMENTARIO	docs/auditoria-contrato.md	144	15	lances	// Limpar lances anteriores se a edição já foi usada
DOCS	TEXTO-DOC	docs/auditoria-contrato.md	148	22	lances	delete e.lances[v];
DOCS	COMENTARIO	docs/auditoria-contrato.md	182	19	Leilao	**Localização**: `Leilao.sol:29-31`
DOCS	COMENTARIO	docs/auditoria-contrato.md	223	19	Leilao	**Localização**: `Leilao.sol:75`
DOCS	COMENTARIO	docs/auditoria-contrato.md	231	130	leilão	**Impacto**: Usuários precisam confiar inteiramente na coordenação para a corretude do resultado. Contradiz o propósito de ter o leilão on-chain (transparência/imutabilid
DOCS	TEXTO-DOC	docs/auditoria-contrato.md	245	26	lances	ganhador = e.lances[v];
DOCS	TEXTO-DOC	docs/auditoria-contrato.md	252	87	leilão	Isso não compromete a segurança (a função é `view` — não muda estado), e transforma o leilão em verificável por qualquer pessoa.
DOCS	COMENTARIO	docs/auditoria-contrato.md	256	38	Lances	### [L-01] Frontrunning Estrutural — Lances Visíveis no Mempool
DOCS	TEXTO-DOC	docs/auditoria-contrato.md	265	10	lance	1. Ver o lance X submetido
DOCS	COMENTARIO	docs/auditoria-contrato.md	274	36	lance	// Fase 1: Usuário submete hash do lance
DOCS	COMENTARIO	docs/auditoria-contrato.md	277	29	lance	// Fase 2: Usuário revela o lance após período de commit
DOCS	COMENTARIO	docs/auditoria-contrato.md	289	19	Leilao	**Localização**: `Leilao.sol:43, 61`
DOCS	TEXTO-DOC	docs/auditoria-contrato.md	296	80	leilões	Validadores Ethereum podem ajustar `block.timestamp` em até ~12 segundos. Para leilões de duração longa (horas), o impacto é negligenciável. Para leilões de duração muito
DOCS	TEXTO-DOC	docs/auditoria-contrato.md	296	147	leilões	Validadores Ethereum podem ajustar `block.timestamp` em até ~12 segundos. Para leilões de duração longa (horas), o impacto é negligenciável. Para leilões de duração muito
DOCS	TEXTO-DOC	docs/auditoria-contrato.md	308	229	lance	Quando `apurarVencedor` é chamado e o vencedor é determinado, nenhum evento é emitido. A coordenação pode verificar o resultado off-chain mas não há registro on-chain de 
DOCS	COMENTARIO	docs/auditoria-contrato.md	324	36	lances	// [H-01 fix] Limite máximo de lances únicos por edição
DOCS	TEXTO-DOC	docs/auditoria-contrato.md	325	33	LANCES	uint256 public constant MAX_LANCES_UNICOS = 10_000;
DOCS	TEXTO-DOC	docs/auditoria-contrato.md	332	37	lances	mapping(uint256 => address) lances;
DOCS	TEXTO-DOC	docs/auditoria-contrato.md	391	40	Lance	require(valorEmCentavos >= 1, "Lance minimo e R$ 0,01");
DOCS	COMENTARIO	docs/auditoria-contrato.md	399	37	lances	// [H-01 fix] Limite de lances únicos
DOCS	TEXTO-DOC	docs/auditoria-contrato.md	401	47	LANCES	e.listaDeValores.length < MAX_LANCES_UNICOS,
DOCS	TEXTO-DOC	docs/auditoria-contrato.md	402	28	lances	"Limite de lances unicos desta edicao atingido"
DOCS	TEXTO-DOC	docs/auditoria-contrato.md	407	11	lances	e.lances[valorEmCentavos] = msg.sender;
DOCS	TEXTO-DOC	docs/auditoria-contrato.md	423	30	lances	ganhador = e.lances[v];
DOCS	TEXTO-DOC	docs/auditoria-contrato.md	467	64	LANCES	| H-01 | Unbounded loop DoS | 🔴 Alta | Baixo | Adicionar `MAX_LANCES_UNICOS` em `darLance` |
DOCS	TEXTO-DOC	docs/auditoria-contrato.md	468	16	bids	| M-01 | Stale bids on reopen | 🟡 Média | Baixo | Proibir reutilização de ID (opção B) |
DOCS	TEXTO-DOC	docs/auditoria-contrato.md	484	31	Leilao	slither desafio-gut/contracts/Leilao.sol
DOCS	TEXTO-DOC	docs/auditoria-contrato.md	488	36	Leilao	myth analyze desafio-gut/contracts/Leilao.sol
DOCS	TEXTO-DOC	docs/auditoria-externa.md	21	34	Leilao	- **Foco do escopo**: `contracts/Leilao.sol` (LeilaoGUT) — auditoria padrão Solidity.
DOCS	TEXTO-DOC	docs/auditoria-externa.md	30	72	lance	- **Foco do escopo**: contrato + Netlify Functions (`comprar-senhas`, `lance-relampago`, `webhook-mercadopago`, admin endpoints) + RBAC.
DOCS	TEXTO-DOC	docs/auditoria-externa.md	59	14	Leilao	- `contracts/Leilao.sol` (LeilaoGUT) — 100% do contrato
DOCS	TEXTO-DOC	docs/auditoria-externa.md	74	46	lance	- Endpoints críticos: `comprar-senhas.mjs`, `lance-relampago.mjs`, `webhook-mercadopago.mjs`, `admin-aprovacao.mjs`, `wallet.mjs`, `voucher.mjs`, `auth-admin.mjs`, `auth-
DOCS	TEXTO-DOC	docs/auditoria-externa.md	120	50	leilão	- [ ] **README do contrato** — explica modelo de leilão, papéis (coordenação/cliente/user), eventos emitidos
DOCS	COMENTARIO	docs/auditoria-frontend-vs-spec.md	23	59	leilão	**Gap dominante:** o frontend atual implementa um **único leilão R-1** (`/mercado`) com toggle `flash`/`programado`, enquanto a spec descreve uma plataforma de **4 slots 
DOCS	COMENTARIO	docs/auditoria-frontend-vs-spec.md	23	397	lance	**Gap dominante:** o frontend atual implementa um **único leilão R-1** (`/mercado`) com toggle `flash`/`programado`, enquanto a spec descreve uma plataforma de **4 slots 
DOCS	TEXTO-DOC	docs/auditoria-frontend-vs-spec.md	35	25	leilões	| REQ-01 (publicidade + leilões) | ⚠️ PARCIAL | `pages/MercadoLances.jsx` (só leilões) | Lado leilão existe; **camada de publicidade (banners) ausente**. |
DOCS	TEXTO-DOC	docs/auditoria-frontend-vs-spec.md	35	79	leilões	| REQ-01 (publicidade + leilões) | ⚠️ PARCIAL | `pages/MercadoLances.jsx` (só leilões) | Lado leilão existe; **camada de publicidade (banners) ausente**. |
DOCS	TEXTO-DOC	docs/auditoria-frontend-vs-spec.md	35	95	leilão	| REQ-01 (publicidade + leilões) | ⚠️ PARCIAL | `pages/MercadoLances.jsx` (só leilões) | Lado leilão existe; **camada de publicidade (banners) ausente**. |
DOCS	COMENTARIO	docs/auditoria-frontend-vs-spec.md	49	21	Leilão	### §3.1 — Tipos de Leilão
DOCS	TEXTO-DOC	docs/auditoria-frontend-vs-spec.md	72	93	lances	| REQ-18 (Netlify Blob `wallet:{cliente_id}`) | ❌ AUSENTE | (ausente) | Stores existentes: `lances-relampago`, `lance-idem`, `saldo-rs:{address}`, `mp-aprovados`. **Não h
DOCS	TEXTO-DOC	docs/auditoria-frontend-vs-spec.md	72	113	lance	| REQ-18 (Netlify Blob `wallet:{cliente_id}`) | ❌ AUSENTE | (ausente) | Stores existentes: `lances-relampago`, `lance-idem`, `saldo-rs:{address}`, `mp-aprovados`. **Não h
DOCS	TEXTO-DOC	docs/auditoria-frontend-vs-spec.md	95	124	lance	| REQ-26 (isenção taxa fichas 1ª participação) | ❌ AUSENTE | (ausente) | Sem flag "primeira participação" nem desconto no `lance-relampago.mjs`. |
DOCS	TEXTO-DOC	docs/auditoria-frontend-vs-spec.md	112	30	lance	2. **Pipeline PIX → débito → lance** (`netlify/functions/iniciar-pagamento.mjs` + `webhook-mercadopago.mjs` + `lance-relampago.mjs`) — modelo de idempotência via `lance-i
DOCS	TEXTO-DOC	docs/auditoria-frontend-vs-spec.md	112	112	lance	2. **Pipeline PIX → débito → lance** (`netlify/functions/iniciar-pagamento.mjs` + `webhook-mercadopago.mjs` + `lance-relampago.mjs`) — modelo de idempotência via `lance-i
DOCS	TEXTO-DOC	docs/auditoria-frontend-vs-spec.md	112	164	lance	2. **Pipeline PIX → débito → lance** (`netlify/functions/iniciar-pagamento.mjs` + `webhook-mercadopago.mjs` + `lance-relampago.mjs`) — modelo de idempotência via `lance-i
DOCS	TEXTO-DOC	docs/auditoria-frontend-vs-spec.md	113	124	lances	3. **Persistência Blob com consistência forte** — padrão `getStore({ name, consistency: "strong" })` já estabelecido (ex: `lances-flash.mjs:13`) é exatamente o que REQ-18
DOCS	TEXTO-DOC	docs/auditoria-frontend-vs-spec.md	114	88	lances	4. **Reset versionado de localStorage + Blob purge** (`AppContext.jsx:88-115` + `purge-lances.mjs`) — mecânica criada nas sessões anteriores serve para zerar estado entre
DOCS	TEXTO-DOC	docs/auditoria-frontend-vs-spec.md	138	97	lance	- Hook de débito `usarSaldoWallet({ valor, motivo })` reutilizando padrão de `debitarSaldoRs` (`lance-relampago.mjs:114`).
DOCS	TEXTO-DOC	docs/backup-blobs.md	19	46	lance	| Stores cobertos | `audit`, `audit-admin`, `lance-idem`, `pedidos`, `webhook-mp`, `consent-log`, `admin-refresh`, `fingerprint` |
DOCS	TEXTO-DOC	docs/backup-blobs.md	171	43	lance	| Backup só captura snapshots — não cobre lance perdido entre runs | RPO 24h é aceito; lances on-chain têm fonte autoritativa em Sepolia (recuperáveis via event log) |
DOCS	TEXTO-DOC	docs/backup-blobs.md	171	88	lances	| Backup só captura snapshots — não cobre lance perdido entre runs | RPO 24h é aceito; lances on-chain têm fonte autoritativa em Sepolia (recuperáveis via event log) |
DOCS	TEXTO-DOC	docs/chatbot/regulamento.md	11	183	leilões	O DESAFIOGUT é uma plataforma híbrida operada pelo Grupo União e Trabalho (CNPJ 23.040.066/0001-00, Manaus/AM). Combina publicidade rotativa por cotas (banners no site e 
DOCS	TEXTO-DOC	docs/chatbot/regulamento.md	11	212	Lance	O DESAFIOGUT é uma plataforma híbrida operada pelo Grupo União e Trabalho (CNPJ 23.040.066/0001-00, Manaus/AM). Combina publicidade rotativa por cotas (banners no site e 
DOCS	TEXTO-DOC	docs/chatbot/regulamento.md	11	350	lances	O DESAFIOGUT é uma plataforma híbrida operada pelo Grupo União e Trabalho (CNPJ 23.040.066/0001-00, Manaus/AM). Combina publicidade rotativa por cotas (banners no site e 
DOCS	TEXTO-DOC	docs/chatbot/regulamento.md	11	373	lance	O DESAFIOGUT é uma plataforma híbrida operada pelo Grupo União e Trabalho (CNPJ 23.040.066/0001-00, Manaus/AM). Combina publicidade rotativa por cotas (banners no site e 
DOCS	COMENTARIO	docs/chatbot/regulamento.md	15	17	Leilão	## 2. Regras de Leilão
DOCS	TEXTO-DOC	docs/chatbot/regulamento.md	19	80	lances	Vence o **menor valor monetário** que aparece **exatamente 1 vez** na lista de lances da rodada. Lances repetidos (mesmo valor enviado por duas ou mais pessoas) são marca
DOCS	TEXTO-DOC	docs/chatbot/regulamento.md	19	98	Lances	Vence o **menor valor monetário** que aparece **exatamente 1 vez** na lista de lances da rodada. Lances repetidos (mesmo valor enviado por duas ou mais pessoas) são marca
DOCS	TEXTO-DOC	docs/chatbot/regulamento.md	23	5	Lance	- **Lance mínimo:** R$ 0,01 (1 centavo).
DOCS	TEXTO-DOC	docs/chatbot/regulamento.md	24	5	Lance	- **Lance máximo:** R$ 9.999,99 (999.999 centavos).
DOCS	TEXTO-DOC	docs/chatbot/regulamento.md	29	55	lance	| Modalidade | Tier | Duração | Onde roda | Custo por lance |
DOCS	TEXTO-DOC	docs/chatbot/regulamento.md	31	105	lances	| **Relâmpago (Flash)** | Bronze, Prata | 30 minutos a 1 hora (configurável) | Off-chain (Netlify Blob `lances-relampago:{idEdicao}`) | R$ 0,02 (debita saldo R$ off-chain
DOCS	TEXTO-DOC	docs/chatbot/regulamento.md	40	6	lance	Cada lance gera um hash **Argon2id** off-chain (via `hash-wasm`) como prova de intenção imutável. Antes da transação on-chain, o usuário assina a mensagem `DESAFIOGUT-AUT
DOCS	TEXTO-DOC	docs/chatbot/regulamento.md	40	279	lance	Cada lance gera um hash **Argon2id** off-chain (via `hash-wasm`) como prova de intenção imutável. Antes da transação on-chain, o usuário assina a mensagem `DESAFIOGUT-AUT
DOCS	TEXTO-DOC	docs/chatbot/regulamento.md	44	13	lances	Limite de 5 lances por minuto por carteira e cooldown de 3 segundos entre lances consecutivos (token bucket client-side em `utils/rateLimiter.js`). Limite complementar se
DOCS	TEXTO-DOC	docs/chatbot/regulamento.md	44	75	lances	Limite de 5 lances por minuto por carteira e cooldown de 3 segundos entre lances consecutivos (token bucket client-side em `utils/rateLimiter.js`). Limite complementar se
DOCS	TEXTO-DOC	docs/chatbot/regulamento.md	44	184	lances	Limite de 5 lances por minuto por carteira e cooldown de 3 segundos entre lances consecutivos (token bucket client-side em `utils/rateLimiter.js`). Limite complementar se
DOCS	COMENTARIO	docs/chatbot/regulamento.md	89	9	Lance	### 4.3 Lance Relâmpago
DOCS	TEXTO-DOC	docs/chatbot/regulamento.md	92	29	lance	- Custo: o próprio valor do lance (em centavos).
DOCS	TEXTO-DOC	docs/chatbot/regulamento.md	152	104	LANCES	Contrato `LeilaoGUT` revisado em 7 ondas com 4 findings críticos resolvidos. Constantes anti-DoS: `MAX_LANCES_UNICOS = 10.000`. Transferência de coordenação em duas etapa
DOCS	COMENTARIO	docs/chatbot/regulamento.md	156	27	leilão	### 8.1 Como participo do leilão?
DOCS	TEXTO-DOC	docs/chatbot/regulamento.md	159	9	Lance	3. Para Lance Relâmpago: deposite via PIX (Mercado Pago) e use o saldo R$.
DOCS	TEXTO-DOC	docs/chatbot/regulamento.md	160	9	Lance	4. Para Lance Programado: compre senhas (R$ 2,00 cada) e use no Mercado de Lances.
DOCS	TEXTO-DOC	docs/chatbot/regulamento.md	160	76	Lances	4. Para Lance Programado: compre senhas (R$ 2,00 cada) e use no Mercado de Lances.
DOCS	TEXTO-DOC	docs/chatbot/regulamento.md	163	83	lance	Vence o **menor valor que aparece exatamente uma vez** (Artigo VIII). Se você der lance de R$ 0,07 e ninguém mais der R$ 0,07, e R$ 0,07 for o menor valor único, você gan
DOCS	TEXTO-DOC	docs/chatbot/regulamento.md	166	40	lance	R$ 2,00 (Artigo 20). Cada senha vale 1 lance no Leilão Programado.
DOCS	TEXTO-DOC	docs/chatbot/regulamento.md	166	49	Leilão	R$ 2,00 (Artigo 20). Cada senha vale 1 lance no Leilão Programado.
DOCS	TEXTO-DOC	docs/chatbot/regulamento.md	188	42	Lance	O saldo R$ off-chain pode ser usado para Lance Relâmpago ou trocado por senhas. Para reembolso, contate `desafiogut01@gmail.com` (processo manual conforme política).
DOCS	COMENTARIO	docs/chatbot/regulamento.md	190	10	Lances	### 8.11 Lances repetidos contam?
DOCS	TEXTO-DOC	docs/chatbot/regulamento.md	191	82	lances	Não vencem. Se dois ou mais participantes mandam exatamente o mesmo valor, esses lances são marcados como `repetido: true` e excluídos do cálculo do vencedor.
DOCS	COMENTARIO	docs/chatbot/regulamento.md	193	27	lance	### 8.12 E se ninguém der lance único?
DOCS	COMENTARIO	docs/chatbot/regulamento.md	196	19	leilão	### 8.13 Quando o leilão Programado é resetado?
DOCS	COMENTARIO	docs/chatbot/regulamento.md	220	41	leilão	### 8.21 Posso participar de mais de um leilão ao mesmo tempo?
DOCS	TEXTO-DOC	docs/chatbot/regulamento.md	221	120	lances	Sim. Relâmpago e Programado rodam em paralelo e usam saldos distintos (R$ off-chain vs senhas on-chain). Você pode ter lances ativos nos dois ao mesmo tempo.
DOCS	COMENTARIO	docs/chatbot/regulamento.md	229	29	lances	### 8.24 Onde encontro meus lances anteriores?
DOCS	TEXTO-DOC	docs/chatbot/regulamento.md	230	35	Lances	Na rota `/carteira` → seção "Meus Lances" lista os últimos lances feitos com a carteira conectada. Para o histórico on-chain completo, consulte Etherscan em `https://sepo
DOCS	TEXTO-DOC	docs/chatbot/regulamento.md	230	60	lances	Na rota `/carteira` → seção "Meus Lances" lista os últimos lances feitos com a carteira conectada. Para o histórico on-chain completo, consulte Etherscan em `https://sepo
DOCS	TEXTO-DOC	docs/cloudflare-waf-setup.md	197	179	lance	- **JS Challenge bloqueia clientes sem JS** — afeta wallets externos batendo direto na API. Quando o usuário usar carteira injetada (MetaMask) chamando `/.netlify/functio
DOCS	TEXTO-DOC	docs/configuracao-admin-token.md	130	113	lances	Mitigação imediata se houver suspeita de vazamento: rotacionar (passo 4) **e** rodar `/.netlify/functions/purge-lances` (e similares de manutenção) para zerar dados sujos
DOCS	COMENTARIO	docs/configuracao-cron-reset.md	4	18	leilão	**Aplica-se a:** leilão **Programado** (Ouro/Diamante · ciclos de 24h).
DOCS	COMENTARIO	docs/configuracao-cron-reset.md	5	76	lances	**Modo:** MVP off-chain — apura vencedor a partir do snapshot off-chain de lances do programado, persiste resultado, limpa estado local. **Re-abertura on-chain segue manu
DOCS	TEXTO-DOC	docs/configuracao-cron-reset.md	116	22	lances	- ❌ **NÃO** mexe nos lances do **flash** (apenas no `programado`).
DOCS	TEXTO-DOC	docs/configuracao-cron-reset.md	132	4	lances	| `lances-programado:R-1` | **Apagado pelo reset.** Próximas rodadas começam vazias. |
DOCS	CONFIG	docs/design-model.yaml	6	9	Lance	Menor Lance, Máximo Impacto. Dark profundo como pano de fundo de evento esportivo
DOCS	CONFIG	docs/design-model.yaml	12	16	leilão	brand_domain: "leilão blockchain / menor lance único"
DOCS	CONFIG	docs/design-model.yaml	12	42	lance	brand_domain: "leilão blockchain / menor lance único"
DOCS	COMENTARIO	docs/design-model.yaml	102	54	lance	# Pill (999) reservado APENAS para CTA primário de lance.
DOCS	CONFIG	docs/design-model.yaml	126	53	lance	success:        "{green.500}"     # #00c853 — lance confirmado
DOCS	CONFIG	docs/design-model.yaml	146	40	lance	pill:      999   # CTA primário de lance (botão CONFIRMAR LANCE)
DOCS	CONFIG	docs/design-model.yaml	146	63	LANCE	pill:      999   # CTA primário de lance (botão CONFIRMAR LANCE)
DOCS	COMENTARIO	docs/design-model.yaml	162	24	LANCE	# display → "MENOR LANCE ÚNICO!", headline principal do leilão
DOCS	COMENTARIO	docs/design-model.yaml	162	61	leilão	# display → "MENOR LANCE ÚNICO!", headline principal do leilão
DOCS	COMENTARIO	docs/design-model.yaml	163	52	leilão	# h1/h2 → headers de seção, nome do produto em leilão
DOCS	COMENTARIO	docs/design-model.yaml	165	24	leilão	# body → regras do leilão, descrições
DOCS	CONFIG	docs/design-model.yaml	215	12	leilão	do leilão como sujeito luminoso. Circuit grid a 3% de opacidade sobre todo
DOCS	CONFIG	docs/design-model.yaml	222	64	leilão	light_source: "center"        # glow radial do centro (o leilão em si)
DOCS	CONFIG	docs/design-model.yaml	226	58	leilão	motion: "pulse"               # breathing glow — o leilão está vivo
DOCS	CONFIG	docs/design-model.yaml	271	22	Lance	name: "Confirmar Lance (CTA principal)"
DOCS	CONFIG	docs/design-model.yaml	316	20	Lance	name: "Card de Lance / Produto"
DOCS	CONFIG	docs/design-model.yaml	341	45	leilão	name: "Countdown Timer (peça central do leilão)"
DOCS	CONFIG	docs/design-model.yaml	355	3	lance	lance_input:
DOCS	CONFIG	docs/design-model.yaml	356	21	Lance	name: "Input de Lance"
DOCS	CONFIG	docs/design-model.yaml	374	48	lance	name: "Badge de Valor (preço, saldo, menor lance)"
DOCS	CONFIG	docs/design-model.yaml	390	3	bid	bid_table_row:
DOCS	CONFIG	docs/design-model.yaml	391	31	Lances	name: "Linha da Tabela de Lances"
DOCS	CONFIG	docs/design-model.yaml	509	30	leilao	url: "app.desafiogut.com/leilao/R-1"
DOCS	CONFIG	docs/design-model.yaml	510	26	Leilão	title: "DesafioGUT — Leilão Relâmpago Airfryer"
DOCS	CONFIG	docs/design-model.yaml	511	18	Leilão	content_seed: "Leilão Relâmpago: Airfryer Mondial 4L. Timer 5:32 restante. 47 lances na tabela. CTA 'Confirmar Lance' centralizado."
DOCS	CONFIG	docs/design-model.yaml	511	81	lances	content_seed: "Leilão Relâmpago: Airfryer Mondial 4L. Timer 5:32 restante. 47 lances na tabela. CTA 'Confirmar Lance' centralizado."
DOCS	CONFIG	docs/design-model.yaml	511	114	Lance	content_seed: "Leilão Relâmpago: Airfryer Mondial 4L. Timer 5:32 restante. 47 lances na tabela. CTA 'Confirmar Lance' centralizado."
DOCS	CONFIG	docs/design-model.yaml	529	68	lance	- "Sem múltiplos CTAs de cor diferente na mesma tela — gold para lance, teal para ações secundárias."
DOCS	TEXTO-DOC	docs/design-system-desafiogut-final.md	2	19	Auction	> **Dark Luxury × Auction Tension** — Navy void encontra laranja de fogo. Clube VIP brasileiro que cobra centavos e entrega emoção de leilão.
DOCS	TEXTO-DOC	docs/design-system-desafiogut-final.md	2	135	leilão	> **Dark Luxury × Auction Tension** — Navy void encontra laranja de fogo. Clube VIP brasileiro que cobra centavos e entrega emoção de leilão.
DOCS	TEXTO-DOC	docs/design-system-desafiogut-final.md	20	69	auction	| 4 | `ux-audit-rethink` | IxDF 7-factor audit, navigation clarity, auction UX mechanics |
DOCS	TEXTO-DOC	docs/design-system-desafiogut-final.md	42	11	Lances	| Mercado/Lances | Tensão + Ação | Orange CTAs pulsantes, countdown em destaque |
DOCS	TEXTO-DOC	docs/design-system-desafiogut-final.md	257	8	lance	.input-lance {
DOCS	TEXTO-DOC	docs/design-system-desafiogut-final.md	265	8	lance	.input-lance::placeholder { color: #3d4f8a; }
DOCS	TEXTO-DOC	docs/design-system-desafiogut-final.md	266	8	lance	.input-lance:focus { border-color: #ff6b35; box-shadow: 0 0 0 3px rgba(255,107,53,0.18); }
DOCS	TEXTO-DOC	docs/design-system-desafiogut-final.md	407	3	Lances	| Lances (nav) | `Target` | 22px |
DOCS	TEXTO-DOC	docs/design-system-desafiogut-final.md	414	3	Lance	| Lance único | `Zap` | 20px |
DOCS	TEXTO-DOC	docs/design-system-desafiogut-final.md	482	33	lance	| **Utility** | ✅ Core job (dar lance) direto | Onboarding deve mostrar valor em <10s |
DOCS	COMENTARIO	docs/design-system-desafiogut-final.md	540	58	leilão	*Score Final: 94/100 — Dark Luxury Premium com tensão de leilão. Pipeline completo: 4 skills, WCAG AA, IxDF audit, L2 animations, OhMySkills Luxury editorial precision.*
DOCS	COMENTARIO	docs/DESIGN.md	215	13	Lance	### Input — Lance
DOCS	TEXTO-DOC	docs/DESIGN.md	218	8	lance	.input-lance {
DOCS	TEXTO-DOC	docs/DESIGN.md	227	8	lance	.input-lance::placeholder { color: var(--text-faint); }
DOCS	TEXTO-DOC	docs/DESIGN.md	228	8	lance	.input-lance:focus { border-color: var(--orange); box-shadow: 0 0 0 3px rgba(255,149,0,0.20); }
DOCS	TEXTO-DOC	docs/DESIGN.md	314	3	Lances	| Lances (nav) | `Target` | active: `--orange` |
DOCS	TEXTO-DOC	docs/DESIGN.md	320	3	Lance	| Lance | `Zap` | `--orange` |
DOCS	TEXTO-DOC	docs/diagnostico-estado-atual.md	17	8	lances	| `gut_lances_r1` | 19 (constante `LS_LANCES`), 20, 66, 129, 364 | ✅ Já gated por `MOCK_MODE` — em produção (`!MOCK_MODE`): nunca lida (linha 64 retorna `[]`), nunca escr
DOCS	TEXTO-DOC	docs/diagnostico-estado-atual.md	17	39	LANCES	| `gut_lances_r1` | 19 (constante `LS_LANCES`), 20, 66, 129, 364 | ✅ Já gated por `MOCK_MODE` — em produção (`!MOCK_MODE`): nunca lida (linha 64 retorna `[]`), nunca escr
DOCS	COMENTARIO	docs/diagnostico-estado-atual.md	40	17	LANCES	#### Constante `LANCES_MOCK` (linhas 41-46)
DOCS	TEXTO-DOC	docs/diagnostico-estado-atual.md	42	15	lances	- Array com 4 lances fake (Ana Souza, Carlos B., Fernanda L., João P.).
DOCS	TEXTO-DOC	docs/diagnostico-estado-atual.md	58	4	lances	| `lances` | `[]` (linha 64) ✅ |
DOCS	TEXTO-DOC	docs/diagnostico-estado-atual.md	72	101	lances	| Outros valores | KPIs, vencedor, timer | ✅ Calculados a partir do contexto (zeram em produção sem lances) |
DOCS	TEXTO-DOC	docs/diagnostico-estado-atual.md	91	12	Lance	- Botão "⚡ Lance Relâmpago" (linha 383) → navigate `/mercado` ✅
DOCS	TEXTO-DOC	docs/diagnostico-estado-atual.md	121	29	Lance	| Texto botão "🎫 Confirmar Lance (−1 ficha)" | 336 | apenas se `MOCK_MODE && isProgramado` ✅ |
DOCS	TEXTO-DOC	docs/diagnostico-estado-atual.md	122	29	Lance	| Texto botão "🎫 Confirmar Lance (−1 senha)" | 338 | em produção programado ✅ |
DOCS	TEXTO-DOC	docs/diagnostico-estado-atual.md	145	89	lances	1. **localStorage persistente entre deploys**: o navegador do usuário ainda guarda `gut_lances_r1`, `gut_carteira_flash`, etc. de versões antigas com MOCK_MODE=true. `lim
DOCS	TEXTO-DOC	docs/diagnostico-estado-atual.md	160	5	Leilão	| **Leilão Programado: ciclos 24h, reset 00:00, fixo no topo** | ⚠️ Parcial | `DURACAO.programado = 1800s` (30 min) no AppContext — **diverge** da spec (86400s = 24h). Nã
DOCS	TEXTO-DOC	docs/diagnostico-estado-atual.md	161	5	Leilão	| **Leilão Relâmpago: 30 min a 1 hora** | ⚠️ Parcial | `DURACAO.flash = 300s` (5 min) — **diverge** da spec (1800–3600s). |
DOCS	COMENTARIO	docs/diagnostico-estado-atual.md	190	34	LANCES	### 🚨 Risco crítico 2: Remover `LANCES_MOCK` quebra MOCK_MODE
DOCS	TEXTO-DOC	docs/diagnostico-estado-atual.md	193	11	LANCES	> "Remova LANCES_MOCK do estado inicial em AppContext.jsx (produção = [])"
DOCS	COMENTARIO	docs/diagnostico-estado-atual.md	195	100	LANCES	**Estado atual**: o estado inicial já é `[]` em produção (linha 64: `if (!MOCK_MODE) return []`). `LANCES_MOCK` só é usado dentro do bloco `MOCK_MODE === true`. Removê-lo
DOCS	COMENTARIO	docs/diagnostico-estado-atual.md	199	96	LANCES	**Mitigação proposta**: manter a constante em uma flag explícita (`if (MOCK_MODE) export const LANCES_MOCK = [...]`) ou movê-la para um arquivo `mocks/lances.mock.js` imp
DOCS	COMENTARIO	docs/diagnostico-estado-atual.md	199	152	lances	**Mitigação proposta**: manter a constante em uma flag explícita (`if (MOCK_MODE) export const LANCES_MOCK = [...]`) ou movê-la para um arquivo `mocks/lances.mock.js` imp
DOCS	TEXTO-DOC	docs/diagnostico-estado-atual.md	241	5	LANCES	6. `LANCES_MOCK` permanece — apenas se a equipe quiser MOCK_MODE para dev local.
DOCS	COMENTARIO	docs/disaster-recovery.md	26	41	Lances	**Impacto:** App totalmente fora do ar. Lances on-chain ainda possíveis via Etherscan direto (workaround user-side).
DOCS	COMENTARIO	docs/disaster-recovery.md	30	141	Lances	**Sintomas:** `wallet.getEthereumProvider()` ou `provider.send()` retornam timeout/erro 5xx. Frontend log `"failed to fetch from Alchemy"`. Lances não enviam, saldo `null
DOCS	TEXTO-DOC	docs/disaster-recovery.md	123	49	lance	4. [ ] Validar em ~3 min: abrir o site, fazer 1 lance de teste, confirmar tx em Etherscan.
DOCS	TEXTO-DOC	docs/especificacao-extraida.md	15	88	leilão	| **REQ-01** | §1 | REGRA | Plataforma híbrida: publicidade (banners) **+** vendas por leilão (relâmpago e programado). |
DOCS	COMENTARIO	docs/especificacao-extraida.md	29	20	Leilão	## §3.1 — Tipos de Leilão
DOCS	TEXTO-DOC	docs/especificacao-extraida.md	33	31	Leilão	| **REQ-09** | §3.1 | REGRA | Leilão **Programado** (Ouro/Diamante): ciclos de **24 horas**, fixado no topo da página principal. |
DOCS	TEXTO-DOC	docs/especificacao-extraida.md	34	31	Leilão	| **REQ-10** | §3.1 | REGRA | Leilão Programado: **reset automático às 00:00**. |
DOCS	TEXTO-DOC	docs/especificacao-extraida.md	35	31	Leilão	| **REQ-11** | §3.1 | REGRA | Leilão **Relâmpago** (Bronze/Prata): duração **30 min a 1 hora**. |
DOCS	TEXTO-DOC	docs/especificacao-extraida.md	36	28	Leilão	| **REQ-12** | §3.1 | UI | Leilão Relâmpago exibido em seção "Oportunidade Agora". |
DOCS	TEXTO-DOC	docs/especificacao-extraida.md	60	154	lances	| **REQ-21** | §5.2 | BE | **Operação Interna (Fichas)**: Mercado Pago → `desafiogut@gmail.com`. **Automatizado via webhook** para liberação imediata de lances. |
DOCS	TEXTO-DOC	docs/especificacao-extraida.md	75	117	leilões	| **REQ-26** | §7 | REGRA | Indicado: **isenção total** da taxa de compra de fichas na **primeira participação** em leilões Bronze ou Prata. |
DOCS	TEXTO-DOC	docs/explanation/regras-de-negocio.md	14	17	leilão	2. **Vendas por leilão de menor lance único**: Usuários competem para ser o primeiro a colocar o menor valor que aparece **exatamente uma vez** no total de lances.
DOCS	TEXTO-DOC	docs/explanation/regras-de-negocio.md	14	33	lance	2. **Vendas por leilão de menor lance único**: Usuários competem para ser o primeiro a colocar o menor valor que aparece **exatamente uma vez** no total de lances.
DOCS	TEXTO-DOC	docs/explanation/regras-de-negocio.md	14	157	lances	2. **Vendas por leilão de menor lance único**: Usuários competem para ser o primeiro a colocar o menor valor que aparece **exatamente uma vez** no total de lances.
DOCS	COMENTARIO	docs/explanation/regras-de-negocio.md	20	28	Lance	## A Regra Central — Menor Lance Único (Artigo VIII)
DOCS	TEXTO-DOC	docs/explanation/regras-de-negocio.md	22	86	lances	> "Vence o menor valor em centavos que apareça exatamente 1 (uma) vez no universo de lances registrados na edição."
DOCS	TEXTO-DOC	docs/explanation/regras-de-negocio.md	26	3	Lance	| Lance (centavos) | Quantas vezes aparece | Status |
DOCS	TEXTO-DOC	docs/explanation/regras-de-negocio.md	33	3	lance	O lance de **5 centavos (R$ 0,05)** vence pois é o menor que aparece exatamente uma vez.
DOCS	COMENTARIO	docs/explanation/regras-de-negocio.md	48	63	lances	**Bronze não exclusiva**: múltiplos clientes Bronze podem ter lances em andamento no mesmo horário — cada um em sua própria edição.
DOCS	COMENTARIO	docs/explanation/regras-de-negocio.md	54	13	Leilão	## Tipos de Leilão
DOCS	COMENTARIO	docs/explanation/regras-de-negocio.md	56	5	Leilão	### Leilão Programado (Ouro / Diamante)
DOCS	COMENTARIO	docs/explanation/regras-de-negocio.md	61	5	Leilão	### Leilão Relâmpago (Bronze / Prata)
DOCS	COMENTARIO	docs/explanation/regras-de-negocio.md	91	43	lance	**Senha** = unidade de participação. Cada lance consome 1 senha.
DOCS	COMENTARIO	docs/explanation/regras-de-negocio.md	107	39	leilões	### Compra de Fichas (participação em leilões)
DOCS	TEXTO-DOC	docs/explanation/regras-de-negocio.md	121	88	leilões	- Recebe **isenção total da taxa de compra de fichas** na **primeira participação** em leilões Bronze ou Prata.
DOCS	TEXTO-DOC	docs/explanation/regras-de-negocio.md	156	18	lances	Toda a lógica de lances e apuração do vencedor está no contrato `LeilaoGUT` na blockchain Sepolia. Isso significa:
DOCS	TEXTO-DOC	docs/explanation/regras-de-negocio.md	158	6	lances	- Os lances são **imutáveis** após registro on-chain.
DOCS	TEXTO-DOC	docs/explanation/regras-de-negocio.md	160	36	lances	- A coordenação **não pode alterar lances** — só pode abrir edições e creditar senhas.
DOCS	TEXTO-DOC	docs/explanation/regras-de-negocio.md	161	50	lance	- O hash Argon2id gerado off-chain antes de cada lance serve como prova de intenção imutável, complementando a transparência on-chain.
DOCS	TEXTO-DOC	docs/how-to-guides/como-comprar-senhas.md	4	61	leilões	> **Público**: Usuário já cadastrado que quer participar de leilões
DOCS	TEXTO-DOC	docs/how-to-guides/como-comprar-senhas.md	11	6	lance	Cada lance consome **1 senha** (ficha). Senhas custam **R$ 2,00** cada via PIX pelo Mercado Pago. O crédito é automático após confirmação do pagamento.
DOCS	TEXTO-DOC	docs/how-to-guides/como-comprar-senhas.md	42	41	lance	- **Antes de lançar** — o formulário de lance mostra o saldo e desabilita o botão se saldo = 0
DOCS	COMENTARIO	docs/how-to-guides/como-comprar-senhas.md	51	34	leilão	**Posso usar o saldo em qualquer leilão?**
DOCS	TEXTO-DOC	docs/how-to-guides/como-comprar-senhas.md	52	27	leilões	Senhas são válidas para **leilões Programados** (Ouro e Diamante, ciclos de 24h). Leilões Relâmpago (Bronze e Prata) usam um saldo separado de crédito flash.
DOCS	TEXTO-DOC	docs/how-to-guides/como-comprar-senhas.md	52	83	Leilões	Senhas são válidas para **leilões Programados** (Ouro e Diamante, ciclos de 24h). Leilões Relâmpago (Bronze e Prata) usam um saldo separado de crédito flash.
DOCS	TEXTO-DOC	docs/how-to-guides/como-comprar-senhas.md	65	72	leilao	→ [Referência do contrato: função `saldoSenhas`](../reference/contrato-leilao-abi.md#saldosenhas)
DOCS	TEXTO-DOC	docs/incident-response.md	79	73	lances	- Categoria de dados afetados (e-mail, endereço wallet, histórico de lances)
DOCS	TEXTO-DOC	docs/inventario-remocao.md	22	21	lance	| 2 | `src/entities/lance/index.js` | Constantes + função | `LANCE_MIN_CENTAVOS/MAX` (já em `lance-relampago.mjs:20-21`); `centavosToDisplay` (não usado) |
DOCS	TEXTO-DOC	docs/inventario-remocao.md	22	62	LANCE	| 2 | `src/entities/lance/index.js` | Constantes + função | `LANCE_MIN_CENTAVOS/MAX` (já em `lance-relampago.mjs:20-21`); `centavosToDisplay` (não usado) |
DOCS	TEXTO-DOC	docs/inventario-remocao.md	22	94	lance	| 2 | `src/entities/lance/index.js` | Constantes + função | `LANCE_MIN_CENTAVOS/MAX` (já em `lance-relampago.mjs:20-21`); `centavosToDisplay` (não usado) |
DOCS	TEXTO-DOC	docs/inventario-remocao.md	25	21	lance	| 5 | `src/features/lance/index.js` | Re-export | Re-exporta `CardLance` e `TabelaLances` |
DOCS	TEXTO-DOC	docs/inventario-remocao.md	70	9	lance	| `auth-lance.mjs` | `CardLance.jsx:90`, `MinhaCarteira.jsx:82` |
DOCS	TEXTO-DOC	docs/inventario-remocao.md	74	4	lance	| `lance-relampago.mjs` | `CardLance.jsx:150` |
DOCS	TEXTO-DOC	docs/inventario-remocao.md	75	4	lances	| `lances-flash.mjs` | `AppContext.jsx:143` |
DOCS	TEXTO-DOC	docs/inventario-remocao.md	76	10	lances	| `purge-lances.mjs` | `AppContext.jsx:111` |
DOCS	TEXTO-DOC	docs/inventario-remocao.md	91	99	lance	- O conteúdo dos `entities/` é redundante (duplica constantes já presentes em `AppContext.jsx` e `lance-relampago.mjs`); os demais são apenas re-exports.
DOCS	TEXTO-DOC	docs/lgpd-politica-retencao.md	12	39	lance	| **Logs de auditoria** | `audit-*`, `lance-idem`, `admin-audit` | **13 meses** | Marco Civil da Internet, art. 15 | Obrigação legal de manter logs de acesso por 6 meses;
DOCS	TEXTO-DOC	docs/lgpd-politica-retencao.md	17	25	lances	| **Endereço on-chain + lances** | Sepolia testnet (`LeilaoGUT`) | **Imutável** | Natureza da blockchain | Dados imutáveis na rede pública; titular é informado no termo d
DOCS	TEXTO-DOC	docs/lgpd-politica-retencao.md	43	141	lances	A autorização é granular: o próprio titular (owner) ou um admin podem disparar. Resposta inclui: saldo R$, wallet, cotas, adesão, vouchers, lances on-chain do endereço, r
DOCS	TEXTO-DOC	docs/limpeza-pre-auditoria.md	18	33	lance	- `src/components/*` (lógica de lance, auth, PIX)
DOCS	TEXTO-DOC	docs/limpeza-pre-auditoria.md	84	26	Leilao	| `desafio-gut/contracts/Leilao.sol` | ✅ KEEP | Contrato ativo |
DOCS	TEXTO-DOC	docs/limpeza-pre-auditoria.md	236	33	lance	src/components/CardLance.jsx  ← lance on-chain
DOCS	TEXTO-DOC	docs/mapa-navegacao.md	14	46	leilão	/mercado                MercadoLances       (leilão R-1 — produção validada)
DOCS	TEXTO-DOC	docs/mapa-navegacao.md	16	59	lances	/ativos                 MeusAtivos          (histórico de lances)
DOCS	TEXTO-DOC	docs/mapa-navegacao.md	26	67	Lances	- 7 links no `NAV_ITEMS`: Dashboard / Minha Carteira / Mercado de Lances / **Vitrine (4 Slots)** / Meus Ativos / Segurança / Configurações.
DOCS	TEXTO-DOC	docs/mapa-navegacao.md	32	43	Lances	- 3 tabs principais: **Início** (`/`) · **Lances** (`/mercado`) · **Carteira** (`/carteira`).
DOCS	TEXTO-DOC	docs/mapa-navegacao.md	45	73	Lance	| **MinhaCarteira** | "Comprar Fichas" · "Trocar por Senhas" · "Ir para Lance Relâmpago" · "Aceito DesafioGUT" (se !connected) · WalletCard "↻ Atualizar" · VoucherPanel "
DOCS	TEXTO-DOC	docs/mapa-navegacao.md	46	34	Lance	| **MercadoLances** | "Confirmar Lance" · "🔄 Nova Rodada" (overlay vencedor) · "⚡ Entrar" (header AuthArea) · toggle `Modo: Relâmpago/Programado` | — (autocontido — sem 
DOCS	TEXTO-DOC	docs/mapa-navegacao.md	46	199	Leilão	| **MercadoLances** | "Confirmar Lance" · "🔄 Nova Rodada" (overlay vencedor) · "⚡ Entrar" (header AuthArea) · toggle `Modo: Relâmpago/Programado` | — (autocontido — sem 
DOCS	TEXTO-DOC	docs/mapa-navegacao.md	47	35	leilão	| **Vitrine** | 4× "Participar do leilão →" (SlotCards) | `/mercado` (TODOS os 4 slots vão pro mesmo destino) | — | — |
DOCS	TEXTO-DOC	docs/mapa-navegacao.md	48	132	lance	| **MeusAtivos** | Filtros (Todos/Únicos/Repetidos) + CTA "Aceito DesafioGUT — Entrar" (se !connected) | — (autocontido) | "Nenhum lance encontrado" (sem CTA para dar lan
DOCS	TEXTO-DOC	docs/mapa-navegacao.md	48	168	lance	| **MeusAtivos** | Filtros (Todos/Únicos/Repetidos) + CTA "Aceito DesafioGUT — Entrar" (se !connected) | — (autocontido) | "Nenhum lance encontrado" (sem CTA para dar lan
DOCS	TEXTO-DOC	docs/mapa-navegacao.md	60	281	lances	| **I-03** | 🟡 | CTA labels divergentes | Botão de login tem **5 labels diferentes** no app: "⚡ Aceito o DesafioGUT" (Sidebar/BottomNav) · "⚡ Entrar" (MercadoLances) · "
DOCS	TEXTO-DOC	docs/mapa-navegacao.md	60	328	Lances	| **I-03** | 🟡 | CTA labels divergentes | Botão de login tem **5 labels diferentes** no app: "⚡ Aceito o DesafioGUT" (Sidebar/BottomNav) · "⚡ Entrar" (MercadoLances) · "
DOCS	TEXTO-DOC	docs/mapa-navegacao.md	62	80	Lances	| **I-05** | 🟡 | Labels de rota | Mesma rota tem 3 nomes: Sidebar "Mercado de Lances" · BottomNav "Lances" · Dashboard atalho "Dar Lance" · path `/mercado` | `Sidebar.js
DOCS	TEXTO-DOC	docs/mapa-navegacao.md	62	101	Lances	| **I-05** | 🟡 | Labels de rota | Mesma rota tem 3 nomes: Sidebar "Mercado de Lances" · BottomNav "Lances" · Dashboard atalho "Dar Lance" · path `/mercado` | `Sidebar.js
DOCS	TEXTO-DOC	docs/mapa-navegacao.md	62	133	Lance	| **I-05** | 🟡 | Labels de rota | Mesma rota tem 3 nomes: Sidebar "Mercado de Lances" · BottomNav "Lances" · Dashboard atalho "Dar Lance" · path `/mercado` | `Sidebar.js
DOCS	TEXTO-DOC	docs/mapa-navegacao.md	66	78	lances	| **I-09** | 🟡 | Empty state sem CTA | MeusAtivos com `isConnected` mas sem lances mostra "Nenhum lance encontrado" sem botão "Dar Lance" | `MeusAtivos.jsx:142-145` |
DOCS	TEXTO-DOC	docs/mapa-navegacao.md	66	100	lance	| **I-09** | 🟡 | Empty state sem CTA | MeusAtivos com `isConnected` mas sem lances mostra "Nenhum lance encontrado" sem botão "Dar Lance" | `MeusAtivos.jsx:142-145` |
DOCS	TEXTO-DOC	docs/mapa-navegacao.md	66	133	Lance	| **I-09** | 🟡 | Empty state sem CTA | MeusAtivos com `isConnected` mas sem lances mostra "Nenhum lance encontrado" sem botão "Dar Lance" | `MeusAtivos.jsx:142-145` |
DOCS	TEXTO-DOC	docs/mapa-navegacao.md	98	12	Lances	│   ├─ KPI Lances Únicos      → /mercado                              │
DOCS	TEXTO-DOC	docs/mapa-navegacao.md	99	18	Lances	│   ├─ KPI Total Lances       → /ativos                               │
DOCS	TEXTO-DOC	docs/mapa-navegacao.md	108	18	lances	│   └─ Histórico lances (autocontido)                                 │
DOCS	TEXTO-DOC	docs/mapa-navegacao.md	111	27	lance	│   ├─ CardLance (form de lance)                                      │
DOCS	TEXTO-DOC	docs/MC39.18-escalabilidade.md	49	46	lances	5. Índices compostos/parciais ausentes em `lances` para apuração/consulta (itens 25,26).
DOCS	TEXTO-DOC	docs/MC39.18-escalabilidade.md	133	30	lances	23 Particionamento (Range) lances/transacoes     P1  [PEND]    por data (mensal); ganho real só com volume alto
DOCS	TEXTO-DOC	docs/MC39.18-escalabilidade.md	135	125	lances	25 Índices compostos                             P0  [PEND]    atuais são single-column; criar (edicao_id, created_at) em lances
DOCS	TEXTO-DOC	docs/MC39.18-escalabilidade.md	136	89	lances	26 Índices parciais                              P0  [PEND]    WHERE não-consolidado (lances ativos)
DOCS	TEXTO-DOC	docs/MC39.18-escalabilidade.md	139	80	lances	29 Materialized Views (relatórios)               P1  [PEND]    ex.: total de lances por edição; refresh agendado
DOCS	TEXTO-DOC	docs/MC39.18-escalabilidade.md	182	46	lances	criar: CREATE INDEX CONCURRENTLY idx_lances_edicao_created ON lances(edicao_id, created_at DESC)
DOCS	TEXTO-DOC	docs/MC39.18-escalabilidade.md	182	71	lances	criar: CREATE INDEX CONCURRENTLY idx_lances_edicao_created ON lances(edicao_id, created_at DESC)
DOCS	TEXTO-DOC	docs/MC39.18-escalabilidade.md	185	46	lances	crit: EXPLAIN ANALYZE da consulta de lances usa Index Scan, não Seq Scan
DOCS	TEXTO-DOC	docs/MC39.18-escalabilidade.md	187	36	lances	criar: CREATE INDEX ... ON lances(edicao_id) WHERE consolidado = false
DOCS	TEXTO-DOC	docs/MC39.18-escalabilidade.md	241	112	lances	21 N+1 pontual                      [C]  1 commit  dep:—    paralelizar loops admin-aprovacao:106/consolidar-lances/corporativo-analytics
DOCS	TEXTO-DOC	docs/MC39.18-escalabilidade.md	264	84	lances	29 Materialized Views               [C]  1-2 commit dep:38   views de relatório (lances por edição); refresh agendado (pg_cron)
DOCS	TEXTO-DOC	docs/MC39.18-escalabilidade.md	266	63	lances	23 Particionamento (Range)          [C]  2 commits dep:38   lances/transacoes por mês
DOCS	TEXTO-DOC	docs/MC39.18-escalabilidade.md	271	7	lances	de `lances` pode ainda ser baixo → criar índices (ONDA 1) primeiro; partitioning como
DOCS	TEXTO-DOC	docs/MC39.18-escalabilidade.md	279	15	lances	crit: lances/webhooks/e-mails processados com retry; DLQ p/ falhas
DOCS	TEXTO-DOC	docs/MC89.10-DIAGNOSTICO.txt	31	14	lances	consolidar-lances.mjs · purge-lances.mjs · cron-reset-programado.mjs
DOCS	TEXTO-DOC	docs/MC89.10-DIAGNOSTICO.txt	31	33	lances	consolidar-lances.mjs · purge-lances.mjs · cron-reset-programado.mjs
DOCS	TEXTO-DOC	docs/MC89.10-PLANO.txt	173	12	lances	consolidar-lances    (POST)           ✗         ✓         ✓
DOCS	TEXTO-DOC	docs/MC89.10-PLANO.txt	174	7	lances	purge-lances         (POST)           ✗         ✓         ✓
DOCS	TEXTO-DOC	docs/MC89.13-DIAGNOSTICO.txt	44	1	lances	lances (Supabase):
DOCS	TEXTO-DOC	docs/MC89.13-DIAGNOSTICO.txt	45	18	lances	→ 0 linhas. Os lances vivem em Blobs (relâmpago) ou no contrato (programado).
DOCS	TEXTO-DOC	docs/MC89.13-DIAGNOSTICO.txt	64	3	Lances	❌ Lances: dispersos em Blobs + contrato — não consolidável em SQL
DOCS	TEXTO-DOC	docs/MC89.13-DIAGNOSTICO.txt	84	6	lances	- Os lances NÃO são consolidados (é um MC próprio — D3 do MC89.5).
DOCS	TEXTO-DOC	docs/MC89.13-PLANO.txt	144	25	lance	- comprar-senhas.mjs, lance-relampago.mjs, iniciar-pagamento.mjs
DOCS	TEXTO-DOC	docs/MC89.13-PLANO.txt	213	6	Lances	⚠️ Lances:      "Indisponível — os lances relâmpago estão em Netlify Blobs e
DOCS	TEXTO-DOC	docs/MC89.13-PLANO.txt	213	38	lances	⚠️ Lances:      "Indisponível — os lances relâmpago estão em Netlify Blobs e
DOCS	TEXTO-DOC	docs/MC89.13-RELATORIO.txt	8	9	lances	tabela `lances` do Supabase está vazia — os lances vivem em Blobs ou no contrato.
DOCS	TEXTO-DOC	docs/MC89.13-RELATORIO.txt	8	45	lances	tabela `lances` do Supabase está vazia — os lances vivem em Blobs ou no contrato.
DOCS	TEXTO-DOC	docs/MC89.13-RELATORIO.txt	14	70	lances	Não existe sistema de presença, não existe `usuarios_bloqueio`, e os lances não
DOCS	TEXTO-DOC	docs/MC89.17-PLANO.txt	9	46	lance	`marcarLidas(endereco)` — atualiza. Tipos: lance_unico, perdeu_exclusividade,
DOCS	TEXTO-DOC	docs/MC89.17-PLANO.txt	12	13	lances	(edições, lances, sistema) e devolve notificações agregadas. NÃO é emissão —
DOCS	TEXTO-DOC	docs/MC89.27-DIAGNOSTICO.txt	115	60	lance	• CONTRATO = ""  → leitura de saldo de senhas e envio de lance falham.
DOCS	TEXTO-DOC	docs/MC89.29-RELATORIO.txt	116	9	lance	Menor lance único vence · Art. 8 Modo: ⚡ R..."
DOCS	TEXTO-DOC	docs/MC89.32-DIAGNOSTICO.txt	135	7	lances	lances ............... 0
DOCS	TEXTO-DOC	docs/MC89.32-DIAGNOSTICO.txt	142	45	lances	❌ NÃO HÁ LISTAS LONGAS. Ver 4.2. Zero lances, sete cotas.
DOCS	TEXTO-DOC	docs/MC89.33-COMUM-DIAGNOSTICO.txt	33	61	Lance	478 ms   conteúdo do Dashboard ("Edição Ativa" / "Menor Lance")
DOCS	TEXTO-DOC	docs/MC89.33-COMUM-DIAGNOSTICO.txt	55	18	lances	6    200   lances-flash?edicaoId=R-1
DOCS	TEXTO-DOC	docs/MC89.33-COMUM-DIAGNOSTICO.txt	58	18	lances	3320    200   lances-flash
DOCS	TEXTO-DOC	docs/MC89.33-COMUM-DIAGNOSTICO.txt	88	3	lances	lances-flash    8× em 25 s   ≈ 3,3 s   ≈ 18 pedidos/min
DOCS	TEXTO-DOC	docs/MC89.33-COMUM-DIAGNOSTICO.txt	94	8	lances	3.1 — `lances-flash` a 3 s ESTÁ CORRETO E NÃO DEVE SER MEXIDO ÀS CEGAS.
DOCS	TEXTO-DOC	docs/MC89.33-COMUM-DIAGNOSTICO.txt	99	59	leilão	DESENHADO para o momento em que o produto acontece — um leilão ao vivo.
DOCS	TEXTO-DOC	docs/MC89.33-COMUM-DIAGNOSTICO.txt	111	8	lances	3.3 — `lances-flash` NÃO TEM RATE LIMIT NO SERVIDOR.
DOCS	TEXTO-DOC	docs/MC89.33-COMUM-DIAGNOSTICO.txt	112	35	lances	Os imports de netlify/functions/lances-flash.mjs são só blobs, validate e cors
DOCS	TEXTO-DOC	docs/MC89.33-COMUM-DIAGNOSTICO.txt	123	18	lances	Carteira       lances-flash, referral×2, analytics, saldo-rs
DOCS	TEXTO-DOC	docs/MC89.33-COMUM-DIAGNOSTICO.txt	147	49	lances	saldo-rs · notificacoes · cotas · auth-user · lances-flash · edicoes
DOCS	TEXTO-DOC	docs/MC89.33-COMUM-DIAGNOSTICO.txt	162	71	leilão	"Polling 3 s → 5 s"  ⚠️ VER §3.1 — os 3 s são o desenho correto com leilão a decorrer.
DOCS	TEXTO-DOC	docs/MC89.33-CORPORATIVO-DIAGNOSTICO.txt	26	33	lances	t=0     edicoes, analytics, lances-flash
DOCS	TEXTO-DOC	docs/MC89.33-CORPORATIVO-DIAGNOSTICO.txt	96	6	lances	(lances-flash 18 + saldo-rs 12 + notificacoes 6).
DOCS	TEXTO-DOC	docs/MC89.33-CORPORATIVO-DIAGNOSTICO.txt	98	6	lances	`lances-flash` vive no AppContext e NÃO depende da rota — continua a correr
DOCS	TEXTO-DOC	docs/MC89.33-CORPORATIVO-DIAGNOSTICO.txt	99	55	leilão	a 3 s para um lojista que nem sequer está a ver o leilão. Isto é gasto
DOCS	TEXTO-DOC	docs/MC89.33-CORPORATIVO-DIAGNOSTICO.txt	119	66	leilão	adicionais a arrancar a frio na primeira visita, e um polling de leilão que ele
DOCS	TEXTO-DOC	docs/MC89.33-PLANO.txt	72	21	LEILÃO	P0-4 — NÃO POLLAR O LEILÃO PARA QUEM NÃO O ESTÁ A VER   [corporativo]
DOCS	TEXTO-DOC	docs/MC89.33-PLANO.txt	74	2	lances	`lances-flash` corre a 3 s a partir do AppContext, INDEPENDENTE da rota. Um
DOCS	TEXTO-DOC	docs/MC89.33-PLANO.txt	75	51	leilão	lojista em /corporativo paga 18 pedidos/min de um leilão que não está a ver.
DOCS	TEXTO-DOC	docs/MC89.33-PLANO.txt	76	56	leilão	Proposto: condicionar o polling à rota/visibilidade do leilão.
DOCS	TEXTO-DOC	docs/MC89.33-PLANO.txt	78	62	leilão	A DECORRER): os 3 s são o desenho correto do MC88.31 para um leilão ao vivo, que
DOCS	TEXTO-DOC	docs/MC89.33-PLANO.txt	124	30	lances	P2 — RATE LIMIT EM FALTA NO `lances-flash`     [robustez, não performance]
DOCS	TEXTO-DOC	docs/MC89.33-PLANO.txt	126	20	lances	`netlify/functions/lances-flash.mjs` não importa `aplicarRateLimit`. É o
DOCS	TEXTO-DOC	docs/MC89.33-PLANO.txt	137	59	lances	Virtualização de listas ....... não há listas longas (0 lances, 7 cotas).
DOCS	TEXTO-DOC	docs/MC89.33-RELATORIO.txt	49	7	lances	lances-flash 18/min · saldo-rs 12/min · notificacoes 6/min
DOCS	TEXTO-DOC	docs/MC89.33-RELATORIO.txt	50	9	lances	· lances-flash a 3 s está CORRETO (verifiquei o prazo: edição a decorrer,
DOCS	TEXTO-DOC	docs/MC89.33-RELATORIO.txt	51	55	leilão	faltavam 23 min). É o desenho do MC88.31 para leilão ao vivo.
DOCS	TEXTO-DOC	docs/MC89.33-RELATORIO.txt	54	9	lances	· lances-flash não tem rate limit no servidor.
DOCS	TEXTO-DOC	docs/MC89.33-RELATORIO.txt	81	6	lances	· `lances-flash` continua a pollar a 3 s a partir do AppContext mesmo em
DOCS	TEXTO-DOC	docs/MC89.33-RELATORIO.txt	82	55	leilão	/corporativo: o lojista paga 18 pedidos/min de um leilão que não está a ver.
DOCS	TEXTO-DOC	docs/MC89.33-RELATORIO.txt	90	60	lances	Virtualização de listas ........ não há listas longas (0 lances, 7 cotas).
DOCS	TEXTO-DOC	docs/MC89.33-RELATORIO.txt	93	74	leilão	Polling 3 s → 5 s .............. recusado: 3 s é o desenho correto com leilão
DOCS	TEXTO-DOC	docs/MC89.33-RELATORIO.txt	107	22	leilão	P0-4  Não pollar o leilão para quem não o está a ver   [corporativo]
DOCS	TEXTO-DOC	docs/MC89.33-RELATORIO.txt	111	32	lances	P2    Rate limit em falta no lances-flash
DOCS	TEXTO-DOC	docs/MC89.35-PLANO.txt	13	22	leilão	pinta o Dashboard de leilão. O diagnóstico provou que essa afirmação é falsa
DOCS	TEXTO-DOC	docs/MC89.35-PLANO.txt	33	12	lances	KPIs de lances e o saldo de senhas de outro produto. Acrescenta uma camada
DOCS	TEXTO-DOC	docs/MC89.36-VALIDACAO.txt	17	28	Lances	DASHBOARD COMUM → texto "Lances Únicos" ou "Total de Lances" no DOM
DOCS	TEXTO-DOC	docs/MC89.36-VALIDACAO.txt	17	56	Lances	DASHBOARD COMUM → texto "Lances Únicos" ou "Total de Lances" no DOM
DOCS	TEXTO-DOC	docs/MC89.36-VALIDACAO.txt	22	8	Lances	texto "Lances Únicos" no DOM e confirmei que a sonda passou a acusar
DOCS	TEXTO-DOC	docs/MC89.42-DIAGNOSTICO.txt	59	3	Lances	Lances .................. ❌       ❌        tabela `lances` = 0 (é on-chain)
DOCS	TEXTO-DOC	docs/MC89.42-DIAGNOSTICO.txt	59	54	lances	Lances .................. ❌       ❌        tabela `lances` = 0 (é on-chain)
DOCS	TEXTO-DOC	docs/MC89.42-DIAGNOSTICO.txt	67	56	Lances	⇒ 8 de 10 cobertas de ponta a ponta. As lacunas são "Lances" e a profundidade
DOCS	TEXTO-DOC	docs/MC89.42-DIAGNOSTICO.txt	151	5	lances	lances ...........  0 (on-chain)   produtos .  0 (vivem em Blobs)
DOCS	TEXTO-DOC	docs/MC89.42-PLANO.txt	46	9	Lances	P2-A  Lances — ver §5, tem uma razão estrutural para ficar por último
DOCS	TEXTO-DOC	docs/MC89.42-PLANO.txt	69	38	lances	(b) ALARGAR A VISTA a mais fontes (lances on-chain, notificações).
DOCS	TEXTO-DOC	docs/MC89.42-PLANO.txt	135	11	LANCES	5. P2-A — LANCES: PORQUE FICA PARA O FIM
DOCS	TEXTO-DOC	docs/MC89.42-PLANO.txt	137	11	lances	A tabela `lances` tem 0 linhas: os lances vivem ON-CHAIN. Uma página de lances
DOCS	TEXTO-DOC	docs/MC89.42-PLANO.txt	137	36	lances	A tabela `lances` tem 0 linhas: os lances vivem ON-CHAIN. Uma página de lances
DOCS	TEXTO-DOC	docs/MC89.42-PLANO.txt	137	73	lances	A tabela `lances` tem 0 linhas: os lances vivem ON-CHAIN. Uma página de lances
DOCS	TEXTO-DOC	docs/MC89.42-PLANO.txt	144	20	lance	⇒ E "cancelar um lance" pode nem ser possível: se o lance está no contrato, o
DOCS	TEXTO-DOC	docs/MC89.42-PLANO.txt	144	55	lance	⇒ E "cancelar um lance" pode nem ser possível: se o lance está no contrato, o
DOCS	TEXTO-DOC	docs/MC89.42-PLANO.txt	164	43	lances	MC89.47+ Exportação, níveis de admin, e lances depois de §5 estar respondido.
DOCS	TEXTO-DOC	docs/MC89.42-PLANO.txt	171	55	lances	Em produção há 0 logs, 0 bloqueios, 0 notificações, 0 lances, 0 produtos e 7
DOCS	TEXTO-DOC	docs/MC89.42-PLANO.txt	189	27	lances	· Não desenha a página de lances — ver §5.
DOCS	TEXTO-DOC	docs/MC89.42-PLANO.txt	202	39	lance	3. §5: o contrato permite cancelar um lance? Sem isso não desenho a página.
DOCS	TEXTO-DOC	docs/MC89.42-RELATORIO.txt	86	39	lances	P2   Exportação · níveis de admin · lances
DOCS	TEXTO-DOC	docs/MC89.42-RELATORIO.txt	106	3	lances	0 lances, 0 produtos, e 7 "utilizadores" que são registos de teste.
DOCS	TEXTO-DOC	docs/MC89.42-RELATORIO.txt	129	35	lance	3. O contrato permite CANCELAR um lance? Sem essa resposta não desenho a página
DOCS	TEXTO-DOC	docs/MC89.42-RELATORIO.txt	130	7	lances	de lances: eles vivem on-chain, e há a regra de não carregar `ethers` no
DOCS	TEXTO-DOC	docs/MC89.47-DEPENDABOT.txt	69	12	lance	fluxo de lance (login Privy → darLance → saldo) antes do merge.
DOCS	TEXTO-DOC	docs/MC89.47-RELATORIO.txt	43	64	lances	(admin-aprovacao, admin-list, banners, chatbot, consolidar-lances,
DOCS	TEXTO-DOC	docs/MC89.47-RELATORIO.txt	45	11	lances	purge-lances, renovacao-adesao, schedule, voucher, wallet, purge-logs)
DOCS	TEXTO-DOC	docs/MC89.48-DIAGNOSTICO-SUPABASE.txt	37	5	lances	lances ...................  0
DOCS	TEXTO-DOC	docs/MC89.48-EVIDENCIAS.txt	62	46	lances	FASE A (carga): 50/100/200/1500/2500 lances -> 0 erros, keys unicas,
DOCS	TEXTO-DOC	docs/MC89.5-ENDPOINTS.txt	72	62	lances	Saída : identificação, saldo R$, cotas, créditos, débitos, lances RELÂMPAGO
DOCS	TEXTO-DOC	docs/MC89.5-ENDPOINTS.txt	74	49	lances	⚠ NÃO inclui saldo de senhas (é on-chain) nem lances programados (on-chain).
DOCS	TEXTO-DOC	docs/MC89.5-FLUXOS.txt	111	52	lances	admin_top_utilizadores   "quem são os 5 com mais lances"    → vw_utilizadores
DOCS	TEXTO-DOC	docs/MC89.5-MAPA.txt	116	3	lances	lances                  on    0     ⚠️ VAZIA — ver ACHADO A-3
DOCS	TEXTO-DOC	docs/MC89.5-MAPA.txt	143	3	lances	lances(id uuid, edicao_id, endereco, hash_lance, valor_centavos, created_at,
DOCS	TEXTO-DOC	docs/MC89.5-MAPA.txt	143	45	lance	lances(id uuid, edicao_id, endereco, hash_lance, valor_centavos, created_at,
DOCS	TEXTO-DOC	docs/MC89.5-MAPA.txt	164	3	bids	bids:bid:{edicao}:{end}:{r}  LANCES (Key-Per-Bid, MC28.1) (bids-store.mjs:13)
DOCS	TEXTO-DOC	docs/MC89.5-MAPA.txt	164	8	bid	bids:bid:{edicao}:{end}:{r}  LANCES (Key-Per-Bid, MC28.1) (bids-store.mjs:13)
DOCS	TEXTO-DOC	docs/MC89.5-MAPA.txt	164	32	LANCES	bids:bid:{edicao}:{end}:{r}  LANCES (Key-Per-Bid, MC28.1) (bids-store.mjs:13)
DOCS	TEXTO-DOC	docs/MC89.5-MAPA.txt	164	48	Bid	bids:bid:{edicao}:{end}:{r}  LANCES (Key-Per-Bid, MC28.1) (bids-store.mjs:13)
DOCS	TEXTO-DOC	docs/MC89.5-MAPA.txt	164	62	bids	bids:bid:{edicao}:{end}:{r}  LANCES (Key-Per-Bid, MC28.1) (bids-store.mjs:13)
DOCS	TEXTO-DOC	docs/MC89.5-MAPA.txt	193	25	lance	([[desafiogut-mc4931-lance-relampago]]). E passar o DIRETÓRIO em vez do glob
DOCS	TEXTO-DOC	docs/MC89.5-MAPA.txt	215	6	lances	e `lances` não têm coluna de e-mail nenhuma.
DOCS	TEXTO-DOC	docs/MC89.5-MAPA.txt	221	10	lances	A-3 — Os lances estão em DOIS sítios, e nenhum deles é a tabela `lances`.
DOCS	TEXTO-DOC	docs/MC89.5-MAPA.txt	221	66	lances	A-3 — Os lances estão em DOIS sítios, e nenhum deles é a tabela `lances`.
DOCS	TEXTO-DOC	docs/MC89.5-MAPA.txt	222	24	lances	Evidência: Supabase `lances` = 0 linhas. `bids-store.mjs` (Blobs, Key-Per-Bid)
DOCS	TEXTO-DOC	docs/MC89.5-MAPA.txt	222	45	bids	Evidência: Supabase `lances` = 0 linhas. `bids-store.mjs` (Blobs, Key-Per-Bid)
DOCS	TEXTO-DOC	docs/MC89.5-MAPA.txt	222	77	Bid	Evidência: Supabase `lances` = 0 linhas. `bids-store.mjs` (Blobs, Key-Per-Bid)
DOCS	TEXTO-DOC	docs/MC89.5-MAPA.txt	223	26	lances	é usado por consolidar-lances.mjs e data-store-blobs.mjs. `lance-relampago.mjs`
DOCS	TEXTO-DOC	docs/MC89.5-MAPA.txt	223	62	lance	é usado por consolidar-lances.mjs e data-store-blobs.mjs. `lance-relampago.mjs`
DOCS	TEXTO-DOC	docs/MC89.5-MAPA.txt	224	56	lance	usa addLance() → data-store → backend configurado. O lance PROGRAMADO nem
DOCS	TEXTO-DOC	docs/MC89.5-MAPA.txt	226	31	lances	Consequência: "histórico de lances do utilizador" (Tela 2) não é uma consulta —
DOCS	TEXTO-DOC	docs/MC89.5-PLANO.txt	130	45	lances	mostra "—" e a tela explica porquê (A-2); lances programados declarados como
DOCS	TEXTO-DOC	docs/MC89.5-RELATORIO.txt	23	72	lances	admins, sessões, log de decisões, aprovações com PII, e os próprios lances.
DOCS	TEXTO-DOC	docs/MC89.5-RELATORIO.txt	64	39	bids	log-decisoes, notificacoes, bids (lances), schedule, system-state.
DOCS	TEXTO-DOC	docs/MC89.5-RELATORIO.txt	64	45	lances	log-decisoes, notificacoes, bids (lances), schedule, system-state.
DOCS	TEXTO-DOC	docs/MC89.5-RELATORIO.txt	80	9	lances	A-3  Os lances estão em dois sítios, e nenhum é a tabela `lances` (0 linhas):
DOCS	TEXTO-DOC	docs/MC89.5-RELATORIO.txt	80	59	lances	A-3  Os lances estão em dois sítios, e nenhum é a tabela `lances` (0 linhas):
DOCS	TEXTO-DOC	docs/MC89.5-RELATORIO.txt	82	22	lances	⇒ "histórico de lances" não é uma consulta; são três fontes (D3).
DOCS	TEXTO-DOC	docs/MC89.5-TABELAS.txt	65	3	lances	lances_n              int   ⚠ conta SÓ os lances relâmpago em Postgres
DOCS	TEXTO-DOC	docs/MC89.5-TABELAS.txt	65	45	lances	lances_n              int   ⚠ conta SÓ os lances relâmpago em Postgres
DOCS	TEXTO-DOC	docs/MC89.5-TABELAS.txt	74	3	lances	lances.endereco
DOCS	TEXTO-DOC	docs/MC89.5-TABELAS.txt	90	7	lances	idx_lances_endereco              btree (endereco)
DOCS	TEXTO-DOC	docs/MC89.5-TABELAS.txt	100	14	lance	quebrar um lance — está certo.
DOCS	TEXTO-DOC	docs/MC89.5-TABELAS.txt	161	3	lance	lance-relampago, iniciar-pagamento). Sem isso, "bloquear" é decorativo.
DOCS	TEXTO-DOC	docs/MC89.5-TABELAS.txt	258	21	lances	saldo_rs_debitos, lances ou fila_tarefas — exceto para ACRESCENTAR índices.
DOCS	TEXTO-DOC	docs/MC89.5-TELAS.txt	63	12	lance	crédito, lance ou cota alterada na janela. Computável, honesto, e responde à
DOCS	TEXTO-DOC	docs/MC89.5-TELAS.txt	114	48	lances	saldo_rs_creditos.payload->>'endereco' e lances.endereco, com agregados
DOCS	TEXTO-DOC	docs/MC89.5-TELAS.txt	179	42	lance	endpoints de dinheiro (comprar-senhas, lance-relampago, iniciar-pagamento).
DOCS	TEXTO-DOC	docs/MC89.5-TELAS.txt	197	16	lances	Histórico de lances       ⚠ TRÊS FONTES (achado A-3):
DOCS	TEXTO-DOC	docs/MC89.5-TELAS.txt	198	53	lances	· relâmpago → Supabase `lances` (0 linhas hoje)
DOCS	TEXTO-DOC	docs/MC89.5-TELAS.txt	199	50	bids	· relâmpago → Blobs `bids` (conforme DATA_STORE_BACKEND)
DOCS	TEXTO-DOC	docs/MC89.5-TELAS.txt	201	37	lances	D3 — PROPOSTA: a Fase 2 mostra os lances RELÂMPAGO (via data-store, que já
DOCS	TEXTO-DOC	docs/MC89.5-TELAS.txt	202	64	lances	abstrai os dois backends) e escreve no ecrã, à vista, que os lances programados
DOCS	TEXTO-DOC	docs/MC89.5-TELAS.txt	268	37	lances	sessões, o log e os lances vivem lá. Uma leitura de sonda
DOCS	TEXTO-DOC	docs/MC89.8-DIAGNOSTICO.txt	30	43	lances	- **Nenhum dado pessoal** (saldo, senhas, lances) visível
DOCS	TEXTO-DOC	docs/MC89.8-DIAGNOSTICO.txt	35	57	lances	⚠️ **ACHADO 1**: o texto menciona "Saldo de senhas", "lances", "e-mail" e
DOCS	TEXTO-DOC	docs/MC89.8-DIAGNOSTICO.txt	37	70	lances	tela VAI fazer, não mostram dados reais. Mas a palavras "saldo" e "lances"
DOCS	TEXTO-DOC	docs/MC89.8-DIAGNOSTICO.txt	134	33	lances	3. **Texto "saldo de senhas" / "lances" nos placeholders** — falso positivo visual.
DOCS	TEXTO-DOC	docs/MC89.8-RELATORIO.txt	16	17	lances	de senhas" e "lances" — não são dados reais, mas ativam uma varredura textual
DOCS	TEXTO-DOC	docs/MC89.8-RELATORIO.txt	47	72	lances	E os placeholders EmConstrucao contêm as palavras "saldo", "senhas" e "lances"
DOCS	TEXTO-DOC	docs/MC89.9-RELATORIO.txt	20	33	lances	- Palavras "saldo", "senhas" e "lances" removidas dos textos:
DOCS	TEXTO-DOC	docs/MC89.9-RELATORIO.txt	23	19	lances	- "Histórico de lances" → "Histórico de operações"
DOCS	TEXTO-DOC	docs/MC90.2-CLOSED-TESTING-GUIDE.txt	57	61	leilão	- Idealmente pessoas do perfil do público: participantes de leilão,
DOCS	TEXTO-DOC	docs/MC90.2-CLOSED-TESTING-GUIDE.txt	65	33	leilão	- Comunidades locais (grupos de leilão, dropshipping, finanças).
DOCS	TEXTO-DOC	docs/MC90.2-CLOSED-TESTING-GUIDE.txt	85	20	leilão	3. Visualização do leilão ativo (edição "R-1"): contagem regressiva, lista de
DOCS	TEXTO-DOC	docs/MC90.2-CLOSED-TESTING-GUIDE.txt	86	4	lances	lances, regra do menor lance único (Art. VIII).
DOCS	TEXTO-DOC	docs/MC90.2-CLOSED-TESTING-GUIDE.txt	86	27	lance	lances, regra do menor lance único (Art. VIII).
DOCS	TEXTO-DOC	docs/MC90.2-CLOSED-TESTING-GUIDE.txt	87	18	lance	4. Lançamento de lance: fluxo normal (formulário -> hash Argon2id ->
DOCS	TEXTO-DOC	docs/MC90.2-CLOSED-TESTING-GUIDE.txt	102	29	lances	atividade_utilizadores, lances etc.) — evidência para o requisito de
DOCS	TEXTO-DOC	docs/MC90.2-DATA-SAFETY-RASCUNHO.txt	58	57	lances	É essencial para o funcionamento do app? SIM (conta e lances).
DOCS	TEXTO-DOC	docs/MC90.2-DATA-SAFETY-RASCUNHO.txt	105	57	leilões	- Interações no app — SIM (navegação, visualização de leilões)
DOCS	TEXTO-DOC	docs/MC90.2-DATA-SAFETY-RASCUNHO.txt	108	47	lances	- Outro conteúdo gerado pelo usuário — SIM (lances com hash Argon2id,
DOCS	TEXTO-DOC	docs/MC90.2-DATA-SAFETY-RASCUNHO.txt	109	18	lances	histórico de lances, atividade registada em atividade_utilizadores)
DOCS	TEXTO-DOC	docs/MC90.2-DATA-SAFETY-RASCUNHO.txt	111	60	lances	Compartilhado? SIM — Supabase (armazenamento) e, para os lances, de forma
DOCS	TEXTO-DOC	docs/MC90.2-DATA-SAFETY-RASCUNHO.txt	113	68	leilões	Essencial? PARCIAL — a navegação básica não exige; participar em leilões
DOCS	TEXTO-DOC	docs/MC90.2-DATA-SAFETY-RASCUNHO.txt	114	22	lances	exige o registo de lances (declarar como "opcional" para interações, mas a
DOCS	TEXTO-DOC	docs/MC90.2-DATA-SAFETY-RASCUNHO.txt	115	48	lances	declaração oficial é feita por subcategoria: lances = essencial).
DOCS	TEXTO-DOC	docs/MC90.2-DATA-SAFETY-RASCUNHO.txt	117	41	lances	Eliminação? SIM (delete-account apaga lances e atividade_utilizadores;
DOCS	TEXTO-DOC	docs/MC90.2-DATA-SAFETY-RASCUNHO.txt	166	52	lances	- Atividade no app: SIM (Supabase; blockchain para lances).
DOCS	TEXTO-DOC	docs/MC90.2-DATA-SAFETY-RASCUNHO.txt	186	39	lances	- O app processa transações on-chain (lances em Ethereum mainnet) via carteira
DOCS	TEXTO-DOC	docs/MC90.2-ELIMINACAO-CONTAS.txt	35	29	lances	- Supabase por endereco: lances, lojistas, atividade_utilizadores (MC89.43)
DOCS	TEXTO-DOC	docs/MC90.2-ELIMINACAO-CONTAS.txt	37	23	lance	- Blobs por valor: lance-idem
DOCS	TEXTO-DOC	docs/MC90.2-GAP-ANALYSIS.txt	66	36	lances	mecanismo interno de assinatura de lances; a compra é em R$ via PIX.
DOCS	TEXTO-DOC	docs/MC90.2-POLITICA-PRIVACIDADE-TEXTO.txt	39	34	leilão	O DesafioGUT é uma plataforma de leilão de "menor lance único": os utilizadores
DOCS	TEXTO-DOC	docs/MC90.2-POLITICA-PRIVACIDADE-TEXTO.txt	39	51	lance	O DesafioGUT é uma plataforma de leilão de "menor lance único": os utilizadores
DOCS	TEXTO-DOC	docs/MC90.2-POLITICA-PRIVACIDADE-TEXTO.txt	40	15	leilões	participam em leilões, lançam lances e podem adquirir produtos/senhas mediante
DOCS	TEXTO-DOC	docs/MC90.2-POLITICA-PRIVACIDADE-TEXTO.txt	40	31	lances	participam em leilões, lançam lances e podem adquirir produtos/senhas mediante
DOCS	TEXTO-DOC	docs/MC90.2-POLITICA-PRIVACIDADE-TEXTO.txt	51	24	lances	transações on-chain (lances) e prestação do serviço.
DOCS	TEXTO-DOC	docs/MC90.2-POLITICA-PRIVACIDADE-TEXTO.txt	65	36	lances	3.3. Atividade no app (interações, lances, histórico)
DOCS	TEXTO-DOC	docs/MC90.2-POLITICA-PRIVACIDADE-TEXTO.txt	66	27	lances	- Registos de interações: lances (com hash Argon2id off-chain de prova de
DOCS	TEXTO-DOC	docs/MC90.2-POLITICA-PRIVACIDADE-TEXTO.txt	72	22	leilões	para participar em leilões. Base legal: execução do contrato e interesse
DOCS	TEXTO-DOC	docs/MC90.2-POLITICA-PRIVACIDADE-TEXTO.txt	82	6	lances	- Os lances são registados no smart contract LeilaoGUT na rede Ethereum
DOCS	TEXTO-DOC	docs/MC90.2-POLITICA-PRIVACIDADE-TEXTO.txt	85	32	leilão	- Finalidade: funcionamento do leilão (pipeline de lance 100% on-chain).
DOCS	TEXTO-DOC	docs/MC90.2-POLITICA-PRIVACIDADE-TEXTO.txt	85	52	lance	- Finalidade: funcionamento do leilão (pipeline de lance 100% on-chain).
DOCS	TEXTO-DOC	docs/MC90.2-POLITICA-PRIVACIDADE-TEXTO.txt	115	77	lances	| Supabase (supabase.com) | Base de dados e armazenamento | Dados de conta, lances, histórico, atividade, saldos |
DOCS	TEXTO-DOC	docs/MC90.2-POLITICA-PRIVACIDADE-TEXTO.txt	116	135	lances	| Netlify (netlify.com) | Backend serverless (funções) | Dados transitórios necessários às funções (ex.: processamento de pagamento e lances) |
DOCS	TEXTO-DOC	docs/MC90.2-POLITICA-PRIVACIDADE-TEXTO.txt	161	27	lances	(atividade_utilizadores), lances, saldos, histórico e ficheiros associados à
DOCS	TEXTO-DOC	docs/MC90.2-REQUISITOS-2026.txt	214	31	lances	Privy, transações on-chain (lances) e pagamentos PIX. A política exige conta
DOCS	TEXTO-DOC	docs/MC90.2-REQUISITOS-2026.txt	240	44	lances	Console (pagamentos PIX via Mercado Pago + lances on-chain). Sem custo; só
DOCS	TEXTO-DOC	docs/MC90.4-CRIAR-APP-DADOS.txt	31	13	lances	on-chain (lances na Ethereum mainnet via embedded wallet Privy). A
DOCS	TEXTO-DOC	docs/MC90.4-CRIAR-APP-DADOS.txt	43	45	leilão	Sugestões com base no conteúdo real do app (leilão + compras + chat/social):
DOCS	TEXTO-DOC	docs/MC90.4-CRIAR-APP-DADOS.txt	46	14	lances	partilhar lances/público? — na prática NÃO há upload de ficheiros; os
DOCS	TEXTO-DOC	docs/MC90.4-CRIAR-APP-DADOS.txt	47	4	lances	lances são valores numéricos. Responder "Não" a upload/partilha de
DOCS	TEXTO-DOC	docs/MC90.4-CRIAR-APP-DADOS.txt	55	63	leilão	e) Violência, sexo, linguagem, jogos de azar: NÃO. O app é um leilão
DOCS	TEXTO-DOC	docs/MC90.4-CRIAR-APP-DADOS.txt	56	25	lance	regulamentado (menor lance único) — NÃO é jogo de azar; sem conteúdo
DOCS	TEXTO-DOC	docs/MC90.4-CRIAR-APP-DADOS.txt	99	64	leilão	- O questionário IARC deve refletir que NÃO há jogo de azar (o leilão de
DOCS	TEXTO-DOC	docs/MC90.4-CRIAR-APP-DADOS.txt	100	9	lance	menor lance único é regido por regulamento próprio e não é sorteio).
DOCS	TEXTO-DOC	docs/MC90.4-DATA-SAFETY-FINAL.txt	80	70	lances	Apps instalados (Não), Outro conteúdo gerado pelo usuário (Sim — lances
DOCS	TEXTO-DOC	docs/MC90.4-DATA-SAFETY-FINAL.txt	83	36	lances	Compartilhado: SIM — Supabase; lances também de forma pseudónima na
DOCS	TEXTO-DOC	docs/MC90.4-DATA-SAFETY-FINAL.txt	85	25	lances	Essencial: PARCIAL (lances: sim; interações de navegação: opcional —
DOCS	TEXTO-DOC	docs/MC90.4-DATA-SAFETY-FINAL.txt	87	20	lances	essencial para lances e opcional para o resto, conforme subcategoria).
DOCS	TEXTO-DOC	docs/MC90.4-DATA-SAFETY-FINAL.txt	88	63	lances	Criptografado: SIM. Eliminação: SIM (delete-account apaga lances e
DOCS	TEXTO-DOC	docs/MC90.4-DATA-SAFETY-FINAL.txt	126	16	lances	(autenticação, lances, pagamentos PIX e segurança). Nenhum dado é vendido
DOCS	TEXTO-DOC	docs/MC90.4-FICHA-LOJA.txt	12	1	Leilão	Leilão de menor lance único com pagamentos PIX e lances na blockchain.
DOCS	TEXTO-DOC	docs/MC90.4-FICHA-LOJA.txt	12	17	lance	Leilão de menor lance único com pagamentos PIX e lances na blockchain.
DOCS	TEXTO-DOC	docs/MC90.4-FICHA-LOJA.txt	12	50	lances	Leilão de menor lance único com pagamentos PIX e lances na blockchain.
DOCS	TEXTO-DOC	docs/MC90.4-FICHA-LOJA.txt	19	32	leilão	DesafioGUT é uma plataforma de leilão onde o MENOR lance único ganha: a
DOCS	TEXTO-DOC	docs/MC90.4-FICHA-LOJA.txt	19	52	lance	DesafioGUT é uma plataforma de leilão onde o MENOR lance único ganha: a
DOCS	TEXTO-DOC	docs/MC90.4-FICHA-LOJA.txt	20	6	lance	cada lance, o valor que aparece uma única vez é o vencedor (Art. VIII do
DOCS	TEXTO-DOC	docs/MC90.4-FICHA-LOJA.txt	25	16	leilão	- Participe do leilão ativo e lance valores em centavos.
DOCS	TEXTO-DOC	docs/MC90.4-FICHA-LOJA.txt	25	31	lance	- Participe do leilão ativo e lance valores em centavos.
DOCS	TEXTO-DOC	docs/MC90.4-FICHA-LOJA.txt	26	11	lance	- O menor lance único (que aparece exatamente uma vez) vence o item.
DOCS	TEXTO-DOC	docs/MC90.4-FICHA-LOJA.txt	33	3	Lances	- Lances registados no smart contract LeilaoGUT na Ethereum mainnet —
DOCS	TEXTO-DOC	docs/MC90.4-FICHA-LOJA.txt	56	37	lance	+ logo GUTO + tagline "O menor lance único ganha"). Ação do operador
DOCS	TEXTO-DOC	docs/MC90.4-FICHA-LOJA.txt	62	21	Leilão	Tela 1: Home / Leilão ativo (contagem regressiva + tabela de lances)
DOCS	TEXTO-DOC	docs/MC90.4-FICHA-LOJA.txt	62	67	lances	Tela 1: Home / Leilão ativo (contagem regressiva + tabela de lances)
DOCS	TEXTO-DOC	docs/MC90.4-FICHA-LOJA.txt	64	28	lance	Tela 3: Lançamento de lance (formulário + confirmação)
DOCS	TEXTO-DOC	docs/MC90.4-FICHA-LOJA.txt	82	56	leilão	- Target audience: maiores de 18 anos (público-alvo de leilão/compras) —
DOCS	TEXTO-DOC	docs/MC90.4-FICHA-LOJA.txt	100	3	Leilão	• Leilão de menor lance único com pipeline 100% on-chain (Ethereum mainnet).
DOCS	TEXTO-DOC	docs/MC90.4-FICHA-LOJA.txt	100	19	lance	• Leilão de menor lance único com pipeline 100% on-chain (Ethereum mainnet).
DOCS	TEXTO-DOC	docs/MC90.4-FICHA-LOJA.txt	110	29	leilão	- Tags (opcionais, máx. 5): leilão, blockchain, lances, web3, pix
DOCS	TEXTO-DOC	docs/MC90.4-FICHA-LOJA.txt	110	49	lances	- Tags (opcionais, máx. 5): leilão, blockchain, lances, web3, pix
DOCS	TEXTO-DOC	docs/MC91.10-DIAGNOSTICO.txt	6	44	lances	OBJETIVO: validar o fluxo PIX -> senhas -> lances programados + carteira ->
DOCS	TEXTO-DOC	docs/MC91.10-DIAGNOSTICO.txt	7	1	lances	lances relampago (menor lance unico). Este documento registra o reconhecimento
DOCS	TEXTO-DOC	docs/MC91.10-DIAGNOSTICO.txt	7	25	lance	lances relampago (menor lance unico). Este documento registra o reconhecimento
DOCS	TEXTO-DOC	docs/MC91.10-DIAGNOSTICO.txt	22	3	lances	- lances-flash (GET, publico): oculta valores ate consolidar (blindagem MC28.1);
DOCS	TEXTO-DOC	docs/MC91.10-DIAGNOSTICO.txt	23	13	lances	R-1 com 0 lances no momento.
DOCS	TEXTO-DOC	docs/MC91.10-DIAGNOSTICO.txt	37	33	lance	-> comprar-senhas (POST; JWT lance-auth; {endereco, qtd}): debita R$ 2,00 x
DOCS	TEXTO-DOC	docs/MC91.10-DIAGNOSTICO.txt	44	4	LANCES	B) LANCES (fluxo real em producao — mainnet):
DOCS	TEXTO-DOC	docs/MC91.10-DIAGNOSTICO.txt	46	18	lance	ramo -> POST /lance-relampago (JWT lance-auth via /auth-lance, assinatura
DOCS	TEXTO-DOC	docs/MC91.10-DIAGNOSTICO.txt	46	39	lance	ramo -> POST /lance-relampago (JWT lance-auth via /auth-lance, assinatura
DOCS	TEXTO-DOC	docs/MC91.10-DIAGNOSTICO.txt	46	60	lance	ramo -> POST /lance-relampago (JWT lance-auth via /auth-lance, assinatura
DOCS	TEXTO-DOC	docs/MC91.10-DIAGNOSTICO.txt	52	42	Bid	- valor real -> data-store (Key-Per-Bid; blobs ou Supabase via fachada)
DOCS	TEXTO-DOC	docs/MC91.10-DIAGNOSTICO.txt	53	25	lances	-> Fecho: consolidar-lances (admin): apura MENOR LANCE UNICO off-chain
DOCS	TEXTO-DOC	docs/MC91.10-DIAGNOSTICO.txt	53	53	LANCE	-> Fecho: consolidar-lances (admin): apura MENOR LANCE UNICO off-chain
DOCS	TEXTO-DOC	docs/MC91.10-DIAGNOSTICO.txt	57	73	lances	C) SENHAS ON-CHAIN: NENHUMA function de producao CONSOME saldoSenhas em lances.
DOCS	TEXTO-DOC	docs/MC91.10-DIAGNOSTICO.txt	59	71	lance	no caminho legado (Sepolia/localhost, MAINNET=false). Em mainnet o lance
DOCS	TEXTO-DOC	docs/MC91.10-DIAGNOSTICO.txt	69	15	lance	2) MC assume "lance programado consome 1 senha"; em mainnet o lance (programado
DOCS	TEXTO-DOC	docs/MC91.10-DIAGNOSTICO.txt	69	63	lance	2) MC assume "lance programado consome 1 senha"; em mainnet o lance (programado
DOCS	TEXTO-DOC	docs/MC91.10-DIAGNOSTICO.txt	71	18	lance	de senhas por lance e legado (Sepolia).
DOCS	TEXTO-DOC	docs/MC91.10-DIAGNOSTICO.txt	93	41	lances	- Custo do fluxo completo (1 compra + 2 lances + fecho opcional, 4 txs):
DOCS	TEXTO-DOC	docs/MC91.10-DIAGNOSTICO.txt	96	66	lances	carteira do usuario (deposito), usado depois em comprar-senhas/lances.
DOCS	TEXTO-DOC	docs/MC91.10-DIAGNOSTICO.txt	123	5	lance	S2 (lance programado): PENDENTE — sem edicao programada ativa + exige gas.
DOCS	TEXTO-DOC	docs/MC91.10-DIAGNOSTICO.txt	125	5	lance	S3 (lance relampago, menor lance unico): PENDENTE — exige saldo R$ e gas.
DOCS	TEXTO-DOC	docs/MC91.10-DIAGNOSTICO.txt	125	28	lance	S3 (lance relampago, menor lance unico): PENDENTE — exige saldo R$ e gas.
DOCS	TEXTO-DOC	docs/MC91.11-DIAGNOSTICO.txt	6	64	lance	CONTEXTO: o MC91.10 (diagnostico) identificou que em MAINNET o lance em edicao
DOCS	TEXTO-DOC	docs/MC91.11-DIAGNOSTICO.txt	7	33	lance	programada debita saldo R$ (via lance-relampago) em vez de consumir senha, e a
DOCS	TEXTO-DOC	docs/MC91.11-DIAGNOSTICO.txt	14	45	lance	- components/CardLance.jsx  — formulario de lance (usado por pages/Dashboard.jsx
DOCS	TEXTO-DOC	docs/MC91.11-DIAGNOSTICO.txt	21	11	lance	POST /lance-relampago (backend blindado). O ramo "darLance on-chain"
DOCS	COMENTARIO	docs/MC91.11-DIAGNOSTICO.txt	26	22	Lance	* Linha 378: hint "Lance programado consome 1 senha on-chain (Art. 20:
DOCS	TEXTO-DOC	docs/MC91.11-DIAGNOSTICO.txt	32	8	lance	auth-lance (JWT) -> POST /comprar-senhas (qtd; R$ 2,00/senha) -> adicionarSenhas
DOCS	TEXTO-DOC	docs/MC91.11-DIAGNOSTICO.txt	37	3	lance	- lance-relampago.mjs — UNICO endpoint de lance usado em mainnet.
DOCS	TEXTO-DOC	docs/MC91.11-DIAGNOSTICO.txt	37	43	lance	- lance-relampago.mjs — UNICO endpoint de lance usado em mainnet.
DOCS	TEXTO-DOC	docs/MC91.11-DIAGNOSTICO.txt	41	72	bid	coordenacao assina) + addLance (data-store: blob/Supabase, key-per-bid).
DOCS	TEXTO-DOC	docs/MC91.11-DIAGNOSTICO.txt	46	14	lances	- consolidar-lances.mjs — fecho admin: apura MENOR LANCE UNICO off-chain
DOCS	TEXTO-DOC	docs/MC91.11-DIAGNOSTICO.txt	46	52	LANCE	- consolidar-lances.mjs — fecho admin: apura MENOR LANCE UNICO off-chain
DOCS	TEXTO-DOC	docs/MC91.11-DIAGNOSTICO.txt	53	47	lances	correcao abaixo para o consumo de senhas em lances programados.
DOCS	TEXTO-DOC	docs/MC91.11-DIAGNOSTICO.txt	57	21	Leilao	CONTRATO (contracts/Leilao.sol, mainnet 0x0052477A8CA81BCAF4a60e21e635F9e00a5d16cd):
DOCS	TEXTO-DOC	docs/MC91.11-DIAGNOSTICO.txt	60	47	lance	(saldoSenhas[msg.sender]--), mas registra o lance em CLARO e usa msg.sender
DOCS	TEXTO-DOC	docs/MC91.11-DIAGNOSTICO.txt	69	34	lance	Privy wallet. Expor o valor do lance em claro (darLance) tambem anularia a
DOCS	TEXTO-DOC	docs/MC91.11-DIAGNOSTICO.txt	74	30	lances	DECISAO: consumo de senha em lances programados = GATE ON-CHAIN (saldoSenhas
DOCS	TEXTO-DOC	docs/MC91.11-DIAGNOSTICO.txt	85	3	lance	- lance-relampago.mjs: derivar tipo da edicao (buscarEdicao); se "programado":
DOCS	TEXTO-DOC	docs/MC91.11-DIAGNOSTICO.txt	101	40	lance	useTrocarPorSenhas(qtd=1) antes do lance; se saldo R$ < 200 -> mensagem
DOCS	COMENTARIO	docs/MC91.11-DIAGNOSTICO.txt	104	40	lance	* flash: INTOCADO (consumo R$, menor lance unico ja no fecho).
DOCS	TEXTO-DOC	docs/MC91.11-DIAGNOSTICO.txt	122	37	lances	- O saldo on-chain NAO decresce com lances programados (ledger off-chain
DOCS	TEXTO-DOC	docs/MC91.11-DIAGNOSTICO.txt	128	66	lances	- O fecho de edicoes programadas em mainnet deve usar consolidar-lances
DOCS	TEXTO-DOC	docs/MC91.11-DIAGNOSTICO.txt	129	30	lance	(admin), que apura o menor lance unico (mesmo do flash).
DOCS	TEXTO-DOC	docs/MC91.11-RELATORIO.txt	8	6	LANCE	- LANCE PROGRAMADO -> consome SENHA (1 por lance; Art. 20: R$ 2,00/senha).
DOCS	TEXTO-DOC	docs/MC91.11-RELATORIO.txt	8	47	lance	- LANCE PROGRAMADO -> consome SENHA (1 por lance; Art. 20: R$ 2,00/senha).
DOCS	TEXTO-DOC	docs/MC91.11-RELATORIO.txt	11	6	LANCE	- LANCE RELAMPAGO -> consome SALDO R$ (menor lance unico no fecho,
DOCS	TEXTO-DOC	docs/MC91.11-RELATORIO.txt	11	49	lance	- LANCE RELAMPAGO -> consome SALDO R$ (menor lance unico no fecho,
DOCS	TEXTO-DOC	docs/MC91.11-RELATORIO.txt	12	17	lances	consolidar-lances — ja implementado, inalterado).
DOCS	TEXTO-DOC	docs/MC91.11-RELATORIO.txt	26	6	lance	- lance-relampago.mjs — modo programado: gate lerSaldoSenhas >= 1, sem
DOCS	TEXTO-DOC	docs/MC91.11-RELATORIO.txt	49	7	lance	/lance-relampago 401 (token exigido).
DOCS	TEXTO-DOC	docs/MC91.11-RELATORIO.txt	55	23	lance	operador — R2); lance programado (requer edicao PROG-1 criada por admin
DOCS	TEXTO-DOC	docs/MC91.11-RELATORIO.txt	56	40	lance	— hoje so R-1 relampago existe); lance relampago; conferir saldos.
DOCS	TEXTO-DOC	docs/MC91.11-RELATORIO.txt	64	61	lances	PIX -> saldo R$ -> /comprar-senhas -> senhas on-chain -> lances
DOCS	TEXTO-DOC	docs/MC91.11-RELATORIO.txt	65	57	lances	programados consomem 1 senha; carteira (saldo R$) -> lances relampago
DOCS	TEXTO-DOC	docs/MC91.11-RELATORIO.txt	66	11	lance	(menor lance unico). Testes 398+7 verdes; deploy em producao validado.
DOCS	TEXTO-DOC	docs/MC91.11-TESTES.txt	11	70	bid	- Cobre (relevante p/ este MC): mc28-keyperbid (blindagem/key-per-bid),
DOCS	TEXTO-DOC	docs/MC91.11-TESTES.txt	20	17	lance	- consumo: 1 lance = 1 senha, persiste entre chamadas (ultimoLance.edicaoId)
DOCS	TEXTO-DOC	docs/MC91.11-TESTES.txt	21	55	lance	- teto: consumidas >= saldo on-chain -> recusa (3o lance com saldo 2)
DOCS	COMENTARIO	docs/MC91.11-VALIDACAO-APARELHO.txt	26	9	lance	* /lance-relampago (ATUALIZADO): 401 sem token ✓
DOCS	TEXTO-DOC	docs/MC91.11-VALIDACAO-APARELHO.txt	33	56	lances	5. VALIDACAO NO APARELHO (fluxo PIX -> R$ -> senhas -> lances) — PENDENTE
DOCS	TEXTO-DOC	docs/MC91.11-VALIDACAO-APARELHO.txt	39	27	lance	-> senha on-chain -> lance programado (consome senha) -> lance relampago
DOCS	TEXTO-DOC	docs/MC91.11-VALIDACAO-APARELHO.txt	39	63	lance	-> senha on-chain -> lance programado (consome senha) -> lance relampago
DOCS	TEXTO-DOC	docs/MC91.12-RELATORIO.txt	12	28	lance	-> senhas on-chain -> lance PROGRAMADO consome 1 senha (ledger com teto
DOCS	TEXTO-DOC	docs/MC91.12-RELATORIO.txt	13	18	lance	on-chain) | lance RELAMPAGO consome saldo R$ (menor lance unico no
DOCS	TEXTO-DOC	docs/MC91.12-RELATORIO.txt	13	58	lance	on-chain) | lance RELAMPAGO consome saldo R$ (menor lance unico no
DOCS	TEXTO-DOC	docs/MC91.12-RELATORIO.txt	24	6	lance	- lance-relampago (CORRIGIDO MC91.11): deriva o tipo da edicao
DOCS	TEXTO-DOC	docs/MC91.12-RELATORIO.txt	27	68	bid	R$, mantendo a blindagem (comprometerLance + addLance/key-per-bid);
DOCS	TEXTO-DOC	docs/MC91.12-RELATORIO.txt	33	17	lances	- consolidar-lances: apura MENOR LANCE UNICO off-chain (apurarMenorUnico)
DOCS	TEXTO-DOC	docs/MC91.12-RELATORIO.txt	33	37	LANCE	- consolidar-lances: apura MENOR LANCE UNICO off-chain (apurarMenorUnico)
DOCS	TEXTO-DOC	docs/MC91.12-RELATORIO.txt	46	6	LANCE	- LANCE PROGRAMADO (correcao): mc9111-programado (7 testes: gate, teto,
DOCS	TEXTO-DOC	docs/MC91.12-RELATORIO.txt	47	67	lance	persistencia, isolamento, teto dinamico) + mc9112-integracao-lance
DOCS	TEXTO-DOC	docs/MC91.12-RELATORIO.txt	51	6	LANCE	- LANCE RELAMPAGO: mc361-saldo-rs (debito CAS atomico), mc28-keyperbid
DOCS	TEXTO-DOC	docs/MC91.12-RELATORIO.txt	52	15	bid	(key-per-bid, concorrencia, paginacao).
DOCS	TEXTO-DOC	docs/MC91.12-RELATORIO.txt	53	12	LANCE	- MENOR LANCE UNICO: apurarMenorUnico em mc28-seguranca e mc33-load.
DOCS	TEXTO-DOC	docs/MC91.12-RELATORIO.txt	76	7	Lance	c) Lance programado (consome 1 senha) e lance relampago na R-1 (consome
DOCS	TEXTO-DOC	docs/MC91.12-RELATORIO.txt	76	44	lance	c) Lance programado (consome 1 senha) e lance relampago na R-1 (consome
DOCS	TEXTO-DOC	docs/MC91.12-RELATORIO.txt	83	22	lance	consome R$ (menor lance unico). Testes 403/403 verdes (inclui 12 novos do
DOCS	TEXTO-DOC	docs/MC92.10-CRON-JOBS.txt	16	67	lances	Tarefa: GET /health (público), polling de PIX, consolidação de lances;
DOCS	TEXTO-DOC	docs/MC92.10-PREMIOS.txt	12	64	lance	1. Seleção do vencedor: critério definido pelo operador (menor lance único
DOCS	TEXTO-DOC	docs/MC92.5-DIAGNOSTICO.txt	31	32	leilao	- GUTO (mascote, martelo de leilao, medalhao Uniao e Trabalho): centro,
DOCS	TEXTO-DOC	docs/mfa-setup.md	16	76	lance	| **cliente** | **Obrigatório** para operações sensíveis | comprar-senhas, lance-relampago, voucher-resgatar, wallet POST |
DOCS	TEXTO-DOC	docs/mfa-setup.md	60	71	lance	- **5 endpoints integrados** (MC7) — admin-aprovacao, comprar-senhas, lance-relampago, wallet (POST), voucher (gerar + resgatar).
DOCS	COMENTARIO	docs/mfa-setup.md	104	34	lance	### 4.2 Em `/auth-user` e `/auth-lance`
DOCS	COMENTARIO	docs/mfa-setup.md	126	63	lance	curl -X POST https://app.desafiogut.com.br/.netlify/functions/lance-relampago \
DOCS	COMENTARIO	docs/mfa-setup.md	132	40	lance	# → log no Sentry: "[require-mfa:warn] lance-relampago sem MFA verificado"
DOCS	COMENTARIO	docs/plano-refatoracao-navegacao.md	35	101	leilões	**Justificativa:** REQ-13 da spec ("4 slots simultâneos") ainda não está implementado no backend de leilões (só vitrine informativa). Sem o backend de cotas, o melhor que
DOCS	TEXTO-DOC	docs/plano-refatoracao-navegacao.md	45	39	lances	- MeusAtivos ("— Entrar para ver seus lances" → remove sufixo)
DOCS	COMENTARIO	docs/plano-refatoracao-navegacao.md	51	133	Lance	**Mudança:** adicionar `{ label: "Vitrine 4 Slots", icon: "🪟", to: "/vitrine" }` em `Dashboard.ATALHOS:21-28`. Posição: entre "Dar Lance" e "Meus Ativos" para destacar.
DOCS	TEXTO-DOC	docs/plano-refatoracao-navegacao.md	67	31	Lances	Padronizar para **"Mercado de Lances"** em Sidebar, BottomNav e Dashboard.ATALHOS. BottomNav usar "Mercado" se espaço for problema.
DOCS	TEXTO-DOC	docs/plano-refatoracao-navegacao.md	93	124	lance	MeusAtivos com `isConnected` + lista vazia → adicionar botão `<button onClick={() => navigate("/mercado")}>🎯 Dar primeiro lance</button>` abaixo do "📭 Nenhum lance enco
DOCS	TEXTO-DOC	docs/plano-refatoracao-navegacao.md	93	161	lance	MeusAtivos com `isConnected` + lista vazia → adicionar botão `<button onClick={() => navigate("/mercado")}>🎯 Dar primeiro lance</button>` abaixo do "📭 Nenhum lance enco
DOCS	TEXTO-DOC	docs/plano-refatoracao-navegacao.md	103	172	leilão	Auditar e adicionar `aria-label` em buttons com label visual ambíguo: "↻ Atualizar" (já tem), "🚪 Desconectar conta" (adicionar), filtros de MeusAtivos, toggle de tipo de
DOCS	TEXTO-DOC	docs/plano-refatoracao-navegacao.md	108	88	lances	`MeusAtivos.DesktopTable:244-292` adicionar `<caption className="sr-only">Histórico de lances da edição R-1</caption>` + `scope="col"` nos `<th>`.
DOCS	TEXTO-DOC	docs/reference/contrato-leilao-abi.md	7	45	Leilao	> **Arquivo fonte**: `desafio-gut/contracts/Leilao.sol`
DOCS	TEXTO-DOC	docs/reference/contrato-leilao-abi.md	16	8	LANCES	| `MAX_LANCES_UNICOS` | `10_000` | Limite de valores únicos por edição (proteção anti-DoS em `apurarVencedor`) |
DOCS	TEXTO-DOC	docs/reference/contrato-leilao-abi.md	46	33	lances	mapping(uint256 => address) lances;    // valor → último lance
DOCS	COMENTARIO	docs/reference/contrato-leilao-abi.md	46	62	lance	mapping(uint256 => address) lances;    // valor → último lance
DOCS	COMENTARIO	docs/reference/contrato-leilao-abi.md	47	64	lances	mapping(uint256 => uint256) contagem;  // valor → total de lances
DOCS	TEXTO-DOC	docs/reference/contrato-leilao-abi.md	55	50	lance	Saldo de senhas de cada endereço. Cada senha = 1 lance. Decrementado por `darLance`, incrementado por `adicionarSenhas`.
DOCS	TEXTO-DOC	docs/reference/contrato-leilao-abi.md	91	13	lance	Registra um lance na edição ativa. Consome 1 senha do `saldoSenhas[msg.sender]`.
DOCS	TEXTO-DOC	docs/reference/contrato-leilao-abi.md	94	50	lance	- `saldoSenhas[msg.sender] > 0` — sem senha, sem lance
DOCS	TEXTO-DOC	docs/reference/contrato-leilao-abi.md	98	47	LANCES	- Se valor novo: `listaDeValores.length < MAX_LANCES_UNICOS`
DOCS	TEXTO-DOC	docs/reference/contrato-leilao-abi.md	120	25	leilão	Cria uma nova edição de leilão.
DOCS	TEXTO-DOC	docs/reference/contrato-leilao-abi.md	153	17	lance	Emitido em cada lance. `repetido = true` quando o mesmo valor já havia sido registrado anteriormente.
DOCS	TEXTO-DOC	docs/reference/contrato-leilao-abi.md	179	15	LANCES	| H-01 | `MAX_LANCES_UNICOS = 10_000` — previne DoS no loop de `apurarVencedor` |
DOCS	COMENTARIO	docs/relatorio-limpeza-blobs.md	1	26	Lances	# Relatório — Limpeza de Lances Residuais (Netlify Blobs)
DOCS	COMENTARIO	docs/relatorio-limpeza-blobs.md	4	46	lances	**Commit:** `9dfda49` — `fix: endpoint purge-lances + gatilho de limpeza de Blobs antigos no reset v2`
DOCS	TEXTO-DOC	docs/relatorio-limpeza-blobs.md	9	13	lances	A tabela de lances da Edição R-1 continuava exibindo dados de testes antigos
DOCS	COMENTARIO	docs/relatorio-limpeza-blobs.md	13	20	lances	**Causa raiz:** os lances flash NÃO estão persistidos no `localStorage` — estão
DOCS	TEXTO-DOC	docs/relatorio-limpeza-blobs.md	14	20	lances	no **Netlify Blob `lances-relampago:R-1`** (server-side). O `AppContext`
DOCS	TEXTO-DOC	docs/relatorio-limpeza-blobs.md	15	52	lances	faz polling a cada 3 s em `GET /.netlify/functions/lances-flash?edicaoId=R-1`,
DOCS	TEXTO-DOC	docs/relatorio-limpeza-blobs.md	19	25	lance	Adicionalmente, o Blob `lance-idem:*` retinha 7 chaves de idempotência
DOCS	TEXTO-DOC	docs/relatorio-limpeza-blobs.md	20	41	lance	referentes à mesma edição (criadas por `lance-relampago.mjs` em testes
DOCS	TEXTO-DOC	docs/relatorio-limpeza-blobs.md	25	52	lances	1. **Novo endpoint `POST /.netlify/functions/purge-lances`**
DOCS	TEXTO-DOC	docs/relatorio-limpeza-blobs.md	26	51	lances	(`desafio-gut/frontend/netlify/functions/purge-lances.mjs`)
DOCS	TEXTO-DOC	docs/relatorio-limpeza-blobs.md	28	44	lances	- Deleta a chave `{edicaoId}` no store `lances-relampago`
DOCS	TEXTO-DOC	docs/relatorio-limpeza-blobs.md	29	21	lance	- Lista o store `lance-idem` e remove entradas cujo valor JSON referencia
DOCS	TEXTO-DOC	docs/relatorio-limpeza-blobs.md	39	33	lances	dispara `fetch(POST /purge-lances, { edicaoId: "R-1" })` na mesma
DOCS	COMENTARIO	docs/relatorio-limpeza-blobs.md	51	83	lances	$ curl -X POST https://silly-stardust-ca71bc.netlify.app/.netlify/functions/purge-lances \
DOCS	COMENTARIO	docs/relatorio-limpeza-blobs.md	62	69	lances	$ curl https://silly-stardust-ca71bc.netlify.app/.netlify/functions/lances-flash?edicaoId=R-1
DOCS	TEXTO-DOC	docs/relatorio-limpeza-blobs.md	64	20	lances	{"edicaoId":"R-1","lances":[]}
DOCS	TEXTO-DOC	docs/relatorio-limpeza-blobs.md	77	20	lances	- A **tabela de lances da Edição R-1 está VAZIA**
DOCS	TEXTO-DOC	docs/relatorio-limpeza-blobs.md	83	61	lances	- Na aba **Network**, o request `GET /.netlify/functions/lances-flash?edicaoId=R-1`
DOCS	TEXTO-DOC	docs/relatorio-limpeza-blobs.md	84	34	lances	retorna `{"edicaoId":"R-1","lances":[]}`
DOCS	TEXTO-DOC	docs/relatorio-limpeza-blobs.md	89	12	lances	ao `/purge-lances` (idempotente, então não há corrida entre devices), e
DOCS	TEXTO-DOC	docs/relatorio-ondas.md	118	109	leilão	- Cada SlotCard exibe categoria, cotas, valor contrato, valor mín. produto, benefícios e CTA "Participar do leilão →" que navega para `/mercado` (preservando o pipeline d
DOCS	TEXTO-DOC	docs/relatorio-ondas.md	118	173	lance	- Cada SlotCard exibe categoria, cotas, valor contrato, valor mín. produto, benefícios e CTA "Participar do leilão →" que navega para `/mercado` (preservando o pipeline d
DOCS	TEXTO-DOC	docs/relatorio-ondas.md	172	31	lance	| 1-2 | `src/entities/{edicao,lance}/index.js` | Constantes redundantes |
DOCS	TEXTO-DOC	docs/relatorio-ondas.md	173	44	lance	| 3-5 | `src/features/{auth,comprar-fichas,lance}/index.js` | Re-exports |
DOCS	TEXTO-DOC	docs/relatorio-ondas.md	216	21	lance	- Resgate exige JWT lance-auth para garantir titularidade do endereço resgatador.
DOCS	TEXTO-DOC	docs/stress-test.md	14	24	lance	| `/.netlify/functions/lance-relampago` | ❌ | Sem Netlify Functions — SPA pura |
DOCS	TEXTO-DOC	docs/stress-test.md	15	5	lances	| `/lances-flash` | ❌ | Rota React Router (frontend only, sem servidor) |
DOCS	TEXTO-DOC	docs/stress-test.md	263	3	Lances	- Lances duplicados são registrados com contagem > 1 (não ganham)
DOCS	TEXTO-DOC	docs/stress-test.md	272	60	lances	O `rateLimiter.js` implementa rate limiting no frontend (5 lances/min, cooldown 3s). Teste unitário:
DOCS	TEXTO-DOC	docs/stress-test.md	280	7	bids	let bids = [];
DOCS	TEXTO-DOC	docs/stress-test.md	289	108	lance	throw new Error(`Aguarde ${Math.ceil((cooldownMs - (now - lastBidTime)) / 1000)}s antes do próximo lance`);
DOCS	COMENTARIO	docs/stress-test.md	292	17	bids	// Remove bids fora da janela
DOCS	TEXTO-DOC	docs/stress-test.md	293	7	bids	bids = bids.filter(t => now - t < windowMs);
DOCS	TEXTO-DOC	docs/stress-test.md	293	14	bids	bids = bids.filter(t => now - t < windowMs);
DOCS	TEXTO-DOC	docs/stress-test.md	296	11	bids	if (bids.length >= maxBids) {
DOCS	TEXTO-DOC	docs/stress-test.md	297	38	lances	throw new Error('Limite de 5 lances por minuto atingido');
DOCS	TEXTO-DOC	docs/stress-test.md	301	7	bids	bids.push(now);
DOCS	TEXTO-DOC	docs/stress-test.md	314	17	lances	it('permite 5 lances dentro de 1 minuto (com cooldown)', () => {
DOCS	TEXTO-DOC	docs/stress-test.md	321	19	lance	it('bloqueia 6º lance no mesmo minuto', () => {
DOCS	TEXTO-DOC	docs/stress-test.md	327	69	lances	expect(() => limiter.verificarRateLimit()).toThrow('Limite de 5 lances por minuto');
DOCS	TEXTO-DOC	docs/stress-test.md	330	16	lance	it('bloqueia lance antes do cooldown de 3s', () => {
DOCS	COMENTARIO	docs/stress-test.md	331	47	lance	limiter.verificarRateLimit(); // primeiro lance
DOCS	TEXTO-DOC	docs/stress-test.md	336	20	lance	it('permite novo lance após 1 minuto (janela reset)', () => {
DOCS	TEXTO-DOC	docs/stress-test.md	356	24	lances	| **Rate Limiter** | 5 lances/min/usuário | Client-side ✅ | Adicionar validação server-side no futuro |
DOCS	TEXTO-DOC	docs/SUMARIO.md	11	22	Lance	| [01 — Seu Primeiro Lance](tutorials/01-primeiro-lance.md) | Do zero ao primeiro lance em ~10 minutos |
DOCS	TEXTO-DOC	docs/SUMARIO.md	11	51	lance	| [01 — Seu Primeiro Lance](tutorials/01-primeiro-lance.md) | Do zero ao primeiro lance em ~10 minutos |
DOCS	TEXTO-DOC	docs/SUMARIO.md	11	83	lance	| [01 — Seu Primeiro Lance](tutorials/01-primeiro-lance.md) | Do zero ao primeiro lance em ~10 minutos |
DOCS	TEXTO-DOC	docs/SUMARIO.md	27	49	leilao	| [Contrato LeilaoGUT — ABI](reference/contrato-leilao-abi.md) | Funções, eventos, variáveis, ABI mínimo e mitigações de segurança |
DOCS	TEXTO-DOC	docs/SUMARIO.md	35	65	lance	| [Regras de Negócio](explanation/regras-de-negocio.md) | Menor lance único, hierarquia de tiers, tipos de leilão, fluxo de pagamento, Bônus Diamante |
DOCS	TEXTO-DOC	docs/SUMARIO.md	35	108	leilão	| [Regras de Negócio](explanation/regras-de-negocio.md) | Menor lance único, hierarquia de tiers, tipos de leilão, fluxo de pagamento, Bônus Diamante |
DOCS	TEXTO-DOC	docs/transferencia-ruan-local.txt	27	20	leilao	│   ├── screenshot-leilao.png
DOCS	TEXTO-DOC	docs/transferencia-ruan-local.txt	50	16	leilao	screenshot-leilao.png     — Lances/Meus Ativos (tabela de lances)
DOCS	TEXTO-DOC	docs/transferencia-ruan-local.txt	50	33	Lances	screenshot-leilao.png     — Lances/Meus Ativos (tabela de lances)
DOCS	TEXTO-DOC	docs/transferencia-ruan-local.txt	50	63	lances	screenshot-leilao.png     — Lances/Meus Ativos (tabela de lances)
DOCS	TEXTO-DOC	docs/transferencia-ruan-local.txt	52	33	Leilões	screenshot-relampago.png  — Leilões relâmpago (TV 60"/Fogão/Smartphone)
DOCS	COMENTARIO	docs/tutorials/01-primeiro-lance.md	1	26	Lance	# Tutorial: Seu Primeiro Lance no DesafioGUT
DOCS	TEXTO-DOC	docs/tutorials/01-primeiro-lance.md	3	40	lance	> **Objetivo**: Completar seu primeiro lance e entender como funciona o jogo.
DOCS	COMENTARIO	docs/tutorials/01-primeiro-lance.md	22	34	Lances	## Passo 4 — Acesse o Mercado de Lances
DOCS	TEXTO-DOC	docs/tutorials/01-primeiro-lance.md	24	12	Lances	Toque em **Lances** na barra inferior.
DOCS	COMENTARIO	docs/tutorials/01-primeiro-lance.md	27	25	lance	## Passo 5 — Digite seu lance
DOCS	TEXTO-DOC	docs/tutorials/01-primeiro-lance.md	30	22	Lance	Toque em **Confirmar Lance**.
DOCS	TEXTO-DOC	docs/tutorials/01-primeiro-lance.md	34	5	lance	Seu lance é registrado na blockchain Sepolia. Ao final do tempo:
DOCS	TEXTO-DOC	docs/tutorials/01-primeiro-lance.md	40	33	lances	→ [Como interpretar a tabela de lances](02-interpretar-tabela.md)
DOCS	TEXTO-DOC	docs/validacao-final.md	9	145	leilão	- `docs/chatbot/regulamento.md` — 237 linhas consolidadas a partir de `DESAFIOGUT-MASTER.md` e `ESPECIFICACAO-TECNICA-DEFINITIVA.md`: regras do leilão (Art. VIII menor ún
DOCS	TEXTO-DOC	docs/validacao-final.md	9	176	lance	- `docs/chatbot/regulamento.md` — 237 linhas consolidadas a partir de `DESAFIOGUT-MASTER.md` e `ESPECIFICACAO-TECNICA-DEFINITIVA.md`: regras do leilão (Art. VIII menor ún
DOCS	COMENTARIO	docs/validacao-final.md	201	44	Leilões	## Mega Comando 8 — IA Preditiva (Motor de Leilões Relâmpago Automáticos) (2026-05-18)
DOCS	TEXTO-DOC	docs/validacao-final.md	203	232	leilão	Inovação operacional: o motor lê eventos de engajamento coletados no frontend (pageview, click_botao_comprar, tempo_sessao, scroll), agrega janelas de 15 min comparando c
DOCS	TEXTO-DOC	docs/validacao-final.md	303	59	lance	- Stores cobertos: 8 críticos (`audit`, `audit-admin`, `lance-idem`, `pedidos`, `webhook-mp`, `consent-log`, `admin-refresh`, `fingerprint`)
DOCS	TEXTO-DOC	docs/validacao-final.md	344	69	lance	- **5 endpoints integrados**: `admin-aprovacao`, `comprar-senhas`, `lance-relampago`, `wallet` (POST), `voucher` (gerar + resgatar). Endpoints que usavam `guardAdmin` for
DOCS	TEXTO-DOC	docs/validacao-final.md	416	1	lance	lance-relampago.mjs      → OK
DOCS	TEXTO-DOC	docs/validacao-final.md	530	59	LANCES	2. `echidna_listaDeValores_limitada()` — `length <= MAX_LANCES_UNICOS` (10_000).
DOCS	TEXTO-DOC	docs/validacao-final.md	532	15	lance	4. `echidna_lance_consome_senha()` — conservação total via shadow accounting.
DOCS	TEXTO-DOC	docs/validacao-final.md	559	32	lances	- 1× limite anti-DoS (10_000 lances únicos)
DOCS	TEXTO-DOC	docs/validacao-final.md	587	67	Leilao	- Run Slither com auto-detect; fallback para `slither contracts/Leilao.sol` direto se o auto-detect tropeçar no Hardhat v3 ESM.
DOCS	TEXTO-DOC	docs/validacao-final.md	660	171	lances	- Integração em `auth-user.mjs`, `auth-admin.mjs` (login + refresh), `exportar-dados.mjs`, `rate-limiter.mjs` (>50/min vira alerta), `AppContext.jsx` (401/429 + burst de 
DOCS	TEXTO-DOC	docs/validacao-final.md	719	25	lances	- `onchain_burst`: >5 lances do mesmo `lancador` na janela (≈30 min).
DOCS	TEXTO-DOC	docs/validacao-final.md	743	42	lances	| `purge-logs.mjs` já existe | só `purge-lances.mjs` | criado novo, separado |
DOCS	TEXTO-DOC	docs/validacao-final.md	870	64	lance	cron-reset-programado.mjs                iniciar-pagamento.mjs lance-relampago.mjs
DOCS	TEXTO-DOC	docs/validacao-final.md	913	39	lance	- Aplicado em `comprar-senhas.mjs` e `lance-relampago.mjs` (exige cliente+)
DOCS	TEXTO-DOC	docs/validacao-final.md	1004	37	leilão	- **REQ-01** — banner do cliente no leilão ativo: `MercadoLances.jsx` busca primeira cota da categoria correspondente (Bronze/Prata para flash, Diamante/Ouro para program
DOCS	COMENTARIO	docs/validacao-final.md	1070	39	lances	**Nota:** o checklist citou `/mercado-lances` — o nome real do path é `/mercado` (componente: `MercadoLances`). Verificado que segue intacto.
DOCS	TEXTO-DOC	docs/validacao-final.md	1104	19	LANCES	$ grep -rnE "MOCK|LANCES_MOCK|gut_carteira_flash|gut_fichas_programadas|gut_lances_r1" src/
DOCS	TEXTO-DOC	docs/validacao-final.md	1104	77	lances	$ grep -rnE "MOCK|LANCES_MOCK|gut_carteira_flash|gut_fichas_programadas|gut_lances_r1" src/
DOCS	TEXTO-DOC	docs/validacao-final.md	1108	38	lances	src/context/AppContext.jsx:33:  "gut_lances_r1",
DOCS	TEXTO-DOC	docs/validacao-final.md	1150	60	leilões	| **REQ-01** | Plataforma híbrida: publicidade (banners) + leilões | ✅ | Banner do cliente da cota ativa aparece em `/mercado` (BannerCard acima do grid). Vitrine + Banne
DOCS	TEXTO-DOC	docs/validacao-final.md	1150	176	Leilões	| **REQ-01** | Plataforma híbrida: publicidade (banners) + leilões | ✅ | Banner do cliente da cota ativa aparece em `/mercado` (BannerCard acima do grid). Vitrine + Banne
DOCS	COMENTARIO	docs/validacao-final.md	1164	21	Leilão	### §3.1 — Tipos de Leilão
DOCS	TEXTO-DOC	docs/validacao-final.md	1169	225	lances	| **REQ-10** | Reset automático às 00:00 | ✅ | `cron-reset-programado.mjs` MVP off-chain: idempotência por data ISO no fuso config, apura vencedor a partir do snapshot, p
DOCS	TEXTO-DOC	docs/validacao-final.md	1171	16	Leilão	| **REQ-12** | Leilão Relâmpago em seção "Oportunidade Agora" | ✅ | `Vitrine.jsx:220` — `<h2>⚡ Oportunidade Agora</h2>` |
DOCS	TEXTO-DOC	docs/validacao-final.md	1237	25	leilões	- REQ-01 (publicidade + leilões) — leilões sim, banners não
DOCS	TEXTO-DOC	docs/validacao-final.md	1237	36	leilões	- REQ-01 (publicidade + leilões) — leilões sim, banners não
DOCS	TEXTO-DOC	desafio-gut/docs/mainnet-prerequisites.md	25	56	Leilao	- [ ] **Auditoria externa** independente de `contracts/Leilao.sol` (a auditoria interna
DOCS	TEXTO-DOC	desafio-gut/docs/mainnet-prerequisites.md	47	41	lance	> ausente/placeholder quebra o fluxo de lance (lição MC39). Setar `NETWORK_STAGE`
DOCS	TEXTO-DOC	desafio-gut/docs/mainnet-prerequisites.md	84	7	Lance	- [ ] Lance de teste: `lance-relampago` segue blindagem MC28 (commit on-chain real);
DOCS	TEXTO-DOC	desafio-gut/docs/mainnet-prerequisites.md	84	24	lance	- [ ] Lance de teste: `lance-relampago` segue blindagem MC28 (commit on-chain real);
DOCS	TEXTO-DOC	desafio-gut/docs/mainnet-prerequisites.md	86	19	lances	- [ ] `consolidar-lances` (admin) → consolida contra `CONTRATO_MAINNET`; EIP-712 OK.
DOCS	COMENTARIO	desafio-gut/docs/MC28.1-blindagem.md	1	41	Lances	# MC28.1 — Blindagem de Privacidade dos Lances (Anti-Bot)
DOCS	TEXTO-DOC	desafio-gut/docs/MC28.1-blindagem.md	9	26	lance	Esconder o valor real do lance enquanto o leilão está ativo, na **mainnet**,
DOCS	TEXTO-DOC	desafio-gut/docs/MC28.1-blindagem.md	9	43	leilão	Esconder o valor real do lance enquanto o leilão está ativo, na **mainnet**,
DOCS	TEXTO-DOC	desafio-gut/docs/MC28.1-blindagem.md	11	69	Bid	Abordagem **A2** — Híbrida com Compromisso Cego + Stateless Key-Per-Bid.
DOCS	COMENTARIO	desafio-gut/docs/MC28.1-blindagem.md	19	16	lance	## Fluxo de um lance (mainnet)
DOCS	TEXTO-DOC	desafio-gut/docs/MC28.1-blindagem.md	22	35	lance	Utilizador ──(HTTPS, 1 clique)──► lance-relampago.mjs
DOCS	TEXTO-DOC	desafio-gut/docs/MC28.1-blindagem.md	27	18	bid	└─► gravarBid(bid:{edicaoId}:{endereco}:{rnd8})        [Blob Key-Per-Bid, imutável]
DOCS	TEXTO-DOC	desafio-gut/docs/MC28.1-blindagem.md	27	73	Bid	└─► gravarBid(bid:{edicaoId}:{endereco}:{rnd8})        [Blob Key-Per-Bid, imutável]
DOCS	TEXTO-DOC	desafio-gut/docs/MC28.1-blindagem.md	28	48	lance	→ valor real off-chain, 1 chave por lance (sem race)
DOCS	TEXTO-DOC	desafio-gut/docs/MC28.1-blindagem.md	32	42	lances	FECHO (coordenação/admin) ──► consolidar-lances.mjs
DOCS	TEXTO-DOC	desafio-gut/docs/MC28.1-blindagem.md	34	19	lance	│  apura menor lance único OFF-CHAIN (Artigo VIII)
DOCS	TEXTO-DOC	desafio-gut/docs/MC28.1-blindagem.md	44	25	Leilao	| Contrato | `contracts/Leilao.sol` | `comprometerLance`, `consolidarResultado`, `edicaoNonce`, `lancesComprometidos`, `resultados` (aditivo; `darLance` legado intacto) |
DOCS	TEXTO-DOC	desafio-gut/docs/MC28.1-blindagem.md	45	33	bids	| Lib | `netlify/functions/_lib/bids-store.mjs` | Key-Per-Bid: `gravarBid`, `listarBids` (cursor+paralelo), `marcar/estaConsolidado` |
DOCS	TEXTO-DOC	desafio-gut/docs/MC28.1-blindagem.md	45	59	Bid	| Lib | `netlify/functions/_lib/bids-store.mjs` | Key-Per-Bid: `gravarBid`, `listarBids` (cursor+paralelo), `marcar/estaConsolidado` |
DOCS	TEXTO-DOC	desafio-gut/docs/MC28.1-blindagem.md	47	3	Lance	| Lance | `netlify/functions/lance-relampago.mjs` | fluxo blindado (mainnet) / legado (Sepolia) |
DOCS	TEXTO-DOC	desafio-gut/docs/MC28.1-blindagem.md	47	30	lance	| Lance | `netlify/functions/lance-relampago.mjs` | fluxo blindado (mainnet) / legado (Sepolia) |
DOCS	TEXTO-DOC	desafio-gut/docs/MC28.1-blindagem.md	48	32	lances	| Leitura | `netlify/functions/lances-flash.mjs` | oculta valor em mainnet (`oculto:true`) |
DOCS	TEXTO-DOC	desafio-gut/docs/MC28.1-blindagem.md	49	41	lances	| Fecho | `netlify/functions/consolidar-lances.mjs` | EIP-712 + Flashbots + dropped-tx handling |
DOCS	TEXTO-DOC	desafio-gut/docs/MC30.1-isolamento-chave.md	11	25	Leilao	revogáveis. O contrato `Leilao.sol` **não é alterado** (R10): o Relayer assina como
DOCS	TEXTO-DOC	desafio-gut/docs/MC30.1-isolamento-chave.md	20	4	lances	lances.mjs   │        │  backendAssinatura()        │
DOCS	TEXTO-DOC	desafio-gut/docs/MC30.2.1-isolamento-chave.md	12	36	leilão	concorrência de nonces (crítico no leilão de menor lance único com lances
DOCS	TEXTO-DOC	desafio-gut/docs/MC30.2.1-isolamento-chave.md	12	52	lance	concorrência de nonces (crítico no leilão de menor lance único com lances
DOCS	TEXTO-DOC	desafio-gut/docs/MC30.2.1-isolamento-chave.md	12	68	lances	concorrência de nonces (crítico no leilão de menor lance único com lances
DOCS	TEXTO-DOC	desafio-gut/docs/MC30.2.1-isolamento-chave.md	14	53	Leilao	custo de uma fila manual de transações. O contrato `Leilao.sol` **não é alterado**
DOCS	TEXTO-DOC	desafio-gut/docs/MC30.2.1-isolamento-chave.md	31	4	lances	lances.mjs   │        │  backendAssinatura()        │
DOCS	TEXTO-DOC	desafio-gut/docs/MC30.2.1-isolamento-chave.md	57	19	lances	(em `consolidar-lances.mjs`) funcionem contra a RPC real.
DOCS	TEXTO-DOC	desafio-gut/docs/MC30.2.1-isolamento-chave.md	77	2	Leilao	`Leilao.sol.apenasCoordenacao` exige `msg.sender == coordenacao` e é imutável, a
DOCS	TEXTO-DOC	desafio-gut/docs/MC59-relatorio.txt	3	14	Leilão	DesafioGUT — Leilão de Menor Lance Único · Pré-Mainnet
DOCS	TEXTO-DOC	desafio-gut/docs/MC59-relatorio.txt	3	30	Lance	DesafioGUT — Leilão de Menor Lance Único · Pré-Mainnet
DOCS	TEXTO-DOC	desafio-gut/docs/MC59-relatorio.txt	14	28	Leilao	Escopo.........: contracts/Leilao.sol · frontend/netlify/functions/** · frontend/src/**
DOCS	TEXTO-DOC	desafio-gut/docs/MC59-relatorio.txt	77	27	Leilao	total no relayer). Leilao.sol:160-167
DOCS	TEXTO-DOC	desafio-gut/docs/MC59-relatorio.txt	79	28	Leilao	frontend não a usa. Leilao.sol:87-110 · web3.js:152
DOCS	TEXTO-DOC	desafio-gut/docs/MC59-relatorio.txt	89	63	Leilao	A-3  comprometerLance guarda 1 hash/carteira (sobrescreve). Leilao.sol:34,148-154
DOCS	TEXTO-DOC	desafio-gut/docs/MC59-relatorio.txt	90	64	Leilao	A-4  apurarVencedor O(n) até 10k → risco de cap de eth_call. Leilao.sol:114-127
DOCS	TEXTO-DOC	desafio-gut/docs/MC59-relatorio.txt	91	30	Leilao	A-5  Sem pause() on-chain. Leilao.sol
DOCS	TEXTO-DOC	desafio-gut/docs/MC59-relatorio.txt	105	20	Leilao	A. SMART CONTRACT (Leilao.sol) — 5 achados (0 crítico)
DOCS	TEXTO-DOC	desafio-gut/docs/MC59-relatorio.txt	135	38	lance	caminho de lance do frontend. ~ fluxo financeiro/on-chain
DOCS	TEXTO-DOC	desafio-gut/docs/MC59-relatorio.txt	138	53	lances	Não coberto (onda 2)....: ~30 functions (consolidar-lances, lance-relampago,
DOCS	TEXTO-DOC	desafio-gut/docs/MC59-relatorio.txt	138	61	lance	Não coberto (onda 2)....: ~30 functions (consolidar-lances, lance-relampago,
DOCS	TEXTO-DOC	desafio-gut/docs/MC59.10-relatorio.txt	27	7	LANCES	- MAX_LANCES_UNICOS() [0x325251f0] -> 0x2710 (10000). Confirma que 0x825b... é um
DOCS	TEXTO-DOC	desafio-gut/docs/MC59.10-relatorio.txt	28	41	Leilao	LeilaoGUT genuíno (bate com contracts/Leilao.sol).
DOCS	TEXTO-DOC	desafio-gut/docs/MC59.10-relatorio.txt	34	20	Leilao	- Fonte (contracts/Leilao.sol): `address public coordenacao;` é a variável de
DOCS	TEXTO-DOC	desafio-gut/docs/MC59.10-relatorio.txt	93	7	Leilao	(Leilao.sol / LeilaoGUT.json + ABI) e identificar a variável de estado que
DOCS	TEXTO-DOC	desafio-gut/docs/MC59.10-relatorio.txt	112	23	lance	[ ] Rodar um crédito/lance de smoke com a nova EOA e confirmar sucesso.
DOCS	TEXTO-DOC	desafio-gut/docs/MC59.11-relatorio.txt	11	71	Leilao	Fonte lida: C:\Users\Moltbot\Desktop\DESAFIOGUT\desafio-gut\contracts\Leilao.sol
DOCS	TEXTO-DOC	desafio-gut/docs/MC59.11-relatorio.txt	30	7	LANCES	- MAX_LANCES_UNICOS()  [0x325251f0] -> 10000 (confirma identidade LeilaoGUT)
DOCS	TEXTO-DOC	desafio-gut/docs/MC59.11-relatorio.txt	76	55	lance	- Backend apontando para NOVA_EOA; smoke de crédito/lance mínimo; confirmar
DOCS	TEXTO-DOC	desafio-gut/docs/MC59.14-relatorio.txt	23	9	LANCES	• MAX_LANCES_UNICOS() ..... 0x2710 (10000) → é o LeilaoGUT ✅
DOCS	TEXTO-DOC	desafio-gut/docs/MC59.14-relatorio.txt	69	20	leilão	INTEGRIDADE do leilão (seleção de vencedor, crédito de senhas) e o dinheiro
DOCS	TEXTO-DOC	desafio-gut/docs/MC59.8-migracao-fila-cli.txt	26	21	lances	cotas, wallets, lances…). O histórico está apenas fora de sincronia.
DOCS	TEXTO-DOC	desafio-gut/docs/MC60-marco-mainnet.txt	115	5	leilão	leilão (adicionarSenhas/darLance/saldoSenhas) tem código real para chamar.
DOCS	TEXTO-DOC	desafio-gut/docs/MC60-NOGO-relatorio.txt	29	3	leilão	leilão e o crédito de senhas QUEBRAM; usuários pagando R$/PIX reais não recebem
DOCS	TEXTO-DOC	desafio-gut/docs/MC64-reforma-glass.txt	2	70	LANCES	MC64 — RELATÓRIO: EXECUÇÃO DA REFORMA VISUAL DO GLASS SUPERIOR (ABA "LANCES")
DOCS	TEXTO-DOC	desafio-gut/docs/MC64-reforma-glass.txt	6	75	Lances	Commit....: 36b46c7  (feat(mc64): reforma visual do Glass superior da aba Lances)
DOCS	TEXTO-DOC	desafio-gut/docs/MC64-reforma-glass.txt	17	13	leilão	de leilão, useEffect 704-742). Substituído por comentário MC63/64.
DOCS	TEXTO-DOC	desafio-gut/docs/MC64-reforma-glass.txt	18	63	Lances	Efeito: showOverlay nunca vira true → OverlayVencedor (aba Lances,
DOCS	TEXTO-DOC	desafio-gut/docs/MC64-reforma-glass.txt	29	75	Leilão	(uppercase, 700, ls 0.12em, cor var laranja #ff6b35, aria-label="Leilão em breve").
DOCS	TEXTO-DOC	desafio-gut/docs/MC64-reforma-glass.txt	70	20	Lances	✔ BottomNav "Lances" ativo; ✔ nenhum overlay de vencedor.
DOCS	TEXTO-DOC	desafio-gut/docs/MC64-reforma-glass.txt	79	87	Lances	netlify deploy --build --prod --message "feat(mc64): reforma visual do Glass (aba Lances)"
DOCS	TEXTO-DOC	desafio-gut/docs/MC65-redesign-glass.txt	2	63	LANCES	MC65 — PLANO: REESTRUTURAÇÃO COMPLETA DO GLASS SUPERIOR (ABA "LANCES")
DOCS	TEXTO-DOC	desafio-gut/docs/MC65-redesign-glass.txt	77	5	leilão	O leilão está "EM BREVE" de forma PERMANENTE, ou vai FICAR AO VIVO e o cronômetro
DOCS	TEXTO-DOC	desafio-gut/docs/MC65-redesign-glass.txt	104	44	lance	│   │  R-1      │   Menor lance único vence (Art. 8)         │
DOCS	TEXTO-DOC	desafio-gut/docs/MC65-redesign-glass.txt	130	39	leilão	lado), preserva a contagem quando o leilão abrir (melhor p/ estado AO VIVO),
DOCS	TEXTO-DOC	desafio-gut/docs/MC65-redesign-glass.txt	145	41	lance	│              O menor lance único vence · Art. 8            │
DOCS	TEXTO-DOC	desafio-gut/docs/MC65-redesign-glass.txt	151	44	leilão	"coming soon", menos código. PORÉM: se o leilão for FICAR AO VIVO, joga fora a
DOCS	TEXTO-DOC	desafio-gut/docs/MC65-redesign-glass.txt	180	74	leilão	risco de produto da C). É a opção que não precisa ser refeita se o leilão abrir.
DOCS	TEXTO-DOC	desafio-gut/docs/MC65-redesign-glass.txt	223	63	Lances	"nice-to-have" do MC66/PÓS — não bloqueia o redesign da aba Lances.
DOCS	TEXTO-DOC	desafio-gut/docs/MC65-redesign-glass.txt	261	75	lances	[ ] Sem regressão: seletor de modo, login/auth, disclaimer, tabela de lances OK.
DOCS	TEXTO-DOC	desafio-gut/docs/MC65-redesign-glass.txt	271	63	leilão	• Hierarquia/legibilidade: o híbrido A+B coloca o estado do leilão como foco →
DOCS	TEXTO-DOC	desafio-gut/docs/MC65-redesign-glass.txt	279	60	Lances	própria (timerColor local). Extrair componentes na aba Lances NÃO o afeta. Se
DOCS	TEXTO-DOC	desafio-gut/docs/MC65-redesign-glass.txt	321	21	Lances	• Apagar da aba Lances o anel conic-gradient, a barra de progresso e a tarja
DOCS	TEXTO-DOC	desafio-gut/docs/MC65-redesign-glass.txt	326	33	lances	⚠️ NÃO tocar em encerrado/lances/CardLance/TabelaLances (continuam em uso).
DOCS	TEXTO-DOC	desafio-gut/docs/MC65-redesign-glass.txt	327	28	Lances	⚠️ Escopo = SÓ a aba Lances. Dashboard (264-285) tem timer próprio → intocado.
DOCS	TEXTO-DOC	desafio-gut/docs/MC65-redesign-glass.txt	330	57	lance	"⚡ Relâmpago / 🎫 Programado", subtítulo "O menor lance único vence · Art. 8".
DOCS	TEXTO-DOC	desafio-gut/docs/MC66-redesign-glass.txt	27	19	lance	+ linha "Menor lance único vence · Art. 8". Pulsação suave (gut-hero-pulse 3.2s)
DOCS	TEXTO-DOC	desafio-gut/docs/MC66-redesign-glass.txt	90	79	Lances	netlify deploy --build --prod --message "feat(mc66): redesign do Glass (aba Lances) - Hero EM BREVE"
DOCS	TEXTO-DOC	desafio-gut/docs/MC67-refinamentos.txt	31	11	Lance	"🔒 Lance protegido e sanitizado".
DOCS	TEXTO-DOC	desafio-gut/docs/MC67-refinamentos.txt	43	61	Lances	[7=item 8 do plano] Card "Segurança e Transparência" movido Lances → Configurações.
DOCS	TEXTO-DOC	desafio-gut/docs/MC67-refinamentos.txt	53	9	Lances	Aba Lances já era Hero "EM BREVE" (MC66); ScheduleView perdeu timers na substituição.
DOCS	TEXTO-DOC	desafio-gut/docs/MC67-refinamentos.txt	94	3	Lances	Lances (footer sem Beta, sem card Segurança) · Login Google (logo OK, accent laranja).
DOCS	TEXTO-DOC	desafio-gut/docs/MC69-artes-promocionais.txt	17	54	leilão	neutra (sem jargão) contendo os termos obrigatórios "leilão de menor lance único"
DOCS	TEXTO-DOC	desafio-gut/docs/MC69-artes-promocionais.txt	17	70	lance	neutra (sem jargão) contendo os termos obrigatórios "leilão de menor lance único"
DOCS	TEXTO-DOC	desafio-gut/docs/MC69-artes-promocionais.txt	46	15	Leilão	VARIAÇÃO 1 — "Leilão de Menor Lance Único" (público: usuário comum / comprador)
DOCS	TEXTO-DOC	desafio-gut/docs/MC69-artes-promocionais.txt	46	31	Lance	VARIAÇÃO 1 — "Leilão de Menor Lance Único" (público: usuário comum / comprador)
DOCS	TEXTO-DOC	desafio-gut/docs/MC69-artes-promocionais.txt	47	31	leilão	Mensagem/CTA: "Participe do leilão de menor lance único. Ganhe prêmios
DOCS	TEXTO-DOC	desafio-gut/docs/MC69-artes-promocionais.txt	47	47	lance	Mensagem/CTA: "Participe do leilão de menor lance único. Ganhe prêmios
DOCS	TEXTO-DOC	desafio-gut/docs/MC69-artes-promocionais.txt	50	24	LEILÃO	headline "LEILÃO DE MENOR LANCE ÚNICO" + "E-commerce por dropshipping";
DOCS	TEXTO-DOC	desafio-gut/docs/MC69-artes-promocionais.txt	50	40	LANCE	headline "LEILÃO DE MENOR LANCE ÚNICO" + "E-commerce por dropshipping";
DOCS	TEXTO-DOC	desafio-gut/docs/MC69-artes-promocionais.txt	55	49	leilão	Mensagem/CTA: "Anuncie seus produtos no maior leilão de menor lance único.
DOCS	TEXTO-DOC	desafio-gut/docs/MC69-artes-promocionais.txt	55	65	lance	Mensagem/CTA: "Anuncie seus produtos no maior leilão de menor lance único.
DOCS	TEXTO-DOC	desafio-gut/docs/MC69-artes-promocionais.txt	58	24	LEILÃO	headline "LEILÃO DE MENOR LANCE ÚNICO" + "E-commerce por dropshipping";
DOCS	TEXTO-DOC	desafio-gut/docs/MC69-artes-promocionais.txt	58	40	LANCE	headline "LEILÃO DE MENOR LANCE ÚNICO" + "E-commerce por dropshipping";
DOCS	TEXTO-DOC	desafio-gut/docs/MC69-artes-promocionais.txt	65	24	LEILÃO	headline "LEILÃO DE MENOR LANCE ÚNICO" + "E-commerce por dropshipping".
DOCS	TEXTO-DOC	desafio-gut/docs/MC69-artes-promocionais.txt	65	40	LANCE	headline "LEILÃO DE MENOR LANCE ÚNICO" + "E-commerce por dropshipping".
DOCS	TEXTO-DOC	desafio-gut/docs/MC69-artes-promocionais.txt	68	23	leilão	Termos obrigatórios ("leilão de menor lance único" + "e-commerce por dropshipping"):
DOCS	TEXTO-DOC	desafio-gut/docs/MC69-artes-promocionais.txt	68	39	lance	Termos obrigatórios ("leilão de menor lance único" + "e-commerce por dropshipping"):
DOCS	TEXTO-DOC	desafio-gut/docs/MC69-artes-promocionais.txt	104	13	leilão	[✅] Termos "leilão de menor lance único" e "e-commerce por dropshipping" nas 3.
DOCS	TEXTO-DOC	desafio-gut/docs/MC69-artes-promocionais.txt	104	29	lance	[✅] Termos "leilão de menor lance único" e "e-commerce por dropshipping" nas 3.
DOCS	TEXTO-DOC	desafio-gut/docs/MC69.1-artes-promocionais-v2.txt	48	22	leilão	CTA: "Participe do leilão de menor lance único. Ganhe prêmios exclusivos.
DOCS	TEXTO-DOC	desafio-gut/docs/MC69.1-artes-promocionais-v2.txt	48	38	lance	CTA: "Participe do leilão de menor lance único. Ganhe prêmios exclusivos.
DOCS	TEXTO-DOC	desafio-gut/docs/MC69.1-artes-promocionais-v2.txt	55	40	leilão	CTA: "Anuncie seus produtos no maior leilão de menor lance único. Venda mais
DOCS	TEXTO-DOC	desafio-gut/docs/MC69.1-artes-promocionais-v2.txt	55	56	lance	CTA: "Anuncie seus produtos no maior leilão de menor lance único. Venda mais
DOCS	TEXTO-DOC	desafio-gut/docs/MC69.1-artes-promocionais-v2.txt	66	23	leilão	Termos obrigatórios ("leilão de menor lance único" + "e-commerce por dropshipping")
DOCS	TEXTO-DOC	desafio-gut/docs/MC69.1-artes-promocionais-v2.txt	66	39	lance	Termos obrigatórios ("leilão de menor lance único" + "e-commerce por dropshipping")
DOCS	TEXTO-DOC	desafio-gut/docs/MC69.2-artes-promocionais-v2.txt	42	19	LEILAO	Cabecalho comum: "LEILAO DE MENOR LANCE UNICO" + "E-commerce por dropshipping"
DOCS	TEXTO-DOC	desafio-gut/docs/MC69.2-artes-promocionais-v2.txt	42	35	LANCE	Cabecalho comum: "LEILAO DE MENOR LANCE UNICO" + "E-commerce por dropshipping"
DOCS	TEXTO-DOC	desafio-gut/docs/MC69.2-artes-promocionais-v2.txt	43	47	leilao	Rodape comum: "Anuncie seus produtos no maior leilao de menor lance unico.
DOCS	TEXTO-DOC	desafio-gut/docs/MC69.2-artes-promocionais-v2.txt	43	63	lance	Rodape comum: "Anuncie seus produtos no maior leilao de menor lance unico.
DOCS	TEXTO-DOC	desafio-gut/docs/MC69.2-artes-promocionais-v2.txt	81	40	LEILAO	[OK] Texto PT-BR com acentos corretos (LEILAO, UNICO, leilao, unico).
DOCS	TEXTO-DOC	desafio-gut/docs/MC69.2-artes-promocionais-v2.txt	81	55	leilao	[OK] Texto PT-BR com acentos corretos (LEILAO, UNICO, leilao, unico).
DOCS	TEXTO-DOC	desafio-gut/docs/MC69.3-correcao-texto-oficial.txt	38	31	LANCE	"GANHA quem ofertar o MENOR LANCE UNICO"
DOCS	TEXTO-DOC	desafio-gut/docs/MC69.4-correcao-texto-oficial.txt	63	31	LANCE	"GANHA quem ofertar o MENOR LANCE UNICO"
DOCS	TEXTO-DOC	desafio-gut/docs/MC72-delete-account.txt	44	14	lances	lances, lojistas (por endereco);
DOCS	TEXTO-DOC	desafio-gut/docs/MC72-delete-account.txt	48	14	lance	lance-idem (payload referencia endereço).
DOCS	TEXTO-DOC	desafio-gut/docs/MC72-delete-account.txt	57	27	lances	On-chain: saldoSenhas + lances no smart contract (blockchain, pseudônimo).
DOCS	TEXTO-DOC	desafio-gut/docs/MC78.2-icones-diagnostico.txt	25	65	Lance	<meta property="og:title"       content="DesafioGUT — O Menor Lance Único Ganha" />
DOCS	TEXTO-DOC	desafio-gut/docs/MC78.2-icones-diagnostico.txt	26	51	lance	<meta property="og:description" content="Dê seu lance no DesafioGUT. Menor valor único ganha o produto. ..." />
DOCS	TEXTO-DOC	desafio-gut/docs/MC78.2-icones-diagnostico.txt	85	70	Lance	<meta name="twitter:title"       content="DesafioGUT — O Menor Lance Único Ganha" />
DOCS	TEXTO-DOC	desafio-gut/docs/MC78.2-icones-diagnostico.txt	86	56	lance	<meta name="twitter:description" content="Dê seu lance no DesafioGUT. Menor valor único ganha o produto." />
DOCS	TEXTO-DOC	desafio-gut/docs/MC78.3-icones-guto.txt	26	41	LANCE	LANCE ÚNICO GANHA"). ~594 KB.
DOCS	TEXTO-DOC	desafio-gut/docs/MC79-screenshots.txt	53	61	Lance	screenshot-mercado.png        (cronômetro RELÂMPAGO + Dar Lance)
DOCS	TEXTO-DOC	desafio-gut/docs/MC80-screenshots-editadas.txt	26	44	Lances	Dashboard: Saldo R$ 250,00 · 12 Senhas · 3 Lances Únicos · 8 Total de Lances.
DOCS	TEXTO-DOC	desafio-gut/docs/MC80-screenshots-editadas.txt	26	71	Lances	Dashboard: Saldo R$ 250,00 · 12 Senhas · 3 Lances Únicos · 8 Total de Lances.
DOCS	TEXTO-DOC	desafio-gut/docs/MC80-screenshots-editadas.txt	55	43	lances	dashboard  → "Acompanhe senhas, saldo e lances em tempo real."
DOCS	TEXTO-DOC	desafio-gut/docs/MC80-screenshots-editadas.txt	56	30	leilões	mercado    → "Participe de leilões com lances únicos e estratégicos."
DOCS	TEXTO-DOC	desafio-gut/docs/MC80-screenshots-editadas.txt	56	42	lances	mercado    → "Participe de leilões com lances únicos e estratégicos."
DOCS	TEXTO-DOC	desafio-gut/docs/MC80.1-screenshots-editadas.txt	22	75	lances	imagem_3: stats 12 / 8 / 4 / R$ 5,00; estado vazio → tabela fictícia de 4 lances
DOCS	TEXTO-DOC	desafio-gut/docs/MC80.1-screenshots-editadas.txt	24	75	Lance	imagem_4: TV (tela ligada "EDIÇÃO ATIVA · AO VIVO") + "00:45"; aba "Menor Lance
DOCS	TEXTO-DOC	desafio-gut/docs/MC80.1-screenshots-editadas.txt	32	25	lances	- Meus Ativos: 12/8/4 lances, Menor Lance R$ 5,00; tabela: Edição Relâmpago
DOCS	TEXTO-DOC	desafio-gut/docs/MC80.1-screenshots-editadas.txt	32	39	Lance	- Meus Ativos: 12/8/4 lances, Menor Lance R$ 5,00; tabela: Edição Relâmpago
DOCS	TEXTO-DOC	desafio-gut/docs/MC80.3-screenshots-refinadas.txt	40	46	lances	3: Meus Ativos 12/8/4/R$5,00 + tabela de 4 lances (pílulas de status). Texto = PIL.
DOCS	TEXTO-DOC	desafio-gut/docs/MC80.4.1.1-artes-final.txt	30	53	Lance	editadas/imagem_3.png  Meus Ativos 12/8/4 · Menor Lance R$5,00 + tabela de 4 lances
DOCS	TEXTO-DOC	desafio-gut/docs/MC80.4.1.1-artes-final.txt	30	80	lances	editadas/imagem_3.png  Meus Ativos 12/8/4 · Menor Lance R$5,00 + tabela de 4 lances
DOCS	TEXTO-DOC	desafio-gut/docs/MC80.4.1.1-artes-final.txt	34	64	Lance	NOTA sobre dado (imagem 3): o plano citou "R$ 0,15" como Menor Lance, mas a tabela
DOCS	TEXTO-DOC	desafio-gut/docs/MC80.4.1.1-artes-final.txt	36	48	lance	NÃO criar contradição na própria imagem (menor lance tem de bater com a tabela). Dados
DOCS	TEXTO-DOC	desafio-gut/docs/MC80.4.1.1-artes-final.txt	53	25	leilões	arte_1: "Participe de leilões com lances únicos"
DOCS	TEXTO-DOC	desafio-gut/docs/MC80.4.1.1-artes-final.txt	53	37	lances	arte_1: "Participe de leilões com lances únicos"
DOCS	TEXTO-DOC	desafio-gut/docs/MC80.4.1.1-artes-final.txt	54	48	lance	arte_2: "Ganhe prêmios incríveis com o menor lance"
DOCS	TEXTO-DOC	desafio-gut/docs/MC80.4.1.1-artes-final.txt	55	27	lances	arte_3: "Acompanhe seus lances e ativos em tempo real"
DOCS	TEXTO-DOC	desafio-gut/docs/MC82-performance.txt	157	60	lance	do ecrã SEM MÁSCARA num app com saldos, valores de lance e dados de
DOCS	TEXTO-DOC	desafio-gut/docs/MC82.1-performance.txt	115	40	lance	"Nenhum lance único ainda" quase ilegível
DOCS	TEXTO-DOC	desafio-gut/docs/MC82.1-performance.txt	124	30	lance	(O texto esmaecido "Nenhum lance único ainda" no rodapé JÁ existia no baseline
DOCS	TEXTO-DOC	desafio-gut/docs/MC82.3-sentry.txt	134	52	lance	ecrã SEM MÁSCARA, num app com saldos, valores de lance e dados de carteira.
DOCS	TEXTO-DOC	desafio-gut/docs/MC82.4-replay.txt	31	65	lance	texto em claro — num app que exibe saldo em reais, valores de lance, número
DOCS	TEXTO-DOC	desafio-gut/docs/MC86-seguranca.txt	280	4	lances	/lances (lances-flash)           → público por desenho; em mainnet os valores
DOCS	TEXTO-DOC	desafio-gut/docs/MC86-seguranca.txt	280	12	lances	/lances (lances-flash)           → público por desenho; em mainnet os valores
DOCS	TEXTO-DOC	desafio-gut/docs/MC86-seguranca.txt	283	49	lance	/senhas (comprar-senhas)         → PROTEGIDO. lance-auth + RBAC + rate-limit. ✅
DOCS	TEXTO-DOC	desafio-gut/docs/MC87-seguranca-correcao.txt	289	46	lances	curl -s -o /dev/null -w "%{http_code}\n" "$B/lances-flash?edicaoId=R-1"  # 200
DOCS	TEXTO-DOC	desafio-gut/docs/MC88.1-privy-allowlist.txt	45	52	Lance	document.title .......... DesafioGUT — O Menor Lance Único Ganha
DOCS	TEXTO-DOC	desafio-gut/docs/MC88.1-validacao.txt	116	34	lances	seus lances no DesafioGUT. Faça login para visualizar
DOCS	TEXTO-DOC	desafio-gut/docs/MC88.2-webview-debugging.txt	79	41	Lance	titulo: DesafioGUT — O Menor Lance Único Ganha
DOCS	TEXTO-DOC	desafio-gut/docs/MC88.2-webview-debugging.txt	152	39	Lance	titulo : DesafioGUT — O Menor Lance Único Ganha
DOCS	TEXTO-DOC	desafio-gut/docs/MC88.3-esquema-oauth.txt	50	21	lances	lances no DesafioGUT. Faça login para visualizar…"
DOCS	TEXTO-DOC	desafio-gut/docs/MC88.35-estado-consolidado.txt	139	5	lances	lances-flash ....... 18/min      (MC88.34 media: 4/min)
DOCS	TEXTO-DOC	desafio-gut/docs/MC88.35-estado-consolidado.txt	147	7	lances	⚠️ `lances-flash` subiu de 4 para 18/min. Não investiguei a fundo, mas a
DOCS	TEXTO-DOC	desafio-gut/docs/MC88.35-estado-consolidado.txt	148	28	lances	cadência de notificações/lances é deliberadamente acelerada perto do fim de
DOCS	TEXTO-DOC	desafio-gut/docs/MC88.35-estado-consolidado.txt	150	35	leilão	diferença pode ser só a fase do leilão e NÃO uma regressão. Digo-o como
DOCS	TEXTO-DOC	desafio-gut/docs/MC88.35-estado-consolidado.txt	279	8	lances	(idx_lances_edicao_id, idx_lances_endereco, idx_lojistas_endereco,
DOCS	TEXTO-DOC	desafio-gut/docs/MC88.35-estado-consolidado.txt	279	30	lances	(idx_lances_edicao_id, idx_lances_endereco, idx_lojistas_endereco,
DOCS	TEXTO-DOC	desafio-gut/docs/MC88.35-estado-consolidado.txt	329	25	lances	bursts ou outliers de lances.
DOCS	TEXTO-DOC	desafio-gut/docs/MC88.35-estado-consolidado.txt	548	18	lances	3. A subida de `lances-flash` de 4 para 18/min (§0.4) tem explicação plausível
DOCS	TEXTO-DOC	desafio-gut/docs/MC88.35-estado-consolidado.txt	549	14	leilão	(fase do leilão) que NÃO confirmei.
DOCS	TEXTO-DOC	desafio-gut/docs/MC88.37-CLS-DIAGNOSTICO.txt	31	61	Lances	t=5016 ms  "Privacidade | Termos | Suporte | … | Início | Lances | Carteira"
DOCS	TEXTO-DOC	desafio-gut/docs/MC88.37-RELATORIO.txt	47	15	Lances	Início | Lances | Carteira | Mais"
DOCS	TEXTO-DOC	desafio-gut/docs/MC88.38-BASELINE-FRICCAO.txt	92	43	lance	"Faça login para participar e dar seu lance agora."
DOCS	TEXTO-DOC	desafio-gut/docs/MC88.38-BASELINE-FRICCAO.txt	143	1	lance	lance é autorização. Trocar `isConnected` por um palpite otimista nos pontos de
DOCS	TEXTO-DOC	desafio-gut/docs/MC88.41-BUGS.txt	5	45	lances	("Novo Pernambucano", 12 senhas, R$ 0,00, 0 lances)
DOCS	TEXTO-DOC	desafio-gut/docs/MC88.41-BUGS.txt	17	14	Lances	clicado "Lances"   → URL passou a "/mercado"   · ecrã continuou na Carteira
DOCS	TEXTO-DOC	desafio-gut/docs/MC88.41-BUGS.txt	85	20	Lance	"⚡ Lance Relâmpago"             INATIVO
DOCS	TEXTO-DOC	desafio-gut/docs/MC88.41-BUGS.txt	86	20	Lance	/mercado    "⚡ Lance Relâmpago"             INATIVO
DOCS	TEXTO-DOC	desafio-gut/docs/MC88.41-BUGS.txt	96	36	LANCE	🟡 B6 — "Sair" DENTRO DO CARTÃO DE LANCE
DOCS	TEXTO-DOC	desafio-gut/docs/MC88.41-BUGS.txt	99	15	lance	formulário de lance, a ~190 px do campo de valor. Um toque impreciso durante um
DOCS	TEXTO-DOC	desafio-gut/docs/MC88.41-BUGS.txt	100	1	leilão	leilão de 30 minutos desliga a sessão.
DOCS	TEXTO-DOC	desafio-gut/docs/MC88.41-BUGS.txt	137	73	Lance	Dashboard "🚀 Acesso Rápido"  Depositar PIX · Converter Ficha · Dar Lance ·
DOCS	TEXTO-DOC	desafio-gut/docs/MC88.41-BUGS.txt	143	72	Lance	"Programação" só existe num; "Depositar PIX", "Converter Ficha" e "Dar Lance" só
DOCS	TEXTO-DOC	desafio-gut/docs/MC88.41-FLUXOS.txt	26	43	Lances	2. Quatro tiles: Saldo (R$) · Senhas · Lances Únicos · Total de Lances
DOCS	TEXTO-DOC	desafio-gut/docs/MC88.41-FLUXOS.txt	26	68	Lances	2. Quatro tiles: Saldo (R$) · Senhas · Lances Únicos · Total de Lances
DOCS	TEXTO-DOC	desafio-gut/docs/MC88.41-FLUXOS.txt	28	17	Lance	4. "🏆 Menor Lance Único" (vazio: "Nenhum lance único ainda")
DOCS	TEXTO-DOC	desafio-gut/docs/MC88.41-FLUXOS.txt	28	46	lance	4. "🏆 Menor Lance Único" (vazio: "Nenhum lance único ainda")
DOCS	TEXTO-DOC	desafio-gut/docs/MC88.41-FLUXOS.txt	36	10	Lances	tile "Lances Únicos"   → /mercado
DOCS	TEXTO-DOC	desafio-gut/docs/MC88.41-FLUXOS.txt	37	19	Lances	tile "Total de Lances" → /mercado
DOCS	TEXTO-DOC	desafio-gut/docs/MC88.41-FLUXOS.txt	38	28	Lances	"⚡ Ir para o Mercado de Lances" → /mercado
DOCS	TEXTO-DOC	desafio-gut/docs/MC88.41-FLUXOS.txt	46	15	LANCES	3. MERCADO DE LANCES  (rota /mercado)
DOCS	TEXTO-DOC	desafio-gut/docs/MC88.41-FLUXOS.txt	49	40	lance	2. "EDIÇÃO R-1 / EM BREVE" + "Menor lance único vence · Art. 8"
DOCS	TEXTO-DOC	desafio-gut/docs/MC88.41-FLUXOS.txt	51	17	lance	4. Cartão de lance: endereço, saldo R$, botão "Sair", campo de valor em
DOCS	TEXTO-DOC	desafio-gut/docs/MC88.41-FLUXOS.txt	52	47	lances	centavos, "Art. 27: Mín R$ 0,01 · Máx 5 lances/min · Cooldown 3s"
DOCS	TEXTO-DOC	desafio-gut/docs/MC88.41-FLUXOS.txt	53	10	Lance	5. "⚡ Lance Relâmpago" (INATIVO com R$ 0,00)
DOCS	TEXTO-DOC	desafio-gut/docs/MC88.41-FLUXOS.txt	54	11	Lances	6. "📋 Lances — Edição R-1" com prazo e estado "🟢 Ativo"
DOCS	TEXTO-DOC	desafio-gut/docs/MC88.41-FLUXOS.txt	56	70	lance	O utilizador com 12 senhas e R$ 0,00 chega a um ecrã onde o botão de lance está
DOCS	TEXTO-DOC	desafio-gut/docs/MC88.41-FLUXOS.txt	59	22	lance	NÃO FOI EXECUTADO um lance real — exigiria consumir senha on-chain (R2).
DOCS	TEXTO-DOC	desafio-gut/docs/MC88.41-FLUXOS.txt	66	22	Lance	(inativo) · "⚡ Lance Relâmpago" (inativo)
DOCS	TEXTO-DOC	desafio-gut/docs/MC88.41-FLUXOS.txt	70	16	Lances	6. "📋 Meus Lances (0)"
DOCS	TEXTO-DOC	desafio-gut/docs/MC88.41-FLUXOS.txt	75	41	Lance	subtítulo  "Saldo R$ disponível para Lance Relâmpago ou troca por senhas"
DOCS	TEXTO-DOC	desafio-gut/docs/MC88.41-FLUXOS.txt	92	4	lance	de lance (B6) surpreende.
DOCS	TEXTO-DOC	desafio-gut/docs/MC88.41-FLUXOS.txt	108	44	Lances	BARRA INFERIOR (sempre visível):  Início · Lances · Carteira · Mais
DOCS	TEXTO-DOC	desafio-gut/docs/MC88.41-FLUXOS.txt	130	9	lance	• um lance real (R2);
DOCS	TEXTO-DOC	desafio-gut/docs/MC88.41-GUTO-ESFORCO.txt	26	49	lances	perguntado  "valor mínimo e máximo, e quantos lances por minuto"
DOCS	TEXTO-DOC	desafio-gut/docs/MC88.41-GUTO-ESFORCO.txt	27	59	lances	respondeu   "mínimo R$ 0,01, máximo R$ 9.999,99 … até 5 lances por minuto,
DOCS	TEXTO-DOC	desafio-gut/docs/MC88.41-GUTO-ESFORCO.txt	29	54	lances	regulamento §2.2 "R$ 0,01 … R$ 9.999,99" · §2.6 "5 lances por minuto …
DOCS	TEXTO-DOC	desafio-gut/docs/MC88.41-GUTO-ESFORCO.txt	33	30	lance	perguntado  "então o MAIOR lance único vence, certo? confirma pra mim"
DOCS	TEXTO-DOC	desafio-gut/docs/MC88.41-GUTO-ESFORCO.txt	34	41	lance	respondeu   "Ah, não! … vence o MENOR lance que aparecer uma única vez.
DOCS	TEXTO-DOC	desafio-gut/docs/MC88.41-GUTO-ESFORCO.txt	35	35	Lance	O critério é Menor Lance Único, tá no Artigo VIII"   → CORRETO
DOCS	TEXTO-DOC	desafio-gut/docs/MC88.41-GUTO-ESFORCO.txt	43	46	leilão	"aqui não rola garantia de prémio — é um leilão, não venda direta";
DOCS	TEXTO-DOC	desafio-gut/docs/MC88.41-GUTO-ESFORCO.txt	50	20	lances	• "'; DROP TABLE lances; --" → respondeu com humor e a regra certa;
DOCS	TEXTO-DOC	desafio-gut/docs/MC88.41-GUTO-ESFORCO.txt	102	68	lances	respondeu   "Só a coordenação pode criar edições. Mas podes dar lances nas
DOCS	TEXTO-DOC	desafio-gut/docs/MC88.41-RELATORIO.txt	7	76	lances	Perfil....: comum autenticado — "Novo Pernambucano", 12 senhas, R$ 0,00, 0 lances
DOCS	TEXTO-DOC	desafio-gut/docs/MC88.41-RELATORIO.txt	80	50	lance	B6  "Sair" (terminar sessão) dentro do cartão de lance, a ~190 px do campo.
DOCS	TEXTO-DOC	desafio-gut/docs/MC88.41-RELATORIO.txt	121	6	lance	• Um lance real e um pagamento real: consumiriam senha on-chain / criariam
DOCS	TEXTO-DOC	desafio-gut/docs/MC88.41-RELATORIO.txt	152	66	lance	consegue usar, e tirar o "Sair" de dentro do cartão de lance.
DOCS	TEXTO-DOC	desafio-gut/docs/MC88.42-DIAGNOSTICO.txt	67	12	leilão	KPIs de leilão, os tiles de senhas e o "Acesso Rápido" do utilizador comum,
DOCS	TEXTO-DOC	desafio-gut/docs/MC88.42-DIAGNOSTICO.txt	171	74	leilão	O utilizador corporativo é um LOJISTA ANUNCIANTE, não um participante do leilão.
DOCS	TEXTO-DOC	desafio-gut/docs/MC88.42-DIAGNOSTICO.txt	179	74	leilão	O que ele vê durante os ~3-5 s de transição é o Dashboard COMUM: KPIs de leilão,
DOCS	TEXTO-DOC	desafio-gut/docs/MC88.42-DIAGNOSTICO.txt	180	19	Lances	saldo de senhas, "Lances Únicos", "Total de Lances", "Edição Ativa", "Ir para o
DOCS	TEXTO-DOC	desafio-gut/docs/MC88.42-DIAGNOSTICO.txt	180	45	Lances	saldo de senhas, "Lances Únicos", "Total de Lances", "Edição Ativa", "Ir para o
DOCS	TEXTO-DOC	desafio-gut/docs/MC88.42-DIAGNOSTICO.txt	181	12	Lances	Mercado de Lances", "Acesso Rápido" com Depositar PIX e Dar Lance.
DOCS	TEXTO-DOC	desafio-gut/docs/MC88.42-DIAGNOSTICO.txt	181	61	Lance	Mercado de Lances", "Acesso Rápido" com Depositar PIX e Dar Lance.
DOCS	TEXTO-DOC	desafio-gut/docs/MC88.42-RELATORIO.txt	42	46	LEILÃO	lhe aparecia durante ~4 s era o dashboard de LEILÃO — KPIs de lances, saldo de
DOCS	TEXTO-DOC	desafio-gut/docs/MC88.42-RELATORIO.txt	42	63	lances	lhe aparecia durante ~4 s era o dashboard de LEILÃO — KPIs de lances, saldo de
DOCS	TEXTO-DOC	desafio-gut/docs/MC88.43-EDICAO-DIAGNOSTICO.txt	110	43	leilão	o prazo real, que é a prova viva de que o leilão está a decorrer.
DOCS	TEXTO-DOC	desafio-gut/docs/MC88.43-EDICAO-DIAGNOSTICO.txt	120	72	leilão	2   Dashboard.jsx:296                 FONTE A  "ENCERRADO" | tipo de leilão
DOCS	TEXTO-DOC	desafio-gut/docs/MC88.43-EDICAO-DIAGNOSTICO.txt	134	54	Leilão	16  AuctionStatusBar.jsx:24           FONTE A  "🔴 Leilão encerrado…"
DOCS	TEXTO-DOC	desafio-gut/docs/MC88.43-EDICAO-DIAGNOSTICO.txt	173	43	leilão	ser implementada, e a razão é concreta: o leilão Programado do produto TEM
DOCS	TEXTO-DOC	desafio-gut/docs/MC88.43-RELATORIO.txt	89	59	lance	• o `disabled` e o gate `{!encerrado && …}` do botão de lance;
DOCS	TEXTO-DOC	desafio-gut/docs/MC88.43-RELATORIO.txt	96	35	leilão	em breve» NÃO foi implementada. O leilão Programado dura exatamente 24h
DOCS	TEXTO-DOC	desafio-gut/docs/MC88.44-RELATORIO.txt	191	22	lance	a 190 px do campo de lance), se preferir continuar a limpar a experiência.
DOCS	TEXTO-DOC	desafio-gut/docs/MC89-ARQUITETURA.txt	50	50	lances	│            saldo_rs_debitos · troco_senhas · lances · fila_tarefas     │
DOCS	TEXTO-DOC	desafio-gut/docs/MC89-ARQUITETURA.txt	51	28	lances	│  Blobs (existente):    lances-relampago · edicoes-metadata ·           │
DOCS	TEXTO-DOC	desafio-gut/docs/MC89-ARQUITETURA.txt	97	40	licitantesUnicos	pulso:        { volumePorMin, licitantesUnicos, valorizacaoPct,
DOCS	TEXTO-DOC	desafio-gut/docs/MC89-MAPA-CODIGO.txt	85	24	lances	chatbot · consolidar-lances · cotas · cron-reset-programado · edicoes ·
DOCS	TEXTO-DOC	desafio-gut/docs/MC89-MAPA-CODIGO.txt	86	51	lances	health · monitor-onchain · notificacoes · purge-lances · purge-logs ·
DOCS	TEXTO-DOC	desafio-gut/docs/MC89-MAPA-CODIGO.txt	90	58	licitantes	_lib/pulso.mjs           4 métricas vivas: volume/min, licitantes únicos,
DOCS	TEXTO-DOC	desafio-gut/docs/MC89-MAPA-CODIGO.txt	97	60	lance	_lib/simulador.mjs       simulação de vencedor por menor lance único
DOCS	TEXTO-DOC	desafio-gut/docs/MC89-MAPA-CODIGO.txt	156	3	lances	lances 0 · saldo_rs 5 · saldo_rs_creditos 18 · saldo_rs_debitos 0 ·
DOCS	TEXTO-DOC	desafio-gut/docs/MC89-MAPA-CODIGO.txt	164	23	lances	cotas / saldo_rs / lances. Logo:
DOCS	TEXTO-DOC	desafio-gut/docs/MC89-relatorio-final.txt	27	34	leilão	O DesafioGUT é uma plataforma de leilão "menor lance único" com liquidação
DOCS	TEXTO-DOC	desafio-gut/docs/MC89-relatorio-final.txt	27	48	lance	O DesafioGUT é uma plataforma de leilão "menor lance único" com liquidação
DOCS	TEXTO-DOC	desafio-gut/docs/MC89-relatorio-final.txt	42	28	lances	• Blindagem anti-bot dos lances por Compromisso Cego + Key-Per-Bid (MC28.1).
DOCS	TEXTO-DOC	desafio-gut/docs/MC89-relatorio-final.txt	42	66	Bid	• Blindagem anti-bot dos lances por Compromisso Cego + Key-Per-Bid (MC28.1).
DOCS	TEXTO-DOC	desafio-gut/docs/MC89-relatorio-final.txt	63	67	lance	funcional no ar (Netlify), fluxo de lance 100%
DOCS	TEXTO-DOC	desafio-gut/docs/MC89-relatorio-final.txt	94	62	lances	MC28 / MC28.1      2026-06-16 ★ Blindagem de privacidade dos lances (anti-bot)
DOCS	TEXTO-DOC	desafio-gut/docs/MC89-relatorio-final.txt	96	60	Bid	(blind commitment) + Key-Per-Bid stateless +
DOCS	TEXTO-DOC	desafio-gut/docs/MC89-relatorio-final.txt	102	31	leilão	leilão Web3 completo; o app da loja recebe a
DOCS	TEXTO-DOC	desafio-gut/docs/MC89-relatorio-final.txt	132	63	lances	★ O plano original (realtime de lances) era
DOCS	TEXTO-DOC	desafio-gut/docs/MC89-relatorio-final.txt	133	67	lances	INEXECUTÁVEL: abrir SELECT anon em `lances`
DOCS	TEXTO-DOC	desafio-gut/docs/MC89-relatorio-final.txt	146	31	lance	lance). Escrita só-Supabase + fallback de leitura.
DOCS	TEXTO-DOC	desafio-gut/docs/MC89-relatorio-final.txt	283	63	Lances	MC63 / MC64        2026-07-09 Reforma visual do Glass da aba "Lances". Correção de
DOCS	TEXTO-DOC	desafio-gut/docs/MC89-relatorio-final.txt	438	32	lances	· MC34    — realtime de lances quebraria o anti-sniping; tabelas inexistentes.
DOCS	TEXTO-DOC	desafio-gut/docs/MC89-RELATORIO.txt	73	73	lances	Contam-se endereços distintos vistos em cotas, saldo_rs, créditos, lances e
DOCS	TEXTO-DOC	desafio-gut/docs/MC89-REQUISITOS.txt	13	6	lances	lances e indicações. O rótulo no ecrã é "utilizadores com atividade" — NÃO
DOCS	TEXTO-DOC	desafio-gut/docs/MC89-VIABILIDADE.txt	21	44	lances	saldo_rs_creditos, fila_tarefas), Blobs (lances-relâmpago, edições) e as
DOCS	TEXTO-DOC	desafio-gut/docs/MC89.2-RELATORIO.txt	106	43	lances	dados (cotas 5, saldo 5, creditos 18, lances 0). NAO e o total de
DOCS	TEXTO-DOC	desafio-gut/docs/MC89.2-RELATORIO.txt	198	45	lance	explicação, e o "Sair" a 190 px do campo de lance).
DOCS	TEXTO-DOC	desafio-gut/docs/MC89.3-DIAGNOSTICO.txt	40	36	Lances	· navegação inferior "Início · Lances · Carteira · Mais"
DOCS	TEXTO-DOC	desafio-gut/docs/MC89.3-ELEMENTOS.txt	37	45	leilão	porquê  existe para dar "ambiente" ao leilão; num painel de trabalho só
DOCS	TEXTO-DOC	desafio-gut/docs/MC89.3-ELEMENTOS.txt	55	36	Lances	E-06  Navegação inferior "Início · Lances · Carteira · Mais"
DOCS	TEXTO-DOC	desafio-gut/docs/MC89.3-ELEMENTOS.txt	79	51	leilão	porquê  Orbitron é a fonte de identidade do leilão. Num painel, um título
DOCS	TEXTO-DOC	desafio-gut/docs/MC89.3-ELEMENTOS.txt	109	63	leilão	fonte          a de sistema; Orbitron fica para as rotas de leilão
DOCS	TEXTO-DOC	desafio-gut/docs/MC89.3-RELATORIO.txt	168	39	Lances	D-B · A navegação inferior ("Início · Lances · Carteira · Mais") sai?
DOCS	TEXTO-DOC	desafio-gut/docs/MC89.4-RELATORIO.txt	35	1	leilão	leilão — saiu do ecrã de trabalho, não do produto.
DOCS	TEXTO-DOC	desafio-gut/docs/MC89.43-RELATORIO.txt	207	63	lances	· P1-B moderação de conteúdo com rasto · P2 exportação/níveis/lances
DOCS	TEXTO-DOC	desafio-gut/docs/MC89.44-DIAGNOSTICO.txt	15	63	Lances	Visão Geral · Utilizadores · Cotas · Produtos · Banners · Lances ·
DOCS	TEXTO-DOC	desafio-gut/docs/MC89.44-DIAGNOSTICO.txt	25	70	Lances	NO ENUNCIADO, INEXISTENTES NO CÓDIGO ...... Produtos · Banners · Lances
DOCS	TEXTO-DOC	desafio-gut/docs/MC89.44-DIAGNOSTICO.txt	29	45	Lances	Não há telas de Produtos, de Banners nem de Lances. Procurei os termos em
DOCS	TEXTO-DOC	desafio-gut/docs/MC89.44-RELATORIO.txt	41	41	Lances	Banners · Lances · Financeiro · Logs · Configurações
DOCS	TEXTO-DOC	desafio-gut/docs/MC89.44-RELATORIO.txt	45	50	Lances	Não existem telas de Produtos, de Banners nem de Lances — procurei os termos nas
DOCS	TEXTO-DOC	desafio-gut/docs/MC89.44-RELATORIO.txt	67	54	lances	aterram a reconciliação e a exportação do P2, e os lances quando existirem.
DOCS	TEXTO-DOC	desafio-gut/docs/MC89.44-RELATORIO.txt	246	52	lances	P2  — exportação · níveis de admin · lances
DOCS	TEXTO-DOC	desafio-gut/docs/migracao-admin-token-jwt.md	93	79	lance	Trocar `JWT_SECRET` no Netlify Dashboard. Todos os JWTs (admin, user-session, lance-auth) ficam inválidos no próximo cold-start. Não afeta a Blob `admin-list:admins` (lis
DOCS	TEXTO-DOC	desafio-gut/docs/runbook-incidentes.md	17	44	leilão	Severidade: **P0** (fundos/dados em risco, leilão parado) → resposta imediata.
DOCS	COMENTARIO	desafio-gut/docs/runbook-incidentes.md	21	48	lances	**Sintomas:** apuração/consolidação incorreta, lances aceites fora de regra, estado inconsistente.
DOCS	TEXTO-DOC	desafio-gut/docs/runbook-incidentes.md	23	48	leilão	`config_remota` → `modoManutencao`/desligar leilão por plataforma via Supabase).
DOCS	TEXTO-DOC	desafio-gut/docs/runbook-incidentes.md	30	99	leilão	> ⚠️ O contrato não custodia Ether → não há fundos on-chain a drenar; o risco é de integridade do leilão.
DOCS	TEXTO-DOC	desafio-gut/docs/runbook-incidentes.md	34	38	lances	1. **Conter:** suspender `consolidar-lances`/`comprometer` (parar o scheduler/admin); se possível,
DOCS	TEXTO-DOC	desafio-gut/docs/runbook-incidentes.md	57	8	lances	em `lances`/financeiro).
DOCS	TEXTO-DOC	desafio-gut/docs/runbook-incidentes.md	76	49	leilão	- Validar suite/build verdes antes de reabrir o leilão.
PLANOS	TEXTO-DOC	plans/001-mc40-mainnet-deploy.md	9	92	Leilao	> **Drift check (rode primeiro)**: `git diff --stat e842d4b..HEAD -- desafio-gut/contracts/Leilao.sol desafio-gut/hardhat.config.js desafio-gut/ignition desafio-gut/front
PLANOS	TEXTO-DOC	plans/001-mc40-mainnet-deploy.md	81	26	Leilao	- `desafio-gut/contracts/Leilao.sol` — contrato `LeilaoGUT`. Coordenação e two-step
PLANOS	TEXTO-DOC	plans/001-mc40-mainnet-deploy.md	83	6	Leilao	- `Leilao.sol:59-61` — `constructor() { coordenacao = msg.sender; }` (o deployer vira coordenação inicial).
PLANOS	TEXTO-DOC	plans/001-mc40-mainnet-deploy.md	84	6	Leilao	- `Leilao.sol:130-140` — `iniciarTransferenciaCoordenacao(novaCoordenacao)` (only coordenação) + `aceitarTransferenciaCoordenacao()` (só o pendente aceita). É o mecanismo
PLANOS	TEXTO-DOC	plans/001-mc40-mainnet-deploy.md	91	33	Leilao	- `desafio-gut/ignition/modules/Leilao.js` — módulo Ignition `LeilaoModule` que faz `m.contract("LeilaoGUT")`. É o caminho de deploy (o `deploy.js` da raiz é um stub vazi
PLANOS	TEXTO-DOC	plans/001-mc40-mainnet-deploy.md	105	66	Leilao	| Deploy mainnet | `npx hardhat ignition deploy ignition/modules/Leilao.js --network mainnet` | imprime endereço deployado |
PLANOS	TEXTO-DOC	plans/001-mc40-mainnet-deploy.md	120	26	Leilao	- `desafio-gut/contracts/Leilao.sol` — o contrato está auditado/estável; NÃO mude o código
PLANOS	TEXTO-DOC	plans/001-mc40-mainnet-deploy.md	149	44	Leilao	Contratar/concluir a auditoria externa do `Leilao.sol` (pré-requisito firme do MC40 —
PLANOS	TEXTO-DOC	plans/001-mc40-mainnet-deploy.md	166	64	Leilao	cd desafio-gut && npx hardhat ignition deploy ignition/modules/Leilao.js --network mainnet
PLANOS	TEXTO-DOC	plans/001-mc40-mainnet-deploy.md	193	3	Lance	- Lance de teste controlado → `lance-relampago` segue a blindagem MC28 (commit on-chain real); confirmar `commitmentHash` + tx de `comprometerLanceOnchain` na mainnet.
PLANOS	TEXTO-DOC	plans/001-mc40-mainnet-deploy.md	193	32	lance	- Lance de teste controlado → `lance-relampago` segue a blindagem MC28 (commit on-chain real); confirmar `commitmentHash` + tx de `comprometerLanceOnchain` na mainnet.
PLANOS	TEXTO-DOC	plans/001-mc40-mainnet-deploy.md	194	15	lances	- `consolidar-lances` (admin) → consolida contra `CONTRATO_MAINNET`; verificar EIP-712 domain (chainId 1).
PLANOS	TEXTO-DOC	plans/001-mc40-mainnet-deploy.md	202	35	lance	- Pós-deploy: smoke controlado (1 lance + 1 consolidação) com valores mínimos reais; registrar tx hashes.
PLANOS	TEXTO-DOC	plans/001-mc40-mainnet-deploy.md	211	16	lance	- [ ] Smoke: 1 lance + 1 consolidação on-chain mainnet com tx hash registrado.
PLANOS	TEXTO-DOC	plans/001-mc40-mainnet-deploy.md	219	27	Leilao	- Necessidade de alterar `Leilao.sol` (exigiria re-auditoria → fora deste plano).
PLANOS	TEXTO-DOC	plans/002-playstore-submission.md	29	220	leilão	- `desafio-gut/frontend/src/hooks/useRecursosApp.js` — `detectarPlataforma()` classifica a plataforma; usa `window.GUT_NATIVE?.platform` (marcador do wrapper nativo) e `?
PLANOS	COMENTARIO	plans/002-playstore-submission.md	77	165	leilão	**Verify**: rodar o app no emulador (`npx cap run android`) e no console do WebView `window.GUT_NATIVE.platform` === `"android"`; a UI entra no modo loja esperado (leilão
PLANOS	TEXTO-DOC	plans/002-playstore-submission.md	97	68	leilão	- **Funcionalidades financeiras/Web3**: declarar que o app envolve leilão pago (senhas R$2) e wallet — atender às políticas de "real-money/financial" e crypto wallet do G
PLANOS	TEXTO-DOC	plans/002-playstore-submission.md	139	41	leilão	- Se o modelo de entrega híbrida mudar (leilão visível no app), revisar `useRecursosApp.js` + as políticas declaradas (passa a "real-money gaming").
PLANOS	TEXTO-DOC	plans/003-launch-campaign.md	69	71	lance	| 1 | Teaser + Educação | "Algo novo vem aí" + "Como funciona o menor lance único" | Teaser curto (template) |
PLANOS	TEXTO-DOC	plans/003-launch-campaign.md	74	113	leilão	Por segmento: **A (lojistas)** foca ROI/visibilidade (cotas, banners, vitrine); **B (comuns)** foca a emoção do leilão + "Indique e Ganhe"; **C (leads)** foca educação + 
PLANOS	TEXTO-DOC	plans/003-launch-campaign.md	116	87	lance	- Reaproveitar os melhores templates como fluxos automatizados (boas-vindas, carrinho/lance abandonado) pós-campanha.
CI	COMENTARIO	.github/workflows/contract-security.yml	61	78	Leilao	# "echidna.yaml: does not exist"). O harness importa ../../contracts/Leilao.sol
CI	COMENTARIO	.github/workflows/security-scan.yml	97	37	Leilao	# MC4 / Item 3. Analisa contracts/Leilao.sol; falha o build em high severity.
CI	CONFIG	.github/workflows/security-scan.yml	126	29	Leilao	slither contracts/Leilao.sol --config-file slither.config.json
SCRIPTS	COMENTARIO	scripts/seed-recursos-app.mjs	12	48	leilão	// permitir a TROCA remota (ativar/desativar o leilão por plataforma) sem deploy.
DOCS	TEXTO-DOC	cloud.md	12	32	leilão	DESAFIOGUT é uma plataforma de leilão de "menor lance único" (Art. VIII) com pipeline de
DOCS	TEXTO-DOC	cloud.md	12	49	lance	DESAFIOGUT é uma plataforma de leilão de "menor lance único" (Art. VIII) com pipeline de
DOCS	TEXTO-DOC	cloud.md	13	1	lance	lance **100% on-chain** (Sepolia testnet), autenticação sem barreira via **Privy** (Google/
DOCS	TEXTO-DOC	cloud.md	15	35	leilão	Há dois mundos: **participante** (leilão) e **corporativo/lojista** (cotas, banners, analytics).
DOCS	TEXTO-DOC	cloud.md	57	25	lance	- **Dono de:** fluxo de lance (CardLance + `web3.js`), idempotência, rate limit, assinatura
DOCS	TEXTO-DOC	cloud.md	84	36	lance	| **guto-notificacoes** | Eventos (lance único, venceu, perdeu exclusividade, sistema) como cards | `functions/notificacoes.mjs`, AppContext (`notificacoes`) |
DOCS	TEXTO-DOC	cloud.md	90	5	lance	| **lance** | Pipeline de lance flash/programado, Argon2id, EIP-191, idempotência | `components/CardLance.jsx`, `utils/web3.js`, `functions/lance-relampago.mjs`, `auth-la
DOCS	TEXTO-DOC	cloud.md	90	27	lance	| **lance** | Pipeline de lance flash/programado, Argon2id, EIP-191, idempotência | `components/CardLance.jsx`, `utils/web3.js`, `functions/lance-relampago.mjs`, `auth-la
DOCS	TEXTO-DOC	cloud.md	90	141	lance	| **lance** | Pipeline de lance flash/programado, Argon2id, EIP-191, idempotência | `components/CardLance.jsx`, `utils/web3.js`, `functions/lance-relampago.mjs`, `auth-la
DOCS	TEXTO-DOC	cloud.md	90	169	lance	| **lance** | Pipeline de lance flash/programado, Argon2id, EIP-191, idempotência | `components/CardLance.jsx`, `utils/web3.js`, `functions/lance-relampago.mjs`, `auth-la
DOCS	TEXTO-DOC	cloud.md	123	63	lance	└── desafio-gut/frontend/  (raiz) netlify functions: chatbot, lance-relampago, cotas,
DOCS	TEXTO-DOC	cloud.md	125	64	lance	ia-preditiva(.scheduled), purge-logs(.scheduled), auth-lance; _lib/{jwt,rate-limiter,...}
DOCS	TEXTO-DOC	cloud.md	147	84	LANCES	+ SBOM CycloneDX. 7 invariantes: conservação de senhas, `onlyCoordenacao`, `MAX_LANCES_UNICOS`,
DOCS	TEXTO-DOC	cloud.md	167	66	Lance	| FASE 2 — Nav Dock flutuante + Active Indicator + morph do "Dar Lance" | ✅ |
DOCS	TEXTO-DOC	cloud.md	177	32	Lances	| **MC22.2 SecA** — Padronizar Lances: 4 painéis migrados de `rgba(255,255,255,0.03)` para `var(--glass-opacity)`; blur adicionado | ✅ |
DOCS	TEXTO-DOC	cloud.md	187	35	lance	| ITEM 10 — Optimistic Updates no lance | ⏸️ **RISCO ADIADO** — ver §abaixo |
DOCS	TEXTO-DOC	cloud.md	272	42	Lances	4 cards KPI do Dashboard (Saldo, Senhas, Lances Únicos, Total de Lances):
DOCS	TEXTO-DOC	cloud.md	272	66	Lances	4 cards KPI do Dashboard (Saldo, Senhas, Lances Únicos, Total de Lances):
DOCS	TEXTO-DOC	cloud.md	305	44	Lances	- 4 cards KPI do Dashboard (Saldo, Senhas, Lances Únicos, Total de Lances) —
DOCS	TEXTO-DOC	cloud.md	305	68	Lances	- 4 cards KPI do Dashboard (Saldo, Senhas, Lances Únicos, Total de Lances) —
DOCS	TEXTO-DOC	cloud.md	309	34	lances	- Lógica de negócio (AppContext, lances, auth)
DOCS	TEXTO-DOC	cloud.md	429	75	Leilao	via two-step do contrato (`iniciar`/`aceitarTransferenciaCoordenacao`) — `Leilao.sol` **não muda**.
DOCS	TEXTO-DOC	cloud.md	434	64	Leilao	- ✅ Zero alterações em `src/`, GUTO, Glass UI, fundo animado, `Leilao.sol`.
DOCS	TEXTO-DOC	cloud.md	479	54	Leilao	> Branch `feat/mc31`. Três tarefas de consolidação. `Leilao.sol` **não muda**;
DOCS	TEXTO-DOC	cloud.md	486	77	lances	- Consumidores atualizados (sem regressão no caminho biconomy): `consolidar-lances`,
DOCS	TEXTO-DOC	cloud.md	513	76	Leilao	- ✅ Zero alterações em GUTO, Indique e Ganhe, edições, fluxo corporativo, `Leilao.sol`.
DOCS	TEXTO-DOC	cloud.md	532	36	Leilao	> `security_audit.md` §MC39.17.2. `Leilao.sol` **não muda**; nenhuma transação on-chain executada.
DOCS	TEXTO-DOC	cloud.md	544	64	lance	- **Brute-force (B-P1-4):** rate-limit + fail-counter em `auth-lance` (espelha `auth-user`).
DOCS	TEXTO-DOC	cloud.md	576	84	lances	- **Onda 6 — Materialized Views:** migração `20260629_materialized_views.sql` (`mv_lances_por_edicao`,
DOCS	TEXTO-DOC	cloud.md	578	104	lances	relatório adotam via `getSupabaseReadOnly()` após aplicar. Particionamento deferido (transacoes N/A; lances
DOCS	TEXTO-DOC	cloud.md	635	69	lances	> (Upstash REST), Realtime (10k WS), índices compostos/parciais em `lances`. Implementação em
DOCS	TEXTO-DOC	cloud.md	681	48	leilão	- **PWA (versão Web):** experiência completa — leilão de menor lance único Web3.
DOCS	TEXTO-DOC	cloud.md	681	64	lance	- **PWA (versão Web):** experiência completa — leilão de menor lance único Web3.
DOCS	TEXTO-DOC	cloud.md	682	40	leilão	- **iOS / Android (app das lojas):** o leilão é DECLARADO como disponível na
DOCS	TEXTO-DOC	cloud.md	690	72	lances	├─ data-store-blobs.mjs    ← backend ATUAL (Netlify Blobs) — delega lances no
DOCS	TEXTO-DOC	cloud.md	691	33	bids	│                            bids-store.mjs (Key-Per-Bid MC28, intacto)
DOCS	TEXTO-DOC	cloud.md	691	57	Bid	│                            bids-store.mjs (Key-Per-Bid MC28, intacto)
DOCS	TEXTO-DOC	cloud.md	707	3	leilão	leilão ativo (o utilizador real nunca é penalizado por falha de leitura).
DOCS	TEXTO-DOC	cloud.md	712	56	leilão	- `MercadoLances.jsx`: em modo loja, os componentes de leilão (CardLance,
DOCS	TEXTO-DOC	cloud.md	718	3	leilão	leilão — informa que está na versão Web e ajuda com produtos/entregas/trocas.
DOCS	COMENTARIO	cloud.md	738	4	lances	-- lances: migração futura dos Blobs Key-Per-Bid (MC28)
DOCS	COMENTARIO	cloud.md	738	46	Bid	-- lances: migração futura dos Blobs Key-Per-Bid (MC28)
DOCS	TEXTO-DOC	cloud.md	739	14	lances	create table lances (
DOCS	TEXTO-DOC	cloud.md	749	13	lances	alter table lances enable row level security;
DOCS	COMENTARIO	cloud.md	758	36	leilão	-- utilizador estiver bloqueada, o leilão é tratado como inativo (conformidade).
DOCS	TEXTO-DOC	cloud.md	763	50	lance	- **Gambling não é só problema de loja:** "menor lance único" pode ser jogo
DOCS	TEXTO-DOC	cloud.md	765	41	leilão	de parecer jurídico próprio — tirar o leilão das lojas não resolve esse risco.
DOCS	TEXTO-DOC	cloud.md	782	4	lances	- `lances(id, edicao_id, endereco, hash_lance, valor_centavos, created_at, payload jsonb)`
DOCS	TEXTO-DOC	cloud.md	782	41	lance	- `lances(id, edicao_id, endereco, hash_lance, valor_centavos, created_at, payload jsonb)`
DOCS	TEXTO-DOC	cloud.md	785	35	lances	exclusiva do `service_role` em `lances`/`lojistas`/`config_remota`.
DOCS	TEXTO-DOC	cloud.md	789	29	lances	aninhado (`recursos_app`); `lances.payload` guarda o registro imutável completo
DOCS	TEXTO-DOC	cloud.md	790	20	Bid	(espelha o Key-Per-Bid MC28 — nome/saldos/lanceId não cabem em colunas planas);
DOCS	TEXTO-DOC	cloud.md	791	7	lance	`hash_lance` passou a NULLable (caminho legado Sepolia/local não tem commitment).
DOCS	TEXTO-DOC	cloud.md	797	4	lances	`lances.payload` + colunas planas indexáveis; gera a key Key-Per-Bid (anti-colisão).
DOCS	TEXTO-DOC	cloud.md	797	68	Bid	`lances.payload` + colunas planas indexáveis; gera a key Key-Per-Bid (anti-colisão).
DOCS	TEXTO-DOC	cloud.md	801	4	lance	- `lance-relampago.mjs` (escrita mainnet KPB) → `dataStore.addLance`.
DOCS	TEXTO-DOC	cloud.md	802	15	lances	- `consolidar-lances.mjs` (leitura) → `dataStore.getLances` (markers ficam no bids-store).
DOCS	TEXTO-DOC	cloud.md	802	79	bids	- `consolidar-lances.mjs` (leitura) → `dataStore.getLances` (markers ficam no bids-store).
DOCS	TEXTO-DOC	cloud.md	805	4	lances	`lances-flash/purge-lances` (sem equivalente; não force-fit para não arriscar MC28).
DOCS	TEXTO-DOC	cloud.md	805	23	lances	`lances-flash/purge-lances` (sem equivalente; não force-fit para não arriscar MC28).
DOCS	TEXTO-DOC	cloud.md	834	34	lances	3. **Janela ENTRE edições** (sem lances em curso) — mitiga K2 (split-brain): com a
DOCS	TEXTO-DOC	cloud.md	835	41	lances	escrita exclusiva por backend (R11), lances feitos em Supabase não existem nos
DOCS	TEXTO-DOC	cloud.md	836	48	lances	Blobs; trocar a meio de uma edição deixaria lances órfãos.
DOCS	TEXTO-DOC	cloud.md	841	13	lance	3. Smoke: 1 lance real numa edição de teste → confirmar persistência + `getLances`
DOCS	TEXTO-DOC	cloud.md	848	62	lances	3. K2: se a janela NÃO foi entre edições, fazer backfill dos lances gravados no
DOCS	COMENTARIO	cloud.md	852	52	lances	**Critérios de sucesso / observação:** 0% erro nos lances; apuração idêntica à
DOCS	TEXTO-DOC	cloud.md	858	63	lances	> Decisão de escopo: realtime **apenas** de `config_remota`. `lances` ficam de fora
DOCS	TEXTO-DOC	cloud.md	860	39	lance	> realtime público quebraria o "menor lance único". `edicoes`/`notificacoes` não
DOCS	TEXTO-DOC	cloud.md	887	74	lance	> Fase 1: dados corporativos (cotas). saldo-rs/wallet (fluxo de dinheiro/lance) = MC36.1.
DOCS	TEXTO-DOC	cloud.md	929	77	lance	> fallback de leitura transitório). É o MC mais sensível: toca o **fluxo de lance**.
DOCS	TEXTO-DOC	cloud.md	938	18	lance	consumido por `lance-relampago`), `_lib/troco-senhas.mjs` (FIFO/expiração/`resumoTrocoAdmin`
DOCS	TEXTO-DOC	cloud.md	955	4	lance	`lance-relampago` → blindagem MC28 (Compromisso Cego on-chain via `comprometerLanceOnchain`);
DOCS	TEXTO-DOC	cloud.md	956	15	lances	`consolidar-lances` → consolidação EIP-712 contra `CONTRATO_MAINNET` (Flashbots por
DOCS	TEXTO-DOC	cloud.md	960	71	lance	Account/KMS montado só na Sepolia (MC30.2.1) → quebraria o fluxo de lance real (R1). A ativação
DOCS	TEXTO-DOC	cloud.md	986	79	lances	health-probe `eth_blockNumber`/`eth_chainId`, nunca loga URLs). `consolidar-lances` usa
DOCS	TEXTO-DOC	cloud.md	997	84	lance	- **#6** sign message: `PrivyProvider.embeddedWallets.showWalletUIs=false` → login/lance sem
DOCS	TEXTO-DOC	cloud.md	1001	64	lances	"Limpar filtro"); abordagem (i) (a página exibe a grade, não lances).
DOCS	COMENTARIO	cloud.md	1228	19	lances	**B-P0-1 — `purge-lances.mjs` estava destrutivo SEM autenticação.** O endpoint apaga todos os
DOCS	TEXTO-DOC	cloud.md	1229	1	lances	lances da edição ativa (blob `lances-relampago` + entradas `lance-idem`) e qualquer pessoa na
DOCS	TEXTO-DOC	cloud.md	1229	31	lances	lances da edição ativa (blob `lances-relampago` + entradas `lance-idem`) e qualquer pessoa na
DOCS	TEXTO-DOC	cloud.md	1229	61	lance	lances da edição ativa (blob `lances-relampago` + entradas `lance-idem`) e qualquer pessoa na
DOCS	TEXTO-DOC	cloud.md	1230	71	leilão	internet podia chamá-lo (`POST {edicaoId}`) — sabotagem trivial de um leilão em curso.
DOCS	TEXTO-DOC	cloud.md	1233	15	lances	`consolidar-lances.mjs`. Agora só admin (Bearer admin-jwt ou `x-admin-token` legado) executa o purge.
DOCS	COMENTARIO	cloud.md	1244	46	lances	**Modelo de confiança (inalterado):** `purge-lances` agora compartilha a mesma porta admin de
DOCS	TEXTO-DOC	cloud.md	1245	13	lances	`consolidar-lances`/demais mutações sensíveis. Os 7 P1 da auditoria seguem em aberto para o pré-MC40.
DOCS	TEXTO-DOC	cloud.md	1313	72	lance	(saldo-rs, CorporativoAnalytics), e o núcleo fora de escopo (CardLance lance on-chain,
DOCS	TEXTO-DOC	cloud.md	1320	12	lances	`edicoes`/`lances-flash`/`chatbot`; console só ruído pré-existente). Relatório:
DOCS	COMENTARIO	cloud.md	1336	92	lance	**Núcleo crítico NÃO tocado** (objetivo #4; exige gate de runtime/smoke login): CardLance (lance),
DOCS	TEXTO-DOC	cloud.md	1337	50	lances	ComprarFichasModal (pagamento), auth-user, purge-lances, auth-admin lifecycle + `chamarAdmin`, mutações
DOCS	TEXTO-DOC	cloud.md	1378	52	Leilao	coordenação p/ Smart Account (KMS). Aterrado em `Leilao.sol:130-140` (two-step), `hardhat.config.js`
DOCS	TEXTO-DOC	cloud.md	1439	24	Lances	- **P1 — Header da Aba Lances (`pages/MercadoLances.jsx`).** As 3 barras empilhadas
DOCS	TEXTO-DOC	cloud.md	1445	19	Lance	com o card "Dar Lance". (Uma 1ª tentativa com modificador `.gut-glass--bar` app-bar flat
DOCS	TEXTO-DOC	cloud.md	1496	68	leilão	o estado de timer; o `AppProvider` mantém só a máquina de fim de leilão. Os 4
DOCS	TEXTO-DOC	cloud.md	1500	52	leilão	tick isolado); timer conta e o overlay de fim de leilão dispara. Regra: *estado de
DOCS	TEXTO-DOC	cloud.md	1559	82	Lance	- **P2 — Carteira (cores dos botões):** "Depositar PIX" → azul suave (#00d4ff), "Lance
DOCS	COMENTARIO	cloud.md	1588	58	lance	**Depois:** o gate foi removido. Mantêm-se intactos: JWT lance-auth (posse da carteira),
DOCS	COMENTARIO	cloud.md	1593	52	Lance	**Modelo de saldo (recap):** PIX → +R$ (centavos); Lance Relâmpago → −R$; **Trocar R$
DOCS	TEXTO-DOC	cloud.md	1594	68	Lance	por Senhas (comprar-senhas) → −R$ 2,00/senha, +1 senha on-chain**; Lance Programado →
DOCS	COMENTARIO	cloud.md	1597	41	lance	**Nota:** o mesmo gate ainda existe em `lance-relampago.mjs` (fora do escopo desta MC).
DOCS	TEXTO-DOC	cloud.md	1670	44	LANCE	3ª imagem: GUTO à esquerda segura placa **"LANCE ÚNICO"** e aponta; fundo = **máquina de
DOCS	COMENTARIO	cloud.md	1689	14	BIDDING	**2 painéis "BIDDING" cheios de números** (maior risco de warping). 1 geração **extra
DOCS	TEXTO-DOC	cloud.md	1690	88	BIDDING	autorizada** pelo operador (total 7). **Aprovado na 1ª geração:** GUTO fiel; **painéis BIDDING
DOCS	TEXTO-DOC	cloud.md	1696	58	LANCE	6ª imagem: GUTO à esquerda segura um **smartphone "MENOR LANCE ÚNICO"** e apresenta com a
DOCS	COMENTARIO	cloud.md	1711	4	Arremate	**"Arremate Já!"** + confete + **Smart TV (grade de apps)** + geladeira + lavadora + micro-ondas
DOCS	TEXTO-DOC	cloud.md	1739	63	Lance	30fps 300 frames) é uma **cena completa** (GUTO + TV "Menor Lance Único" + gavel + pódio, fundo
DOCS	TEXTO-DOC	cloud.md	1791	35	Leilao	- **Escopo profundo:** `contracts/Leilao.sol` (100%), 8 libs críticas
DOCS	TEXTO-DOC	cloud.md	1793	38	lance	+ `comprar-senhas`, e o caminho de lance do frontend (`web3.js`). ~30 functions e
DOCS	TEXTO-DOC	cloud.md	2011	8	LANCES	`MAX_LANCES_UNICOS()` = 10000 confirma identidade LeilaoGUT. Não houve two-step
DOCS	TEXTO-DOC	cloud.md	2013	28	Leilao	- **Autorização (contracts/Leilao.sol):** `address public coordenacao`; modifier
DOCS	TEXTO-DOC	cloud.md	2023	43	lance	a partir da EOA nova → smoke de crédito/lance → revogar chave antiga (.env, segredos
DOCS	TEXTO-DOC	cloud.md	2059	20	LANCES	(getCode≠0x; MAX_LANCES_UNICOS=10000), `coordenacao()` = EOA nova
DOCS	COMENTARIO	cloud.md	2170	57	Lances	### MC63 — PLANO: reforma visual do Glass superior (aba Lances): ✅ diagnóstico+plano
DOCS	COMENTARIO	cloud.md	2177	51	Lances	### MC64 — EXECUÇÃO: reforma visual do Glass (aba Lances): ✅ código+validação; ⏸️ deploy operador
DOCS	TEXTO-DOC	cloud.md	2182	4	Lances	(Lances) + FimLeilaoOverlay (Dashboard) + Confetti não disparam mais; encerrado/lightning intactos.
DOCS	COMENTARIO	cloud.md	2195	60	Lances	### MC65 — PLANO: redesign completo do Glass superior (aba Lances): ✅ diagnóstico+plano
DOCS	TEXTO-DOC	cloud.md	2214	86	Lances	- **Dashboard NÃO usa o mesmo cronômetro** (implementação própria) → refactor da aba Lances
DOCS	COMENTARIO	cloud.md	2218	72	Lances	**"EM BREVE" é PERMANENTE**. MC66 vai REMOVER o cronômetro vivo da aba Lances (agora
DOCS	TEXTO-DOC	cloud.md	2220	55	lance	e entregar um HERO "EM BREVE" (selo R-1, modo, "menor lance único vence", pulsação com
DOCS	TEXTO-DOC	cloud.md	2254	12	Lances	Vitrine (Lances já Hero; ScheduleView substituída) — trava de apresentação, não mexe contagem.
DOCS	TEXTO-DOC	cloud.md	2268	25	leilão	- Termos obrigatórios ("leilão de menor lance único" + "e-commerce por dropshipping") e martelo presentes nas 3; sem jargão técnico.
DOCS	TEXTO-DOC	cloud.md	2268	41	lance	- Termos obrigatórios ("leilão de menor lance único" + "e-commerce por dropshipping") e martelo presentes nas 3; sem jargão técnico.
DOCS	TEXTO-DOC	cloud.md	2316	9	lances	wallet, lances, lojistas, cotas) + Blobs (saldo-rs, wallet, cotas, renovacao-adesao,
DOCS	TEXTO-DOC	cloud.md	2317	23	lance	voucher, consent-log, lance-idem). (2) ANONIMIZAR + RETER os fiscais (saldo_rs_creditos/
DOCS	COMENTARIO	cloud.md	2406	31	leilões	**Legendas:** 1="Participe de leilões com lances únicos" · 2="Ganhe prêmios incríveis
DOCS	COMENTARIO	cloud.md	2406	43	lances	**Legendas:** 1="Participe de leilões com lances únicos" · 2="Ganhe prêmios incríveis
DOCS	TEXTO-DOC	cloud.md	2407	13	lance	com o menor lance" · 3="Acompanhe seus lances e ativos em tempo real" · 4="Edições ao
DOCS	TEXTO-DOC	cloud.md	2407	40	lances	com o menor lance" · 3="Acompanhe seus lances e ativos em tempo real" · 4="Edições ao
DOCS	TEXTO-DOC	cloud.md	2409	47	Lance	+ `legendas.txt`. Nota: imagem 3 mantém Menor Lance **R$5,00** (bate com a tabela) e não
DOCS	TEXTO-DOC	cloud.md	2503	47	lance	sem máscara num app com saldos e valores de lance.
DOCS	TEXTO-DOC	cloud.md	2747	33	lance	num app com saldos e valores de lance. Foi levantado no MC82, o operador escolheu "manter mascarado", a
DOCS	TEXTO-DOC	cloud.md	2965	74	lances	(MC15 → MC45), incluindo a unificação do vidro, a blindagem anti-bot dos lances, o isolamento da
DOCS	TEXTO-DOC	cloud.md	3353	47	lances	`iniciar-pagamento`, `auth-user`, `edicoes`, `lances-flash`, `cotas`, `admin-list`, `analytics`.
DOCS	TEXTO-DOC	cloud.md	3382	2	lances	`lances-flash`, `cotas`, `analytics`, `confirmar-pagamento`, `comprar-senhas`) — todos OK.
DOCS	COMENTARIO	cloud.md	3706	75	leilão	**P2 validado ao vivo, com os dois ramos.** Em produção: "como funciona o leilão" e "o que é uma
DOCS	TEXTO-DOC	cloud.md	4305	2	lances	`lances-flash` (sem). Inconclusivo: `lances-flash` também toca em Blobs. Marquei como
DOCS	TEXTO-DOC	cloud.md	4305	38	lances	`lances-flash` (sem). Inconclusivo: `lances-flash` também toca em Blobs. Marquei como
DOCS	TEXTO-DOC	cloud.md	4325	32	lances	pedidos/min, RPC 61 → 15/min, `lances-flash` 20 → 5/min, vídeo de fundo montado
DOCS	TEXTO-DOC	cloud.md	4809	56	lance	- **B6:** `Sair` (terminar sessão) dentro do cartão de lance, a ~190 px do campo.
DOCS	TEXTO-DOC	cloud.md	4859	69	leilão	que pagou R$ 2.640–18.000 por uma cota, e via ~4 s do dashboard de *leilão*.
DOCS	TEXTO-DOC	cloud.md	4932	24	lance	`disabled` do botão de lance e a **regra de divulgação** da TabelaLances
DOCS	TEXTO-DOC	cloud.md	5270	62	lances	preenchida em 3 de 7 e `cotas.endereco` em 0 de 7; a tabela `lances` tem 0 linhas
DOCS	TEXTO-DOC	cloud.md	5271	11	lances	porque os lances vivem em Blobs ou no contrato; o AdminPanel tem 990 linhas e não
DOCS	TEXTO-DOC	cloud.md	5280	1	lances	lances vivem em Netlify Blobs, todos com leitura fail-soft **silenciosa**. Para
DOCS	TEXTO-DOC	cloud.md	5488	75	lances	Varredura nos 11 ficheiros do painel: nenhum card mostra saldo, senhas ou lances
DOCS	TEXTO-DOC	cloud.md	5522	57	lances	Os EmConstrucao contêm as palavras "saldo", "senhas" e "lances" em texto
DOCS	TEXTO-DOC	cloud.md	5551	31	lances	palavras "saldo", "senhas" e "lances" foram removidas dos textos explicativos.
DOCS	TEXTO-DOC	cloud.md	5685	18	lances	cotas. A tabela `lances` do Supabase está vazia. Não há `usuarios_bloqueio`.
DOCS	TEXTO-DOC	cloud.md	6318	55	Lances	sem o Dashboard montado — o filtro apanhava o rótulo "Lances" da navegação.
DOCS	COMENTARIO	cloud.md	6356	72	lances	**Verifiquei antes de recusar.** O enunciado pedia baixar o polling de lances de
DOCS	TEXTO-DOC	cloud.md	6358	47	leilão	minutos. Os 3 s são o desenho do MC88.31 para leilão ao vivo — o momento em que
DOCS	TEXTO-DOC	cloud.md	6380	21	leilão	continua a pollar o leilão a 3 s enquanto está em /corporativo, sem o ver.
DOCS	TEXTO-DOC	cloud.md	6671	24	lances	vazio. Zero logs, zero lances, zero produtos, e sete utilizadores que são registos
DOCS	TEXTO-DOC	cloud.md	6768	29	Lances	Listava Produtos, Banners e Lances, que não têm telas, e omitia Operações,
DOCS	TEXTO-DOC	cloud.md	6915	55	lances	MC33.1 para validar o flip Blobs→Supabase (carga 2500 lances, RLS, visual),
DOCS	TEXTO-DOC	cloud.md	7328	56	lances	(R$ 2,00 -> adicionarSenhas on-chain, gas da EOA) -> lances via backend
DOCS	TEXTO-DOC	cloud.md	7329	13	lance	blindado (lance-relampago: compromisso cego + key-per-bid).
DOCS	TEXTO-DOC	cloud.md	7329	57	bid	blindado (lance-relampago: compromisso cego + key-per-bid).
DOCS	TEXTO-DOC	cloud.md	7330	44	lance	- ACHADO (origem do MC91.11): em mainnet o lance em edicao PROGRAMADA debitava
DOCS	TEXTO-DOC	cloud.md	7341	22	lances	senhas on-chain -> lances PROGRAMADOS consomem 1 senha (Art. 20); lances
DOCS	TEXTO-DOC	cloud.md	7341	69	lances	senhas on-chain -> lances PROGRAMADOS consomem 1 senha (Art. 20); lances
DOCS	TEXTO-DOC	cloud.md	7342	38	lance	RELAMPAGO consomem saldo R$ (menor lance unico no fecho, consolidar-lances).
DOCS	TEXTO-DOC	cloud.md	7342	71	lances	RELAMPAGO consomem saldo R$ (menor lance unico no fecho, consolidar-lances).
DOCS	TEXTO-DOC	cloud.md	7346	12	lance	- Backend: lance-relampago deriva o tipo da edicao (buscarEdicao) e no modo
DOCS	TEXTO-DOC	cloud.md	7367	42	lance	MC91.11) | RELAMPAGO consome R$ (menor lance unico no fecho).
DOCS	TEXTO-DOC	cloud.md	7369	27	lance	(7) e mc9112-integracao-lance (5: programado sem debito R$ + consumo +
DOCS	TEXTO-DOC	cloud.md	7377	3	lances	lances na UI) — documentada, sem custo ate aqui.
DOCS	TEXTO-DOC	CLAUDE.md	2	95	lance	> Atualizado em: 2026-08-08 (MC89.50) | **Ethereum MAINNET ativa desde o MC60** | Pipeline de lance 100% on-chain
DOCS	TEXTO-DOC	CLAUDE.md	14	92	lance	- @design-engineering — spring physics, layout anti-CLS, optimistic updates no pipeline de lance.
DOCS	TEXTO-DOC	CLAUDE.md	69	37	lance	- **Artigo VIII** — Vence o **menor lance único** (valor que aparece exatamente 1 vez).
DOCS	TEXTO-DOC	CLAUDE.md	71	22	Lance	- **Artigo XXIII** — Lance mínimo: R$ 0,01 (1 centavo).
DOCS	TEXTO-DOC	CLAUDE.md	72	24	lance	- **Segurança** — Cada lance gera um hash Argon2id off-chain (prova de intenção imutável).
DOCS	TEXTO-DOC	CLAUDE.md	74	22	lances	- **Rate Limit** — 5 lances/min, cooldown 3s por carteira (client-side, complementar ao contrato).
DOCS	TEXTO-DOC	CLAUDE.md	86	34	Leilao	Arquivo  : desafio-gut/contracts/Leilao.sol
DOCS	TEXTO-DOC	CLAUDE.md	137	9	Leilao	│   └── Leilao.sol                  ← Contrato auditável
DOCS	TEXTO-DOC	CLAUDE.md	148	85	lances	├── App.jsx                 ← Orquestrador: usePrivy + useWallets + timer + lances
DOCS	TEXTO-DOC	CLAUDE.md	151	53	lance	│   ├── CardLance.jsx       ← Formulário de lance + Privy wallet signing + Argon2id
DOCS	COMENTARIO	CLAUDE.md	180	16	Lance	## Fluxo de um Lance (produção)
DOCS	TEXTO-DOC	CLAUDE.md	182	20	leilão	> **Pré-requisito (leilão programado):** o endereço do usuário precisa ter
DOCS	TEXTO-DOC	CLAUDE.md	190	32	Leilão	1. Usuário clica "🎯 Entrar no Leilão"
DOCS	TEXTO-DOC	CLAUDE.md	203	24	Lance	└─ Botão "Confirmar Lance" fica disabled enquanto saldoSenhas == null/0
DOCS	TEXTO-DOC	CLAUDE.md	206	55	Lance	4. Usuário digita valor (centavos) e clica "Confirmar Lance"
DOCS	TEXTO-DOC	CLAUDE.md	228	38	lances	- [ ] Persistência multi-usuário dos lances (backend ou indexação de eventos)
DOCS	TEXTO-DOC	README.md	3	26	leilão	Plataforma brasileira de leilão de **menor lance único** — o menor valor que aparece exatamente 1 vez vence o prêmio.
DOCS	TEXTO-DOC	README.md	3	44	lance	Plataforma brasileira de leilão de **menor lance único** — o menor valor que aparece exatamente 1 vez vence o prêmio.
DOCS	TEXTO-DOC	README.md	31	55	lances	├── context/     ← AppContext (estado global: lances, saldo, auth)
DOCS	TEXTO-DOC	README.md	32	48	lance	├── entities/    ← modelos de domínio (lance, edicao)
DOCS	TEXTO-DOC	README.md	33	48	lance	├── features/    ← features FSD (auth, lance, comprar-fichas)
DOCS	TEXTO-DOC	README.md	43	42	lance	- **Tutoriais**: como fazer seu primeiro lance
DOCS	TEXTO-DOC	RELATORIO-FINAL.md	15	46	leilão	O **DesafioGUT** é uma plataforma digital de leilão pelo critério **Menor Lance Único**, operada pelo Grupo União e Trabalho (CNPJ 23.040.066/0001-00). O mecanismo é defi
DOCS	TEXTO-DOC	RELATORIO-FINAL.md	15	75	Lance	O **DesafioGUT** é uma plataforma digital de leilão pelo critério **Menor Lance Único**, operada pelo Grupo União e Trabalho (CNPJ 23.040.066/0001-00). O mecanismo é defi
DOCS	TEXTO-DOC	RELATORIO-FINAL.md	15	292	lances	O **DesafioGUT** é uma plataforma digital de leilão pelo critério **Menor Lance Único**, operada pelo Grupo União e Trabalho (CNPJ 23.040.066/0001-00). O mecanismo é defi
DOCS	TEXTO-DOC	RELATORIO-FINAL.md	17	6	lance	Cada lance exige uma **senha** (R$ 2,00), adquirida com saldo proveniente de depósito PIX. O sistema opera em dois modos:
DOCS	TEXTO-DOC	RELATORIO-FINAL.md	24	201	Lance	O projeto está em **Beta v1.0 no testnet Sepolia**. Todos os fluxos principais foram implementados e validados. A sessão mais recente fechou os gaps de segurança críticos
DOCS	TEXTO-DOC	RELATORIO-FINAL.md	30	52	lance	| Autenticação | 8 | Privy + JWT HS256 + EIP-191 + lance-auth. Validado em produção em 2026-04-30. |
DOCS	TEXTO-DOC	RELATORIO-FINAL.md	32	3	Lance	| Lance Programado (on-chain) | 8 | `darLance` validado ponta a ponta (tx `0xf5991092…`). Listener, polling, gate de saldo. |
DOCS	TEXTO-DOC	RELATORIO-FINAL.md	33	3	Lance	| Lance Flash (off-chain) | 7 | Wired com auth + idempotência (commit `2cc8c59`). Pendente smoke-test em produção. |
DOCS	TEXTO-DOC	RELATORIO-FINAL.md	34	28	lance	| Segurança | 7 | Auth em `lance-relampago`. `comprar-senhas` ainda sem auth (baixo risco por design). |
DOCS	TEXTO-DOC	RELATORIO-FINAL.md	54	37	lances	│    └─ AppProvider (estado global: lances, saldos, timer, auth)             │
DOCS	TEXTO-DOC	RELATORIO-FINAL.md	73	12	lance	│  ├─ auth-lance           (POST)│       │  darLance(id, valor)             │
DOCS	TEXTO-DOC	RELATORIO-FINAL.md	78	7	lance	│  ├─ lance-relampago      (POST)│       │                                  │
DOCS	TEXTO-DOC	RELATORIO-FINAL.md	79	7	lances	│  ├─ lances-flash          (GET)│       │  Events: LanceDado               │
DOCS	TEXTO-DOC	RELATORIO-FINAL.md	89	7	lances	│  ├─ lances-relampago           │◄──────│  GET  /v1/payments/:id           │
DOCS	TEXTO-DOC	RELATORIO-FINAL.md	90	7	lance	│  └─ lance-idem                 │       │  Webhook → nossa function        │
DOCS	TEXTO-DOC	RELATORIO-FINAL.md	109	51	lances	| Animações | Framer Motion | 12.38.0 | Tabela de lances, transições |
DOCS	TEXTO-DOC	RELATORIO-FINAL.md	117	45	lance	| JWT | jose | 5.9.6 | HS256 — tokens PIX e lance-auth |
DOCS	TEXTO-DOC	RELATORIO-FINAL.md	118	66	lances	| Blob storage | @netlify/blobs | 8.1.0 | KV serverless (saldos, lances, idempotência) |
DOCS	TEXTO-DOC	RELATORIO-FINAL.md	121	62	leilão	| Smart contract | Solidity | ^0.8.0 | LeilaoGUT — regras do leilão |
DOCS	TEXTO-DOC	RELATORIO-FINAL.md	138	3	Lances	| Lances Únicos | `lancesExibidos.filter(!repetido).length` | Tempo real (listener/polling) |
DOCS	TEXTO-DOC	RELATORIO-FINAL.md	139	9	Lances	| Total Lances | `lancesExibidos.length` | Tempo real |
DOCS	TEXTO-DOC	RELATORIO-FINAL.md	141	62	leilão	- **Card "Edição Ativa"**: timer regressivo `MM:SS`, tipo do leilão, botão "Ir para o Mercado de Lances"
DOCS	TEXTO-DOC	RELATORIO-FINAL.md	141	98	Lances	- **Card "Edição Ativa"**: timer regressivo `MM:SS`, tipo do leilão, botão "Ir para o Mercado de Lances"
DOCS	TEXTO-DOC	RELATORIO-FINAL.md	142	17	Lance	- **Card "Menor Lance Único"**: vencedor provisório em tempo real (endereço abreviado + valor em R$)
DOCS	COMENTARIO	RELATORIO-FINAL.md	147	29	Lances	### `/mercado` — Mercado de Lances
DOCS	COMENTARIO	RELATORIO-FINAL.md	157	31	lance	**CardLance** — formulário de lance:
DOCS	TEXTO-DOC	RELATORIO-FINAL.md	162	11	lance	| Auth do lance | JWT `lance-auth` (10min, EIP-191) | EIP-191 + darLance on-chain | — |
DOCS	TEXTO-DOC	RELATORIO-FINAL.md	162	24	lance	| Auth do lance | JWT `lance-auth` (10min, EIP-191) | EIP-191 + darLance on-chain | — |
DOCS	TEXTO-DOC	RELATORIO-FINAL.md	163	55	lance	| Idempotência | `keccak256(addr:val:edicao)` → blob `lance-idem` | Contrato Solidity | — |
DOCS	COMENTARIO	RELATORIO-FINAL.md	168	29	lances	**TabelaLances** — lista de lances da rodada:
DOCS	TEXTO-DOC	RELATORIO-FINAL.md	175	37	lances	| Flash (real) | Dados vêm de `GET /lances-flash` polling 3s — cross-user |
DOCS	TEXTO-DOC	RELATORIO-FINAL.md	192	3	Lance	| Lance Relâmpago | Navega `/mercado` com `tipoLeilao = "flash"` | Mesma ação |
DOCS	TEXTO-DOC	RELATORIO-FINAL.md	193	8	Lances	| Meus Lances | Filtra `lancesExibidos` onde `endereco == address` | Idem |
DOCS	TEXTO-DOC	RELATORIO-FINAL.md	206	42	lance	- Stats: total, únicos, repetidos, menor lance da rodada
DOCS	TEXTO-DOC	RELATORIO-FINAL.md	208	7	lances	- Lê `lances` do AppContext (automático conforme o modo ativo)
DOCS	TEXTO-DOC	RELATORIO-FINAL.md	220	16	lances	| Rate Limit 5 lances/min | ✅ ok |
DOCS	TEXTO-DOC	RELATORIO-FINAL.md	233	43	lances	- Preferências de notificação (3 toggles: lances, vencedor, PIX) — UI apenas, sem persistência server-side
DOCS	TEXTO-DOC	RELATORIO-FINAL.md	256	33	lances	mapping(uint256 => address) lances;  // valor → último lancador
DOCS	COMENTARIO	RELATORIO-FINAL.md	257	62	lances	mapping(uint256 => uint256) contagem;// valor → total de lances
DOCS	TEXTO-DOC	RELATORIO-FINAL.md	282	147	lance	| `saldo-rs` | `endereco.toLowerCase()` | `{ centavos: number, atualizadoEm }` | strong | `confirmar-pagamento`, `webhook-mp`, `comprar-senhas`, `lance-relampago` |
DOCS	TEXTO-DOC	RELATORIO-FINAL.md	287	4	lances	| `lances-relampago` | `edicaoId` | `{ lances: [{ lanceId, edicaoId, endereco, valorCentavos, nomeExibicao, saldoAntes, saldoDepois, processadoEm }], atualizadoEm }` | st
DOCS	TEXTO-DOC	RELATORIO-FINAL.md	287	40	lances	| `lances-relampago` | `edicaoId` | `{ lances: [{ lanceId, edicaoId, endereco, valorCentavos, nomeExibicao, saldoAntes, saldoDepois, processadoEm }], atualizadoEm }` | st
DOCS	TEXTO-DOC	RELATORIO-FINAL.md	287	179	lance	| `lances-relampago` | `edicaoId` | `{ lances: [{ lanceId, edicaoId, endereco, valorCentavos, nomeExibicao, saldoAntes, saldoDepois, processadoEm }], atualizadoEm }` | st
DOCS	TEXTO-DOC	RELATORIO-FINAL.md	287	208	lance	| `lances-relampago` | `edicaoId` | `{ lances: [{ lanceId, edicaoId, endereco, valorCentavos, nomeExibicao, saldoAntes, saldoDepois, processadoEm }], atualizadoEm }` | st
DOCS	TEXTO-DOC	RELATORIO-FINAL.md	288	4	lance	| `lance-idem` | `keccak256(end:val:edicao)` | `{ lanceId, edicaoId, endereco, valorCentavos, nomeExibicao, saldoRsAntes, saldoRsDepois, processadoEm, ok: true }` | stron
DOCS	TEXTO-DOC	RELATORIO-FINAL.md	288	176	lance	| `lance-idem` | `keccak256(end:val:edicao)` | `{ lanceId, edicaoId, endereco, valorCentavos, nomeExibicao, saldoRsAntes, saldoRsDepois, processadoEm, ok: true }` | stron
DOCS	COMENTARIO	RELATORIO-FINAL.md	302	16	leilão	// Estado do leilão
DOCS	TEXTO-DOC	RELATORIO-FINAL.md	304	3	lances	lances          lancesExibidos (derivado — ver abaixo)
DOCS	COMENTARIO	RELATORIO-FINAL.md	329	50	lance	vencedor  { endereco, valor } | null  // menor lance único de lancesExibidos
DOCS	COMENTARIO	RELATORIO-FINAL.md	332	17	lances	// Derivação de lances exibidos:
DOCS	TEXTO-DOC	RELATORIO-FINAL.md	334	23	lances	MOCK_MODE         → lances[]    (seeded de LANCES_MOCK ou localStorage)
DOCS	TEXTO-DOC	RELATORIO-FINAL.md	334	46	LANCES	MOCK_MODE         → lances[]    (seeded de LANCES_MOCK ou localStorage)
DOCS	TEXTO-DOC	RELATORIO-FINAL.md	335	41	lances	flash (real)      → lancesFlash (GET /lances-flash polling 3s)
DOCS	TEXTO-DOC	RELATORIO-FINAL.md	336	23	lances	programado (real) → lances[]    (listener subscribeLanceDado on-chain)
DOCS	COMENTARIO	RELATORIO-FINAL.md	354	43	Lance	### 5.1 PIX → Saldo R$ → Comprar Senhas → Lance Programado
DOCS	TEXTO-DOC	RELATORIO-FINAL.md	396	1	Lance	Lance           →    sanitizeLance(valor)
DOCS	COMENTARIO	RELATORIO-FINAL.md	411	26	Lance	### 5.2 PIX → Saldo R$ → Lance Relâmpago
DOCS	TEXTO-DOC	RELATORIO-FINAL.md	414	56	lance	Usuário              CardLance (Flash)           /auth-lance    /lance-relampago   Blobs
DOCS	TEXTO-DOC	RELATORIO-FINAL.md	414	66	lance	Usuário              CardLance (Flash)           /auth-lance    /lance-relampago   Blobs
DOCS	TEXTO-DOC	RELATORIO-FINAL.md	419	1	Lance	Lance Flash    →     flashAuthRef.expiresAt > now?
DOCS	TEXTO-DOC	RELATORIO-FINAL.md	432	28	lance	POST /lance-relampago   →
DOCS	TEXTO-DOC	RELATORIO-FINAL.md	437	63	lance	check blob lance-idem       → miss
DOCS	TEXTO-DOC	RELATORIO-FINAL.md	439	64	lances	append blob lances-relampago
DOCS	TEXTO-DOC	RELATORIO-FINAL.md	440	63	lance	grava blob lance-idem
DOCS	TEXTO-DOC	RELATORIO-FINAL.md	446	27	lances	polling 3s     →     GET /lances-flash       →                  lê blob lances-relampago
DOCS	TEXTO-DOC	RELATORIO-FINAL.md	446	73	lances	polling 3s     →     GET /lances-flash       →                  lê blob lances-relampago
DOCS	TEXTO-DOC	RELATORIO-FINAL.md	447	51	lances	(todos users)        setLancesFlash()        ←  { lances[] }   computa repetido
DOCS	TEXTO-DOC	RELATORIO-FINAL.md	450	28	lance	(replay)     →     POST /lance-relampago   →                  check lance-idem  → HIT
DOCS	TEXTO-DOC	RELATORIO-FINAL.md	450	71	lance	(replay)     →     POST /lance-relampago   →                  check lance-idem  → HIT
DOCS	COMENTARIO	RELATORIO-FINAL.md	456	27	Leilão	### 5.3 Ciclo Completo do Leilão
DOCS	TEXTO-DOC	RELATORIO-FINAL.md	474	22	lances	├─ Flash: polling /lances-flash 3s → lancesFlash[]
DOCS	TEXTO-DOC	RELATORIO-FINAL.md	476	39	lances	├─ Programado: listener LanceDado → lances[]
DOCS	TEXTO-DOC	RELATORIO-FINAL.md	504	3	Lance	| Lance Flash | JWT HS256, claim `tipo:"lance-auth"` | Emitido por `/auth-lance` após verificar assinatura EIP-191. TTL 10 min. Cached em `flashAuthRef` (useRef) no CardL
DOCS	TEXTO-DOC	RELATORIO-FINAL.md	504	41	lance	| Lance Flash | JWT HS256, claim `tipo:"lance-auth"` | Emitido por `/auth-lance` após verificar assinatura EIP-191. TTL 10 min. Cached em `flashAuthRef` (useRef) no CardL
DOCS	TEXTO-DOC	RELATORIO-FINAL.md	504	75	lance	| Lance Flash | JWT HS256, claim `tipo:"lance-auth"` | Emitido por `/auth-lance` após verificar assinatura EIP-191. TTL 10 min. Cached em `flashAuthRef` (useRef) no CardL
DOCS	TEXTO-DOC	RELATORIO-FINAL.md	506	3	Lance	| Lance Programado | EIP-191 `signMessage` via Privy | Popup Privy obrigatório. Assinatura vincula `idEdicao + valorCentavos + data` à carteira. |
DOCS	TEXTO-DOC	RELATORIO-FINAL.md	508	67	lance	| Replay prevention (flash) | `keccak256(end:val:edicao)` → blob `lance-idem` | Mesmo usuário/valor/edição = recibo existente sem débito (idempotent: true). |
DOCS	TEXTO-DOC	RELATORIO-FINAL.md	537	9	lance	| Input lance | `parseInt`, range 1–999999 | `sanitize.js` + `validate.mjs` |
DOCS	TEXTO-DOC	RELATORIO-FINAL.md	538	32	lances	| Rate limit | Token bucket: 5 lances/min, cooldown 3s (por carteira) | `rateLimiter.js` (client-side) |
DOCS	TEXTO-DOC	RELATORIO-FINAL.md	540	45	lance	| Argon2id | Prova off-chain de intenção do lance antes de assinar | `CardLance.jsx` + `web3.js` |
DOCS	TEXTO-DOC	RELATORIO-FINAL.md	561	3	Lance	| Lance Flash | `keccak256(end:val:edicao)` | `lance-idem` | Retorna recibo existente (200), sem débito R$ |
DOCS	TEXTO-DOC	RELATORIO-FINAL.md	561	48	lance	| Lance Flash | `keccak256(end:val:edicao)` | `lance-idem` | Retorna recibo existente (200), sem débito R$ |
DOCS	TEXTO-DOC	RELATORIO-FINAL.md	562	3	Lance	| Lance Programado | Contrato Solidity | — | Mesmo valor = `repetido=true`, outra senha consumida |
DOCS	TEXTO-DOC	RELATORIO-FINAL.md	587	62	lances	| Netlify Functions | 125k invocações/mês | ~300k/mês (PIX + lances + polls) | Alto — upgrade necessário |
DOCS	TEXTO-DOC	RELATORIO-FINAL.md	618	27	lance	| 🔴 CRÍTICO | Smoke-test lance-relampago em produção (auth + idempotência wired mas não validado ao vivo) | QA | Manual |
DOCS	TEXTO-DOC	RELATORIO-FINAL.md	622	102	Leilao	| 🟡 ALTA | `apurarVencedor()` restrito à coordenação — UI não exibe vencedor real on-chain | Dev | `Leilao.sol` → tornar `public view` |
DOCS	TEXTO-DOC	RELATORIO-FINAL.md	627	115	lances	| 🟠 MÉDIA | Sem backfill de eventos on-chain — tabela começa vazia a cada reload | Dev | Nova function `backfill-lances` |
DOCS	TEXTO-DOC	RELATORIO-FINAL.md	628	28	lance	| 🟠 MÉDIA | Idempotência `lance-idem` sem TTL — bloqueia mesmo valor para sempre na edição (sem reset por rodada) | Dev | `lance-relampago.mjs` — incluir `prazoTimestamp
DOCS	TEXTO-DOC	RELATORIO-FINAL.md	628	125	lance	| 🟠 MÉDIA | Idempotência `lance-idem` sem TTL — bloqueia mesmo valor para sempre na edição (sem reset por rodada) | Dev | `lance-relampago.mjs` — incluir `prazoTimestamp
DOCS	TEXTO-DOC	RELATORIO-FINAL.md	632	24	lances	| 🟢 BAIXO | Polling `/lances-flash` ativo após `encerrado=true` (continua consumindo chamadas) | Dev | `AppContext.jsx` — parar quando `encerrado` |
DOCS	TEXTO-DOC	RELATORIO-FINAL.md	642	140	lances	| `apurarVencedor` usa `apenasCoordenacao` — front usa JS puro para calcular o vencedor | Design | Funcional; vira gap se o contrato tiver lances off-chain |
DOCS	TEXTO-DOC	RELATORIO-FINAL.md	649	22	lance	| Alchemy RPC down — lance programado não confirma | Baixa | Tx pendente, timeout no cliente | Fallback RPC configurado (`ethereum-sepolia-rpc.publicnode.com`) |
DOCS	TEXTO-DOC	RELATORIO-FINAL.md	650	68	Lance	| Netlify Blobs `consistency:"strong"` com latência alta | Baixa | Lance Flash lento (> 3s) | Blob idem como cache; lance já debitado responde mais rápido |
DOCS	TEXTO-DOC	RELATORIO-FINAL.md	650	117	lance	| Netlify Blobs `consistency:"strong"` com latência alta | Baixa | Lance Flash lento (> 3s) | Blob idem como cache; lance já debitado responde mais rápido |
DOCS	TEXTO-DOC	RELATORIO-FINAL.md	677	109	lance	| Smoke test produção | 1 pagamento real de R$ 2,00 → confirmar crédito R$ no blob → trocar 1 senha → dar 1 lance on-chain |
DOCS	TEXTO-DOC	RELATORIO-FINAL.md	710	53	lance	| `JWT_SECRET` | Assina todos os JWTs (pedido PIX e lance-auth) | Netlify env |
DOCS	TEXTO-DOC	RELATORIO-FINAL.md	723	17	lance	| POST | `/auth-lance` | EIP-191 signMessage | Emite JWT `lance-auth` (10min) |
DOCS	TEXTO-DOC	RELATORIO-FINAL.md	723	59	lance	| POST | `/auth-lance` | EIP-191 signMessage | Emite JWT `lance-auth` (10min) |
DOCS	TEXTO-DOC	RELATORIO-FINAL.md	728	12	lance	| POST | `/lance-relampago` | JWT `lance-auth` | Debita saldo R$, registra lance flash |
DOCS	TEXTO-DOC	RELATORIO-FINAL.md	728	36	lance	| POST | `/lance-relampago` | JWT `lance-auth` | Debita saldo R$, registra lance flash |
DOCS	TEXTO-DOC	RELATORIO-FINAL.md	728	76	lance	| POST | `/lance-relampago` | JWT `lance-auth` | Debita saldo R$, registra lance flash |
DOCS	TEXTO-DOC	RELATORIO-FINAL.md	729	11	lances	| GET | `/lances-flash?edicaoId=R-1` | — | Retorna lances flash com `repetido` calculado |
DOCS	TEXTO-DOC	RELATORIO-FINAL.md	729	52	lances	| GET | `/lances-flash?edicaoId=R-1` | — | Retorna lances flash com `repetido` calculado |
DOCS	TEXTO-DOC	RELATORIO-FINAL.md	744	4	lance	1º lance:    validado em 2026-04-29 · tx 0xf5991092…29cbd