AREA	BALDE	FICHEIRO	LINHA	TERMO	TRECHO
FRONTEND	IDENTIFICADOR	desafio-gut/frontend/src/App.jsx	44	Lances	const MercadoLances        = lazy(() => import("./pages/MercadoLances.jsx"));
FRONTEND	STRING-TECNICA	desafio-gut/frontend/src/App.jsx	44	Lances	const MercadoLances        = lazy(() => import("./pages/MercadoLances.jsx"));
FRONTEND	COMENTARIO	desafio-gut/frontend/src/App.jsx	187	leilão	// o Dashboard de leilão. Vão direto para /corporativo. Comuns/visitantes
FRONTEND	IDENTIFICADOR	desafio-gut/frontend/src/App.jsx	391	Lances	<Route path="/mercado"    element={<MercadoLances />} />
FRONTEND	IDENTIFICADOR	desafio-gut/frontend/src/App.jsx	434	Lances	<Route path="/corporativo/mercado"    element={<CorporativoRoute><MercadoLances /></CorporativoRoute>} />
FRONTEND	IDENTIFICADOR	desafio-gut/frontend/src/components/CardLance.jsx	10	Lance	import { sanitizeLance, sanitizeEdicaoId } from "../utils/sanitize.js";
FRONTEND	COMENTARIO	desafio-gut/frontend/src/components/CardLance.jsx	11	lance	// MC88.43 — SÓ para o TEXTO do aviso. Quem bloqueia o lance continua a ser o
FRONTEND	IDENTIFICADOR	desafio-gut/frontend/src/components/CardLance.jsx	15	Lance	import { verificarRateLimit, registrarLance } from "../utils/rateLimiter.js";
FRONTEND	IDENTIFICADOR	desafio-gut/frontend/src/components/CardLance.jsx	18	Lance	assinarLance,
FRONTEND	IDENTIFICADOR	desafio-gut/frontend/src/components/CardLance.jsx	19	Lance	enviarLance,
FRONTEND	IDENTIFICADOR	desafio-gut/frontend/src/components/CardLance.jsx	20	Lance	hashLance,
FRONTEND	IDENTIFICADOR	desafio-gut/frontend/src/components/CardLance.jsx	44	Lance	export default function CardLance({
FRONTEND	IDENTIFICADOR	desafio-gut/frontend/src/components/CardLance.jsx	46	LanceS	onLanceSucesso,
FRONTEND	IDENTIFICADOR	desafio-gut/frontend/src/components/CardLance.jsx	52	Leilao	tipoLeilao = "flash",
FRONTEND	COMENTARIO	desafio-gut/frontend/src/components/CardLance.jsx	60	Lance	// o CardLance no app das lojas (isLeilaoAtivo=false), o formulário de lance
FRONTEND	COMENTARIO	desafio-gut/frontend/src/components/CardLance.jsx	60	Leilao	// o CardLance no app das lojas (isLeilaoAtivo=false), o formulário de lance
FRONTEND	COMENTARIO	desafio-gut/frontend/src/components/CardLance.jsx	60	lance	// o CardLance no app das lojas (isLeilaoAtivo=false), o formulário de lance
FRONTEND	COMENTARIO	desafio-gut/frontend/src/components/CardLance.jsx	62	Lances	// MercadoLances já desmonta o leilão; isto é defesa em profundidade.
FRONTEND	COMENTARIO	desafio-gut/frontend/src/components/CardLance.jsx	62	leilão	// MercadoLances já desmonta o leilão; isto é defesa em profundidade.
FRONTEND	IDENTIFICADOR	desafio-gut/frontend/src/components/CardLance.jsx	63	Leilao	const { isLeilaoAtivo, isLoading: recursosCarregando } = useRecursosApp();
FRONTEND	COMENTARIO	desafio-gut/frontend/src/components/CardLance.jsx	82	lance	// Cache do token de auth (10 min) — evita popup de signMessage a cada lance
FRONTEND	IDENTIFICADOR	desafio-gut/frontend/src/components/CardLance.jsx	90	Leilao	const isProgramado = tipoLeilao === "programado";
FRONTEND	COMENTARIO	desafio-gut/frontend/src/components/CardLance.jsx	97	lance	// e o clique converte automaticamente antes do lance.
FRONTEND	STRING-TECNICA	desafio-gut/frontend/src/components/CardLance.jsx	120	lance	const resp = await fetch("/.netlify/functions/auth-lance", {
FRONTEND	IDENTIFICADOR	desafio-gut/frontend/src/components/CardLance.jsx	138	Lance	async function handleDarLance() {
FRONTEND	IDENTIFICADOR	desafio-gut/frontend/src/components/CardLance.jsx	142	Lance	const valorCentavos = sanitizeLance(valor);
FRONTEND	COMENTARIO	desafio-gut/frontend/src/components/CardLance.jsx	173	lance	// MC91.11 — programado em mainnet: garante senha antes do lance.
FRONTEND	COMENTARIO	desafio-gut/frontend/src/components/CardLance.jsx	204	lance	// 3. Chamar lance-relampago com auth + idempotência
FRONTEND	STRING-TECNICA	desafio-gut/frontend/src/components/CardLance.jsx	206	lance	const resp = await fetch("/.netlify/functions/lance-relampago", {
FRONTEND	TEXTO-UI	desafio-gut/frontend/src/components/CardLance.jsx	232	lance	throw new Error(msgMap[data?.error?.code] ?? data?.error?.message ?? "Erro no lance relâmpago.");
FRONTEND	IDENTIFICADOR	desafio-gut/frontend/src/components/CardLance.jsx	234	Lance	registrarLance(address);
FRONTEND	IDENTIFICADOR	desafio-gut/frontend/src/components/CardLance.jsx	235	lance	setUltimaTx(data.lanceId);
FRONTEND	IDENTIFICADOR	desafio-gut/frontend/src/components/CardLance.jsx	242	LanceS	onLanceSucesso?.({ address, valorCentavos, txHash: data.lanceId, nomeExibicao: userLabel || null });
FRONTEND	IDENTIFICADOR	desafio-gut/frontend/src/components/CardLance.jsx	242	lance	onLanceSucesso?.({ address, valorCentavos, txHash: data.lanceId, nomeExibicao: userLabel || null });
FRONTEND	IDENTIFICADOR	desafio-gut/frontend/src/components/CardLance.jsx	248	Lance	const hash = await hashLance(address, edicaoSanitizada, valorCentavos);
FRONTEND	IDENTIFICADOR	desafio-gut/frontend/src/components/CardLance.jsx	256	Lance	await assinarLance(signer, edicaoSanitizada, valorCentavos);
FRONTEND	IDENTIFICADOR	desafio-gut/frontend/src/components/CardLance.jsx	259	Lance	const receipt = await enviarLance(signer, CONTRATO_SEPOLIA, edicaoSanitizada, valorCentavos);
FRONTEND	IDENTIFICADOR	desafio-gut/frontend/src/components/CardLance.jsx	261	Lance	registrarLance(address);
FRONTEND	IDENTIFICADOR	desafio-gut/frontend/src/components/CardLance.jsx	266	LanceS	onLanceSucesso?.({ address, valorCentavos, txHash: receipt.hash, nomeExibicao: userLabel || null });
FRONTEND	TEXTO-UI	desafio-gut/frontend/src/components/CardLance.jsx	274	Lance	"Lance minimo e R$ 0,01":             "Lance mínimo é R$ 0,01 (Art. 27).",
FRONTEND	TEXTO-UI	desafio-gut/frontend/src/components/CardLance.jsx	274	Lance	"Lance minimo e R$ 0,01":             "Lance mínimo é R$ 0,01 (Art. 27).",
FRONTEND	TEXTO-UI	desafio-gut/frontend/src/components/CardLance.jsx	342	lance	{ f: FASES.ENVIANDO,    label: "Registrando lance blindado · −1 senha..." },
FRONTEND	TEXTO-UI	desafio-gut/frontend/src/components/CardLance.jsx	356	Lance	: "🎫 Confirmar Lance (−1 senha)"
FRONTEND	TEXTO-UI	desafio-gut/frontend/src/components/CardLance.jsx	357	Lance	: "⚡ Lance Relâmpago";
FRONTEND	IDENTIFICADOR	desafio-gut/frontend/src/components/CardLance.jsx	360	Leilao	if (recursosCarregando || !isLeilaoAtivo) {
FRONTEND	TEXTO-UI	desafio-gut/frontend/src/components/CardLance.jsx	380	Lance	<h3 style={estilos.titulo}>🎯 Dar Lance</h3>
FRONTEND	TEXTO-UI	desafio-gut/frontend/src/components/CardLance.jsx	416	Lance	? "Lance programado consome 1 senha (Art. 20: R$ 2,00) — sem senha, o app converte R$ 2,00 do saldo automaticamente."
FRONTEND	TEXTO-UI	desafio-gut/frontend/src/components/CardLance.jsx	417	lance	: "DesafioGUT Flash · 30 min · debita saldo R$ · menor lance único vence (Art. 8)."}
FRONTEND	TEXTO-UI	desafio-gut/frontend/src/components/CardLance.jsx	422	lance	<label style={estilos.labelInput}>Valor do lance (em centavos)</label>
FRONTEND	TEXTO-UI	desafio-gut/frontend/src/components/CardLance.jsx	436	lances	<p style={estilos.hintInput}>Art. 27: Mín R$ 0,01 · Máx 5 lances/min · Cooldown 3s</p>
FRONTEND	TEXTO-UI	desafio-gut/frontend/src/components/CardLance.jsx	456	Lance	{isProgramado ? "🎫 Lance registrado! (−1 senha)" : "✅ Lance registrado!"}
FRONTEND	TEXTO-UI	desafio-gut/frontend/src/components/CardLance.jsx	456	Lance	{isProgramado ? "🎫 Lance registrado! (−1 senha)" : "✅ Lance registrado!"}
FRONTEND	IDENTIFICADOR	desafio-gut/frontend/src/components/CardLance.jsx	484	lance	repetir-se dentro do formulário de lance. */}
FRONTEND	TEXTO-UI	desafio-gut/frontend/src/components/CardLance.jsx	494	lances	? `${est.icone} Edição encerrada — novos lances bloqueados`
FRONTEND	TEXTO-UI	desafio-gut/frontend/src/components/CardLance.jsx	495	lances	: `${est.icone} ${est.rotuloLongo} — lances ainda não abertos`;
FRONTEND	COMENTARIO	desafio-gut/frontend/src/components/CardLance.jsx	535	lance	// whileHover por spring. onClick/disabled/title/label e TODA a lógica de lance
FRONTEND	COMENTARIO	desafio-gut/frontend/src/components/CardLance.jsx	536	Lance	// (handleDarLance) ficam intactos (R1 — fluxo on-chain não alterado).
FRONTEND	IDENTIFICADOR	desafio-gut/frontend/src/components/CardLance.jsx	539	Lance	...estilos.botaoLance,
FRONTEND	IDENTIFICADOR	desafio-gut/frontend/src/components/CardLance.jsx	543	Lance	onClick={handleDarLance}
FRONTEND	IDENTIFICADOR	desafio-gut/frontend/src/components/CardLance.jsx	555	Lance	🔒 Lance protegido e sanitizado
FRONTEND	IDENTIFICADOR	desafio-gut/frontend/src/components/CardLance.jsx	588	Lance	botaoLance:       { padding: "0.9rem", background: "linear-gradient(135deg,#f5a623,#e89400)", color: "#0a0f1a", border: "none", borderRadius: "28px", fontSize: "1rem", fo
FRONTEND	COMENTARIO	desafio-gut/frontend/src/components/CarrosselGUTO.jsx	181	lances	// quando o Dashboard re-renderiza (saldo/lances) e não perturba a máquina de crossfade.
FRONTEND	IDENTIFICADOR	desafio-gut/frontend/src/components/ChatbotWidget.jsx	84	lance	lance_unico:          { titulo: "🎯 Lance único!",         bg: "rgba(0,200,83,0.12)",   borda: "rgba(0,200,83,0.45)",  barra: "#00c853" },
FRONTEND	TEXTO-UI	desafio-gut/frontend/src/components/ChatbotWidget.jsx	84	Lance	lance_unico:          { titulo: "🎯 Lance único!",         bg: "rgba(0,200,83,0.12)",   borda: "rgba(0,200,83,0.45)",  barra: "#00c853" },
FRONTEND	IDENTIFICADOR	desafio-gut/frontend/src/components/ChatbotWidget.jsx	99	lance	lance_invalido:    "notificacao",
FRONTEND	IDENTIFICADOR	desafio-gut/frontend/src/components/ChatbotWidget.jsx	101	lance	lance_unico:          "lance_unico",
FRONTEND	STRING-TECNICA	desafio-gut/frontend/src/components/ChatbotWidget.jsx	101	lance	lance_unico:          "lance_unico",
FRONTEND	IDENTIFICADOR	desafio-gut/frontend/src/components/ChatbotWidget.jsx	467	lances	SISTEMA PAUSADO — novos lances estão temporariamente bloqueados.
FRONTEND	TEXTO-UI	desafio-gut/frontend/src/components/ComprarFichasModal.jsx	308	Lance	<p style={subTitulo}>Saldo R$ disponível para Lance Relâmpago ou troca por senhas</p>
FRONTEND	IDENTIFICADOR	desafio-gut/frontend/src/components/ComprarFichasModal.jsx	547	Lance	💡 Para participar de Lance Programado, use <strong>Trocar R$ por Senhas</strong> na carteira (R$ 2,00 = 1 senha on-chain).
FRONTEND	COMENTARIO	desafio-gut/frontend/src/components/Confetti.jsx	2	Leilao	// Extraído verbatim das definições locais IDÊNTICAS em FimLeilaoOverlay.jsx e
FRONTEND	COMENTARIO	desafio-gut/frontend/src/components/Confetti.jsx	3	Lances	// MercadoLances.jsx (overlay de vencedor). Mesma saída visual (70 peças, mesmas
FRONTEND	TEXTO-UI	desafio-gut/frontend/src/components/ExcluirContaModal.jsx	23	lances	"Saldo de senhas e lances já registrados na blockchain são imutáveis e não podem ser apagados (identificados apenas pela carteira).",
FRONTEND	TEXTO-UI	desafio-gut/frontend/src/components/ExcluirContaModal.jsx	87	lances	removidos</strong> (saldo em R$, senhas, histórico de lances e perfil).
FRONTEND	COMENTARIO	desafio-gut/frontend/src/components/FimLeilaoOverlay.jsx	1	leilão	// MC16 — Overlay de fim de leilão compartilhado entre Dashboard e MercadoLances.
FRONTEND	COMENTARIO	desafio-gut/frontend/src/components/FimLeilaoOverlay.jsx	1	Lances	// MC16 — Overlay de fim de leilão compartilhado entre Dashboard e MercadoLances.
FRONTEND	IDENTIFICADOR	desafio-gut/frontend/src/components/FimLeilaoOverlay.jsx	11	Leilao	export default function FimLeilaoOverlay({ vencedor, tipoLeilao, onNovaRodada, EDICAO_ATIVA }) {
FRONTEND	IDENTIFICADOR	desafio-gut/frontend/src/components/FimLeilaoOverlay.jsx	11	Leilao	export default function FimLeilaoOverlay({ vencedor, tipoLeilao, onNovaRodada, EDICAO_ATIVA }) {
FRONTEND	TEXTO-UI	desafio-gut/frontend/src/components/FimLeilaoOverlay.jsx	42	LEILÃO	}}>LEILÃO ENCERRADO</h2>
FRONTEND	IDENTIFICADOR	desafio-gut/frontend/src/components/FimLeilaoOverlay.jsx	46	Leilao	{" · "}{tipoLeilao === "flash" ? "⚡ Relâmpago" : "🎫 Programado"}
FRONTEND	IDENTIFICADOR	desafio-gut/frontend/src/components/FimLeilaoOverlay.jsx	61	lance	Nenhum lance único registrado.
FRONTEND	COMENTARIO	desafio-gut/frontend/src/components/glass/AuctionStatusBar.jsx	1	Lances	// MC66 — AuctionStatusBar extraída de MercadoLances.jsx (Secção 3 do Glass).
FRONTEND	COMENTARIO	desafio-gut/frontend/src/components/glass/AuctionStatusBar.jsx	5	leilão	// fim de leilão num ecrã que, ao lado, diz que o leilão ainda não abriu.
FRONTEND	COMENTARIO	desafio-gut/frontend/src/components/glass/AuctionStatusBar.jsx	5	leilão	// fim de leilão num ecrã que, ao lado, diz que o leilão ainda não abriu.
FRONTEND	IDENTIFICADOR	desafio-gut/frontend/src/components/glass/AuctionStatusBar.jsx	28	lances	}}>{est.icone} {est.rotuloLongo} — novos lances bloqueados</span>
FRONTEND	COMENTARIO	desafio-gut/frontend/src/components/glass/AuthArea.jsx	1	Lances	// MC66 — AuthArea extraída de MercadoLances.jsx (sem mudança de comportamento).
FRONTEND	COMENTARIO	desafio-gut/frontend/src/components/glass/ComingSoonHero.jsx	2	Lances	// vivo na aba Lances. "EM BREVE" é permanente (decisão MC65), então não há contagem.
FRONTEND	TEXTO-UI	desafio-gut/frontend/src/components/glass/ComingSoonHero.jsx	10	Leilão	aria-label={`Leilão em breve — edição ${edicao || "R-1"}`}
FRONTEND	IDENTIFICADOR	desafio-gut/frontend/src/components/glass/ComingSoonHero.jsx	50	leilão	{/* Regra do leilão */}
FRONTEND	TEXTO-UI	desafio-gut/frontend/src/components/glass/ComingSoonHero.jsx	55	lance	}}>Menor lance único vence · Art. 8</p>
FRONTEND	COMENTARIO	desafio-gut/frontend/src/components/glass/GlassHeader.jsx	1	Lances	// MC66 — GlassHeader (Direção C): compositor do Glass superior da aba Lances.
FRONTEND	COMENTARIO	desafio-gut/frontend/src/components/glass/GlassHeader.jsx	4	Lances	// de MercadoLances.jsx (remove o cronômetro vivo e o <div/> espaçador vazio).
FRONTEND	IDENTIFICADOR	desafio-gut/frontend/src/components/glass/GlassHeader.jsx	14	Leilao	tipoLeilao, setTipoLeilao, encerrado, edicao,
FRONTEND	IDENTIFICADOR	desafio-gut/frontend/src/components/glass/GlassHeader.jsx	14	Leilao	tipoLeilao, setTipoLeilao, encerrado, edicao,
FRONTEND	IDENTIFICADOR	desafio-gut/frontend/src/components/glass/GlassHeader.jsx	50	Leilao	<ModeSelector tipoLeilao={tipoLeilao} setTipoLeilao={setTipoLeilao} />
FRONTEND	IDENTIFICADOR	desafio-gut/frontend/src/components/glass/GlassHeader.jsx	50	Leilao	<ModeSelector tipoLeilao={tipoLeilao} setTipoLeilao={setTipoLeilao} />
FRONTEND	IDENTIFICADOR	desafio-gut/frontend/src/components/glass/GlassHeader.jsx	50	Leilao	<ModeSelector tipoLeilao={tipoLeilao} setTipoLeilao={setTipoLeilao} />
FRONTEND	IDENTIFICADOR	desafio-gut/frontend/src/components/glass/GlassHeader.jsx	50	Leilao	<ModeSelector tipoLeilao={tipoLeilao} setTipoLeilao={setTipoLeilao} />
FRONTEND	COMENTARIO	desafio-gut/frontend/src/components/glass/glassTokens.js	1	Lances	// MC66 — paleta compartilhada do Glass da aba Lances (extraída de MercadoLances.jsx).
FRONTEND	COMENTARIO	desafio-gut/frontend/src/components/glass/glassTokens.js	1	Lances	// MC66 — paleta compartilhada do Glass da aba Lances (extraída de MercadoLances.jsx).
FRONTEND	COMENTARIO	desafio-gut/frontend/src/components/glass/ModeSelector.jsx	1	Lances	// MC66 — ModeSelector extraído de MercadoLances.jsx.
FRONTEND	IDENTIFICADOR	desafio-gut/frontend/src/components/glass/ModeSelector.jsx	11	Leilao	export default function ModeSelector({ tipoLeilao, setTipoLeilao }) {
FRONTEND	IDENTIFICADOR	desafio-gut/frontend/src/components/glass/ModeSelector.jsx	11	Leilao	export default function ModeSelector({ tipoLeilao, setTipoLeilao }) {
FRONTEND	IDENTIFICADOR	desafio-gut/frontend/src/components/glass/ModeSelector.jsx	16	Leilao	const ativo = tipoLeilao === id;
FRONTEND	TEXTO-UI	desafio-gut/frontend/src/components/glass/ModeSelector.jsx	20	Leilao	onClick={() => setTipoLeilao(id)}
FRONTEND	IDENTIFICADOR	desafio-gut/frontend/src/components/LanceStatusBadge.jsx	3	LanceS	export default function LanceStatusBadge({ valor, status, mudou }) {
FRONTEND	TEXTO-UI	desafio-gut/frontend/src/components/LanceStatusBadge.jsx	8	LANCE	<p className="text-white/60 text-sm mb-1">O SEU ÚLTIMO LANCE</p>
FRONTEND	TEXTO-UI	desafio-gut/frontend/src/components/LanceStatusBadge.jsx	33	lance	<span className="font-medium">Repetido — dê um novo lance!</span>
FRONTEND	IDENTIFICADOR	desafio-gut/frontend/src/components/LanceStatusBadge.jsx	45	lance	⚠️ O seu lance deixou de ser único! Tente outro valor.
FRONTEND	TEXTO-UI	desafio-gut/frontend/src/components/PainelIndicacao.jsx	81	lance	const texto = `🎯 Te convido para o DesafioGUT! Use meu código ${dados.codigo} e, no teu 1º lance, nós dois ganhamos +1 senha.`;
FRONTEND	TEXTO-UI	desafio-gut/frontend/src/components/PainelIndicacao.jsx	168	lance	<strong style={{ color: COR.primary }}> 1º lance, vocês dois ganham +1 senha! </strong>
FRONTEND	IDENTIFICADOR	desafio-gut/frontend/src/components/TabelaLances.jsx	3	Lance	import { sanitizeAddress, sanitizeString, sanitizeLance } from "../utils/sanitize.js";
FRONTEND	IDENTIFICADOR	desafio-gut/frontend/src/components/TabelaLances.jsx	11	Lances	function ordenarLances(lances) {
FRONTEND	IDENTIFICADOR	desafio-gut/frontend/src/components/TabelaLances.jsx	11	lances	function ordenarLances(lances) {
FRONTEND	COMENTARIO	desafio-gut/frontend/src/components/TabelaLances.jsx	12	lances	// MC28.1: cmp null-safe — lances blindados (valor null em mainnet) mantêm ordem
FRONTEND	IDENTIFICADOR	desafio-gut/frontend/src/components/TabelaLances.jsx	15	lances	const unicos    = lances.filter((l) => !l.repetido).sort(cmp);
FRONTEND	IDENTIFICADOR	desafio-gut/frontend/src/components/TabelaLances.jsx	16	lances	const repetidos = lances.filter((l) =>  l.repetido).sort(cmp);
FRONTEND	IDENTIFICADOR	desafio-gut/frontend/src/components/TabelaLances.jsx	26	lance	function nomeOuEndereco(lance, enderecoAbrev) {
FRONTEND	IDENTIFICADOR	desafio-gut/frontend/src/components/TabelaLances.jsx	27	lance	return lance.nomeExibicao || enderecoAbrev;
FRONTEND	IDENTIFICADOR	desafio-gut/frontend/src/components/TabelaLances.jsx	30	Lances	export default function TabelaLances({ lances = [], idEdicao, prazoTimestamp, encerrado: encerradoProp }) {
FRONTEND	IDENTIFICADOR	desafio-gut/frontend/src/components/TabelaLances.jsx	30	lances	export default function TabelaLances({ lances = [], idEdicao, prazoTimestamp, encerrado: encerradoProp }) {
FRONTEND	COMENTARIO	desafio-gut/frontend/src/components/TabelaLances.jsx	42	leilão	// do Dashboard: provava que o leilão estava a decorrer. Só se mostra quando a
FRONTEND	COMENTARIO	desafio-gut/frontend/src/components/TabelaLances.jsx	49	lances	// re-render do pai (ex.: tick do timer) quando `lances` não mudou. Resultado idêntico.
FRONTEND	IDENTIFICADOR	desafio-gut/frontend/src/components/TabelaLances.jsx	50	lances	const lancesOrdenados = useMemo(() => ordenarLances(lances), [lances]);
FRONTEND	TEXTO-UI	desafio-gut/frontend/src/components/TabelaLances.jsx	50	Lances	const lancesOrdenados = useMemo(() => ordenarLances(lances), [lances]);
FRONTEND	TEXTO-UI	desafio-gut/frontend/src/components/TabelaLances.jsx	50	lances	const lancesOrdenados = useMemo(() => ordenarLances(lances), [lances]);
FRONTEND	TEXTO-UI	desafio-gut/frontend/src/components/TabelaLances.jsx	50	lances	const lancesOrdenados = useMemo(() => ordenarLances(lances), [lances]);
FRONTEND	TEXTO-UI	desafio-gut/frontend/src/components/TabelaLances.jsx	51	lances	const idxVencedor = useMemo(() => lancesOrdenados.findIndex((l) => !l.repetido), [lancesOrdenados]);
FRONTEND	TEXTO-UI	desafio-gut/frontend/src/components/TabelaLances.jsx	51	lances	const idxVencedor = useMemo(() => lancesOrdenados.findIndex((l) => !l.repetido), [lancesOrdenados]);
FRONTEND	IDENTIFICADOR	desafio-gut/frontend/src/components/TabelaLances.jsx	91	Lances	📋 Lances — Edição{" "}
FRONTEND	IDENTIFICADOR	desafio-gut/frontend/src/components/TabelaLances.jsx	112	lances	{!encerrado && lances.length > 0 && (
FRONTEND	IDENTIFICADOR	desafio-gut/frontend/src/components/TabelaLances.jsx	120	lances	{lances.length === 0 ? (
FRONTEND	TEXTO-UI	desafio-gut/frontend/src/components/TabelaLances.jsx	128	lance	<span style={{ fontSize: isMobile ? "0.85rem" : "0.9rem" }}>Nenhum lance registrado ainda.</span>
FRONTEND	IDENTIFICADOR	desafio-gut/frontend/src/components/TabelaLances.jsx	132	lances	<MobileList lancesOrdenados={lancesOrdenados} idxVencedor={idxVencedor} encerrado={encerrado} />
FRONTEND	IDENTIFICADOR	desafio-gut/frontend/src/components/TabelaLances.jsx	132	lances	<MobileList lancesOrdenados={lancesOrdenados} idxVencedor={idxVencedor} encerrado={encerrado} />
FRONTEND	IDENTIFICADOR	desafio-gut/frontend/src/components/TabelaLances.jsx	134	lances	<DesktopTable lancesOrdenados={lancesOrdenados} idxVencedor={idxVencedor} encerrado={encerrado} />
FRONTEND	IDENTIFICADOR	desafio-gut/frontend/src/components/TabelaLances.jsx	134	lances	<DesktopTable lancesOrdenados={lancesOrdenados} idxVencedor={idxVencedor} encerrado={encerrado} />
FRONTEND	IDENTIFICADOR	desafio-gut/frontend/src/components/TabelaLances.jsx	148	lances	function MobileList({ lancesOrdenados, idxVencedor, encerrado }) {
FRONTEND	IDENTIFICADOR	desafio-gut/frontend/src/components/TabelaLances.jsx	152	lances	{lancesOrdenados.map((lance, i) => {
FRONTEND	IDENTIFICADOR	desafio-gut/frontend/src/components/TabelaLances.jsx	152	lance	{lancesOrdenados.map((lance, i) => {
FRONTEND	IDENTIFICADOR	desafio-gut/frontend/src/components/TabelaLances.jsx	154	lance	const oculto = lance.oculto === true;
FRONTEND	IDENTIFICADOR	desafio-gut/frontend/src/components/TabelaLances.jsx	155	lance	const enderecoSanitizado = sanitizeAddress(lance.endereco ?? "");
FRONTEND	IDENTIFICADOR	desafio-gut/frontend/src/components/TabelaLances.jsx	156	Lance	const valorSanitizado = oculto ? null : sanitizeLance(lance.valor);
FRONTEND	IDENTIFICADOR	desafio-gut/frontend/src/components/TabelaLances.jsx	156	lance	const valorSanitizado = oculto ? null : sanitizeLance(lance.valor);
FRONTEND	IDENTIFICADOR	desafio-gut/frontend/src/components/TabelaLances.jsx	157	lance	const txHash = sanitizeString(lance.txHash ?? "");
FRONTEND	IDENTIFICADOR	desafio-gut/frontend/src/components/TabelaLances.jsx	160	lance	const repetido   = !oculto && lance.repetido === true;
FRONTEND	IDENTIFICADOR	desafio-gut/frontend/src/components/TabelaLances.jsx	165	lance	const nome       = nomeOuEndereco(lance, enderecoAbrev);
FRONTEND	IDENTIFICADOR	desafio-gut/frontend/src/components/TabelaLances.jsx	244	lances	function DesktopTable({ lancesOrdenados, idxVencedor, encerrado }) {
FRONTEND	TEXTO-UI	desafio-gut/frontend/src/components/TabelaLances.jsx	254	Lance	<TH>ID do Lance</TH>
FRONTEND	IDENTIFICADOR	desafio-gut/frontend/src/components/TabelaLances.jsx	259	lances	{lancesOrdenados.map((lance, i) => {
FRONTEND	IDENTIFICADOR	desafio-gut/frontend/src/components/TabelaLances.jsx	259	lance	{lancesOrdenados.map((lance, i) => {
FRONTEND	IDENTIFICADOR	desafio-gut/frontend/src/components/TabelaLances.jsx	261	lance	const oculto = lance.oculto === true;
FRONTEND	IDENTIFICADOR	desafio-gut/frontend/src/components/TabelaLances.jsx	262	lance	const enderecoSanitizado = sanitizeAddress(lance.endereco ?? "");
FRONTEND	IDENTIFICADOR	desafio-gut/frontend/src/components/TabelaLances.jsx	263	Lance	const valorSanitizado = oculto ? null : sanitizeLance(lance.valor);
FRONTEND	IDENTIFICADOR	desafio-gut/frontend/src/components/TabelaLances.jsx	263	lance	const valorSanitizado = oculto ? null : sanitizeLance(lance.valor);
FRONTEND	IDENTIFICADOR	desafio-gut/frontend/src/components/TabelaLances.jsx	264	lance	const txHash = sanitizeString(lance.txHash ?? "");
FRONTEND	IDENTIFICADOR	desafio-gut/frontend/src/components/TabelaLances.jsx	267	lance	const repetido   = !oculto && lance.repetido === true;
FRONTEND	IDENTIFICADOR	desafio-gut/frontend/src/components/TabelaLances.jsx	272	lance	const nome       = nomeOuEndereco(lance, enderecoAbrev);
FRONTEND	IDENTIFICADOR	desafio-gut/frontend/src/components/TermosConsentimento.jsx	90	lances	comprar senhas e realizar lances.
FRONTEND	TEXTO-UI	desafio-gut/frontend/src/components/TermosConsentimento.jsx	96	LANCE	<strong style={{ color: "#f5a623" }}>O MENOR LANCE ÚNICO GANHA.</strong>
FRONTEND	IDENTIFICADOR	desafio-gut/frontend/src/components/TermosConsentimento.jsx	101	lances	lances indeterminados através de senhas, escolhendo a versão Relâmpago (Flash) ou
FRONTEND	TEXTO-UI	desafio-gut/frontend/src/components/TermosConsentimento.jsx	136	lance	<li>a) <em>"Seu lance é o menor e único até agora, parabéns"</em></li>
FRONTEND	TEXTO-UI	desafio-gut/frontend/src/components/TermosConsentimento.jsx	137	lance	<li>b) <em>"Seu lance não é o menor mas é único, tente novamente"</em></li>
FRONTEND	TEXTO-UI	desafio-gut/frontend/src/components/TermosConsentimento.jsx	138	lance	<li>c) <em>"Já recebemos um lance igual ao seu, tente novamente"</em></li>
FRONTEND	TEXTO-UI	desafio-gut/frontend/src/components/TermosConsentimento.jsx	140	Lance	<li>e) <em>"Lance inválido — envie apenas o valor, ex: 0,01"</em></li>
FRONTEND	TEXTO-UI	desafio-gut/frontend/src/components/TermosConsentimento.jsx	145	lances	<strong style={estilos.artLabel}>Art. 26</strong> — A apuração dos lances é
FRONTEND	IDENTIFICADOR	desafio-gut/frontend/src/components/TermosConsentimento.jsx	151	lance	qualquer valor de lance a partir de{" "}
FRONTEND	TEXTO-UI	desafio-gut/frontend/src/components/TermosConsentimento.jsx	197	Lance	<span>Aceito os Termos de Participação, o mecanismo "Menor Lance Único Ganha" (Art. 8) e as regras de lance (Art. 27).</span>
FRONTEND	TEXTO-UI	desafio-gut/frontend/src/components/TermosConsentimento.jsx	197	lance	<span>Aceito os Termos de Participação, o mecanismo "Menor Lance Único Ganha" (Art. 8) e as regras de lance (Art. 27).</span>
FRONTEND	IDENTIFICADOR	desafio-gut/frontend/src/context/AppContext.jsx	5	Lance	subscribeLanceDado,
FRONTEND	STRING-TECNICA	desafio-gut/frontend/src/context/AppContext.jsx	30	leilao	} from "../lib/leilaoTimer.js";
FRONTEND	COMENTARIO	desafio-gut/frontend/src/context/AppContext.jsx	42	leilão	// porque cada tipo de leilão guarda seu próprio prazo no localStorage. Cálculo
FRONTEND	COMENTARIO	desafio-gut/frontend/src/context/AppContext.jsx	44	leilao	// MC39.22.1 (EX-7): helpers puros extraídos para ../lib/leilaoTimer.js (sem
FRONTEND	STRING-TECNICA	desafio-gut/frontend/src/context/AppContext.jsx	71	lances	"gut_lances_r1",
FRONTEND	STRING-TECNICA	desafio-gut/frontend/src/context/AppContext.jsx	72	lances	"lances",
FRONTEND	STRING-TECNICA	desafio-gut/frontend/src/context/AppContext.jsx	73	LANCES	"LS_LANCES",
FRONTEND	COMENTARIO	desafio-gut/frontend/src/context/AppContext.jsx	168	leilão	// Tipo de leilão (Art. 8)
FRONTEND	IDENTIFICADOR	desafio-gut/frontend/src/context/AppContext.jsx	169	Leilao	const [tipoLeilao, setTipoLeilao] = useState("flash");
FRONTEND	IDENTIFICADOR	desafio-gut/frontend/src/context/AppContext.jsx	169	Leilao	const [tipoLeilao, setTipoLeilao] = useState("flash");
FRONTEND	COMENTARIO	desafio-gut/frontend/src/context/AppContext.jsx	176	lances	// lances on-chain (programado). lancesFlash off-chain (polling do blob).
FRONTEND	COMENTARIO	desafio-gut/frontend/src/context/AppContext.jsx	176	lances	// lances on-chain (programado). lancesFlash off-chain (polling do blob).
FRONTEND	IDENTIFICADOR	desafio-gut/frontend/src/context/AppContext.jsx	177	lances	const [lances,       setLances]       = useState([]);
FRONTEND	IDENTIFICADOR	desafio-gut/frontend/src/context/AppContext.jsx	177	Lances	const [lances,       setLances]       = useState([]);
FRONTEND	IDENTIFICADOR	desafio-gut/frontend/src/context/AppContext.jsx	178	lances	const [lancesFlash,  setLancesFlash]  = useState([]);
FRONTEND	IDENTIFICADOR	desafio-gut/frontend/src/context/AppContext.jsx	178	Lances	const [lancesFlash,  setLancesFlash]  = useState([]);
FRONTEND	IDENTIFICADOR	desafio-gut/frontend/src/context/AppContext.jsx	189	Leilao	const prazoTimestamp = tipoLeilao === "flash" ? prazoFlash : prazoProgramado;
FRONTEND	COMENTARIO	desafio-gut/frontend/src/context/AppContext.jsx	199	leilão	// ficou só a máquina de estado de fim de leilão (encerrado/overlay/lightning).
FRONTEND	IDENTIFICADOR	desafio-gut/frontend/src/context/AppContext.jsx	211	Leilao	if (tipoLeilao === "flash") {
FRONTEND	IDENTIFICADOR	desafio-gut/frontend/src/context/AppContext.jsx	218	Leilao	}, [tipoLeilao]);
FRONTEND	COMENTARIO	desafio-gut/frontend/src/context/AppContext.jsx	326	lance	// PIX aprovado = +R$. /comprar-senhas = -R$ +senhas. /lance-relampago = -R$.
FRONTEND	COMENTARIO	desafio-gut/frontend/src/context/AppContext.jsx	519	leilão	// e o que lhe aparecia era o dashboard de leilão: KPIs de lances, saldo de
FRONTEND	COMENTARIO	desafio-gut/frontend/src/context/AppContext.jsx	519	lances	// e o que lhe aparecia era o dashboard de leilão: KPIs de lances, saldo de
FRONTEND	COMENTARIO	desafio-gut/frontend/src/context/AppContext.jsx	653	lance	// a única fonte para HABILITAR ações (lance, compra, assinatura).
FRONTEND	IDENTIFICADOR	desafio-gut/frontend/src/context/AppContext.jsx	688	lances	const lancesExibidos = tipoLeilao === "flash" ? lancesFlash : lances;
FRONTEND	IDENTIFICADOR	desafio-gut/frontend/src/context/AppContext.jsx	688	Leilao	const lancesExibidos = tipoLeilao === "flash" ? lancesFlash : lances;
FRONTEND	IDENTIFICADOR	desafio-gut/frontend/src/context/AppContext.jsx	688	lances	const lancesExibidos = tipoLeilao === "flash" ? lancesFlash : lances;
FRONTEND	IDENTIFICADOR	desafio-gut/frontend/src/context/AppContext.jsx	688	lances	const lancesExibidos = tipoLeilao === "flash" ? lancesFlash : lances;
FRONTEND	COMENTARIO	desafio-gut/frontend/src/context/AppContext.jsx	690	Lance	// Vencedor — Menor Lance Único (Art. 8)
FRONTEND	IDENTIFICADOR	desafio-gut/frontend/src/context/AppContext.jsx	691	lances	const vencedor = [...lancesExibidos]
FRONTEND	COMENTARIO	desafio-gut/frontend/src/context/AppContext.jsx	711	lances	// Purga Blob server-side de lances residuais da Edição R-1 (one-shot,
FRONTEND	STRING-TECNICA	desafio-gut/frontend/src/context/AppContext.jsx	713	lances	fetch("/.netlify/functions/purge-lances", {
FRONTEND	STRING-TECNICA	desafio-gut/frontend/src/context/AppContext.jsx	718	lances	if (!resp.ok) console.warn("[GUT-DEBUG] purge-lances HTTP", resp.status);
FRONTEND	STRING-TECNICA	desafio-gut/frontend/src/context/AppContext.jsx	720	lances	console.warn("[GUT-DEBUG] purge-lances falhou", err?.message);
FRONTEND	IDENTIFICADOR	desafio-gut/frontend/src/context/AppContext.jsx	736	Leilao	}, [tipoLeilao]);
FRONTEND	COMENTARIO	desafio-gut/frontend/src/context/AppContext.jsx	738	lances	// Polling de lances flash do blob (cross-user em tempo real).
FRONTEND	IDENTIFICADOR	desafio-gut/frontend/src/context/AppContext.jsx	751	Leilao	if (tipoLeilao !== "flash") return;
FRONTEND	TEXTO-UI	desafio-gut/frontend/src/context/AppContext.jsx	761	lances	const { ok, data } = await apiGet(`lances-flash?edicaoId=${EDICAO_ATIVA}`);
FRONTEND	IDENTIFICADOR	desafio-gut/frontend/src/context/AppContext.jsx	763	Lances	if (!cancelado) setLancesFlash(data.lances || []);
FRONTEND	IDENTIFICADOR	desafio-gut/frontend/src/context/AppContext.jsx	763	lances	if (!cancelado) setLancesFlash(data.lances || []);
FRONTEND	IDENTIFICADOR	desafio-gut/frontend/src/context/AppContext.jsx	769	Leilao	}, [tipoLeilao]);
FRONTEND	COMENTARIO	desafio-gut/frontend/src/context/AppContext.jsx	771	Lance	// Listener on-chain do evento LanceDado — atualiza tabela em tempo real.
FRONTEND	IDENTIFICADOR	desafio-gut/frontend/src/context/AppContext.jsx	773	Lance	const unsubscribe = subscribeLanceDado(EDICAO_ATIVA, (lance) => {
FRONTEND	IDENTIFICADOR	desafio-gut/frontend/src/context/AppContext.jsx	773	lance	const unsubscribe = subscribeLanceDado(EDICAO_ATIVA, (lance) => {
FRONTEND	IDENTIFICADOR	desafio-gut/frontend/src/context/AppContext.jsx	774	Lances	setLances((prev) => {
FRONTEND	IDENTIFICADOR	desafio-gut/frontend/src/context/AppContext.jsx	775	lance	if (prev.some((l) => l.txHash === lance.txHash)) return prev; // dedup
FRONTEND	IDENTIFICADOR	desafio-gut/frontend/src/context/AppContext.jsx	776	lance	const valor = lance.valor;
FRONTEND	IDENTIFICADOR	desafio-gut/frontend/src/context/AppContext.jsx	780	lance	endereco: lance.endereco,
FRONTEND	IDENTIFICADOR	desafio-gut/frontend/src/context/AppContext.jsx	782	lance	repetido: lance.repetido || prev.some((l) => l.valor === valor),
FRONTEND	IDENTIFICADOR	desafio-gut/frontend/src/context/AppContext.jsx	783	lance	txHash:   lance.txHash,
FRONTEND	COMENTARIO	desafio-gut/frontend/src/context/AppContext.jsx	827	lances	// MC91.11 — saldo EFETIVO (on-chain − senhas consumidas em lances
FRONTEND	COMENTARIO	desafio-gut/frontend/src/context/AppContext.jsx	1029	lances	// lances é server-side (gate 503 nas Functions — R10); aqui é só UX/congelamento.
FRONTEND	COMENTARIO	desafio-gut/frontend/src/context/AppContext.jsx	1120	Leilao	// A edição R-1 / tipoLeilao corrente continua a usar fimDisparadoRef acima.
FRONTEND	COMENTARIO	desafio-gut/frontend/src/context/AppContext.jsx	1131	leilão	// Máquina de fim de leilão. Cálculo é ABSOLUTO: `prazo - now`. O setInterval
FRONTEND	COMENTARIO	desafio-gut/frontend/src/context/AppContext.jsx	1134	leilão	// re-renderiza apenas no fim do leilão, não a cada tick.
FRONTEND	IDENTIFICADOR	desafio-gut/frontend/src/context/AppContext.jsx	1235	LanceS	function handleLanceSucesso({ address: addr, valorCentavos, txHash, nomeExibicao }) {
FRONTEND	COMENTARIO	desafio-gut/frontend/src/context/AppContext.jsx	1236	lances	// Sentry security alert: detecta burst de lances por endereço (>10/min)
FRONTEND	IDENTIFICADOR	desafio-gut/frontend/src/context/AppContext.jsx	1241	Lance	const novoLance = {
FRONTEND	IDENTIFICADOR	desafio-gut/frontend/src/context/AppContext.jsx	1245	Leilao	const setter = tipoLeilao === "flash" ? setLancesFlash : setLances;
FRONTEND	IDENTIFICADOR	desafio-gut/frontend/src/context/AppContext.jsx	1245	Lances	const setter = tipoLeilao === "flash" ? setLancesFlash : setLances;
FRONTEND	IDENTIFICADOR	desafio-gut/frontend/src/context/AppContext.jsx	1245	Lances	const setter = tipoLeilao === "flash" ? setLancesFlash : setLances;
FRONTEND	IDENTIFICADOR	desafio-gut/frontend/src/context/AppContext.jsx	1250	Lance	{ ...novoLance, repetido: jaRepetido },
FRONTEND	IDENTIFICADOR	desafio-gut/frontend/src/context/AppContext.jsx	1259	Lances	setLances([]);
FRONTEND	IDENTIFICADOR	desafio-gut/frontend/src/context/AppContext.jsx	1260	Lances	setLancesFlash([]);
FRONTEND	IDENTIFICADOR	desafio-gut/frontend/src/context/AppContext.jsx	1266	Leilao	const dur = DURACAO[tipoLeilao];
FRONTEND	IDENTIFICADOR	desafio-gut/frontend/src/context/AppContext.jsx	1278	Leilao	tipoLeilao, setTipoLeilao,
FRONTEND	IDENTIFICADOR	desafio-gut/frontend/src/context/AppContext.jsx	1278	Leilao	tipoLeilao, setTipoLeilao,
FRONTEND	IDENTIFICADOR	desafio-gut/frontend/src/context/AppContext.jsx	1284	lances	lances: lancesExibidos,
FRONTEND	IDENTIFICADOR	desafio-gut/frontend/src/context/AppContext.jsx	1284	lances	lances: lancesExibidos,
FRONTEND	IDENTIFICADOR	desafio-gut/frontend/src/context/AppContext.jsx	1342	LanceS	handleLanceSucesso,
FRONTEND	IDENTIFICADOR	desafio-gut/frontend/src/context/AppContext.jsx	1360	Leilao	const { prazoTimestamp, tipoLeilao, prazoFlash, prazoProgramado } = useAppContext();
FRONTEND	IDENTIFICADOR	desafio-gut/frontend/src/context/AppContext.jsx	1366	Leilao	(tipoLeilao === "flash" ? prazoFlash : prazoProgramado) - Math.floor(Date.now() / 1000)
FRONTEND	COMENTARIO	desafio-gut/frontend/src/context/AppContext.jsx	1378	Lances	// (Dashboard/Vitrine/MercadoLances). Cálculo permanece absoluto; só força o render.
FRONTEND	COMENTARIO	desafio-gut/frontend/src/context/useAppContextEnvironment.jsx	11	lances	//   activeTab : 'lances' | 'carteira' | 'perfil' | 'guto'   (derivado da rota)
FRONTEND	COMENTARIO	desafio-gut/frontend/src/context/useAppContextEnvironment.jsx	16	leilão	//   celebration → disparado no fim de uma rodada de leilão com vencedor.
FRONTEND	STRING-TECNICA	desafio-gut/frontend/src/context/useAppContextEnvironment.jsx	48	lances	if (p === "/" || p.startsWith("/mercado") || p.startsWith("/corporativo/mercado")) return "lances";
FRONTEND	STRING-TECNICA	desafio-gut/frontend/src/context/useAppContextEnvironment.jsx	52	lances	return "lances";
FRONTEND	STRING-TECNICA	desafio-gut/frontend/src/context/useAppContextEnvironment.jsx	128	lances	activeTab: "lances",
FRONTEND	IDENTIFICADOR	desafio-gut/frontend/src/globals.css	361	Lances	Todos os itens do dock (Início, Lances, Carteira, Mais) recebem a MESMA cápsula
FRONTEND	IDENTIFICADOR	desafio-gut/frontend/src/globals.css	373	Lances	Extraído dos 4 cards KPI do Dashboard (Saldo, Senhas, Lances Únicos, Total de
FRONTEND	IDENTIFICADOR	desafio-gut/frontend/src/globals.css	374	Lances	Lances). Navy-based fixo (rgba(13,18,53,0.25)), blur SEMPRE ligado (mobile +
FRONTEND	IDENTIFICADOR	desafio-gut/frontend/src/hooks/useEdicoes.js	52	lances	lances: 0,
FRONTEND	IDENTIFICADOR	desafio-gut/frontend/src/hooks/useEdicoes.js	77	lances	lances: Number.isFinite(e.lances) ? e.lances : 0,
FRONTEND	IDENTIFICADOR	desafio-gut/frontend/src/hooks/useEdicoes.js	77	lances	lances: Number.isFinite(e.lances) ? e.lances : 0,
FRONTEND	IDENTIFICADOR	desafio-gut/frontend/src/hooks/useEdicoes.js	77	lances	lances: Number.isFinite(e.lances) ? e.lances : 0,
FRONTEND	IDENTIFICADOR	desafio-gut/frontend/src/hooks/useLanceFeedback.js	4	Lance	export function useLanceFeedback(edicaoId, meuValor) {
FRONTEND	TEXTO-UI	desafio-gut/frontend/src/hooks/useLanceFeedback.js	21	lances	`lances-flash?edicaoId=${encodeURIComponent(edicaoId)}&acao=verificar&valor=${encodeURIComponent(meuValor)}`
FRONTEND	STRING-TECNICA	desafio-gut/frontend/src/hooks/useLanceFeedback.js	33	Lance	console.error("[useLanceFeedback]", err);
FRONTEND	COMENTARIO	desafio-gut/frontend/src/hooks/useRealtimeConfig.js	8	lances	// NUNCA subscreve `lances` (a RLS oculta-os do anon de propósito — anti-sniping).
FRONTEND	COMENTARIO	desafio-gut/frontend/src/hooks/useRealtimeConfig.js	75	lance	canalAberto(); // item 32 — métrica: 1 canal criado (balanceado em limparCanal)
FRONTEND	COMENTARIO	desafio-gut/frontend/src/hooks/useRecursosApp.js	6	Leilao	//   { isLeilaoAtivo, isPagamentoNativoAtivo, plataforma, isLoading }
FRONTEND	COMENTARIO	desafio-gut/frontend/src/hooks/useRecursosApp.js	12	leilão	//      logo o utilizador iOS/Android em Safari/Chrome continua a ver o leilão).
FRONTEND	COMENTARIO	desafio-gut/frontend/src/hooks/useRecursosApp.js	15	leilão	// DEFAULT local resolvido para a plataforma detetada — pwa mantém o leilão ativo.
FRONTEND	IDENTIFICADOR	desafio-gut/frontend/src/hooks/useRecursosApp.js	23	Leilao	isLeilaoAtivo:          { ios: false, android: false, pwa: true },
FRONTEND	IDENTIFICADOR	desafio-gut/frontend/src/hooks/useRecursosApp.js	40	Leilao	isLeilaoAtivo: ler("isLeilaoAtivo"),
FRONTEND	STRING-TECNICA	desafio-gut/frontend/src/hooks/useRecursosApp.js	40	Leilao	isLeilaoAtivo: ler("isLeilaoAtivo"),
FRONTEND	IDENTIFICADOR	desafio-gut/frontend/src/hooks/useRecursosApp.js	63	Leilao	isLeilaoAtivo: Boolean(DEFAULT_RECURSOS.isLeilaoAtivo[plat]),
FRONTEND	IDENTIFICADOR	desafio-gut/frontend/src/hooks/useRecursosApp.js	63	Leilao	isLeilaoAtivo: Boolean(DEFAULT_RECURSOS.isLeilaoAtivo[plat]),
FRONTEND	IDENTIFICADOR	desafio-gut/frontend/src/hooks/useRecursosApp.js	100	Leilao	isLeilaoAtivo: Boolean(data.isLeilaoAtivo),
FRONTEND	IDENTIFICADOR	desafio-gut/frontend/src/hooks/useRecursosApp.js	100	Leilao	isLeilaoAtivo: Boolean(data.isLeilaoAtivo),
FRONTEND	IDENTIFICADOR	desafio-gut/frontend/src/hooks/useRecursosApp.js	111	Leilao	isLeilaoAtivo: true, // durante o load o gate é isLoading; default não penaliza PWA
FRONTEND	COMENTARIO	desafio-gut/frontend/src/hooks/useShakeOnError.js	10	lance	// NOTA: o ITEM 10 (optimistic updates no fluxo de lance on-chain) foi ADIADO por
FRONTEND	COMENTARIO	desafio-gut/frontend/src/hooks/useTrocarPorSenhas.js	6	lance	//   auth-lance (JWT lance-auth, assinatura EIP-191) -> comprar-senhas
FRONTEND	COMENTARIO	desafio-gut/frontend/src/hooks/useTrocarPorSenhas.js	6	lance	//   auth-lance (JWT lance-auth, assinatura EIP-191) -> comprar-senhas
FRONTEND	STRING-TECNICA	desafio-gut/frontend/src/hooks/useTrocarPorSenhas.js	45	lance	const { ok, data } = await apiPost("auth-lance", { endereco: address, signature, message });
FRONTEND	STRING-TECNICA	desafio-gut/frontend/src/i18n/en.js	4	lances	"nav.lances": "Bids",
FRONTEND	TEXTO-UI	desafio-gut/frontend/src/i18n/en.js	24	lance	"dash.saldo": "Balance (R$)",
FRONTEND	STRING-TECNICA	desafio-gut/frontend/src/i18n/en.js	26	lances	"dash.lancesUnicos": "Unique Bids",
FRONTEND	STRING-TECNICA	desafio-gut/frontend/src/i18n/en.js	27	Lances	"dash.totalLances": "Total Bids",
FRONTEND	STRING-TECNICA	desafio-gut/frontend/src/i18n/en.js	31	Lance	"dash.menorLanceUnico": "🏆 Lowest Unique Bid",
FRONTEND	STRING-TECNICA	desafio-gut/frontend/src/i18n/en.js	32	Lance	"dash.nenhumLanceUnico": "No unique bid yet.",
FRONTEND	STRING-TECNICA	desafio-gut/frontend/src/i18n/en.js	46	Lances	"config.notifLances": "New bids in the edition",
FRONTEND	STRING-TECNICA	desafio-gut/frontend/src/i18n/es.js	4	lances	"nav.lances": "Pujas",
FRONTEND	STRING-TECNICA	desafio-gut/frontend/src/i18n/es.js	26	lances	"dash.lancesUnicos": "Pujas Únicas",
FRONTEND	STRING-TECNICA	desafio-gut/frontend/src/i18n/es.js	27	Lances	"dash.totalLances": "Total de Pujas",
FRONTEND	STRING-TECNICA	desafio-gut/frontend/src/i18n/es.js	31	Lance	"dash.menorLanceUnico": "🏆 Puja Única Más Baja",
FRONTEND	STRING-TECNICA	desafio-gut/frontend/src/i18n/es.js	32	Lance	"dash.nenhumLanceUnico": "Aún no hay puja única.",
FRONTEND	STRING-TECNICA	desafio-gut/frontend/src/i18n/es.js	46	Lances	"config.notifLances": "Nuevas pujas en la edición",
FRONTEND	STRING-TECNICA	desafio-gut/frontend/src/i18n/pt.js	6	lances	"nav.lances": "Lances",
FRONTEND	STRING-TECNICA	desafio-gut/frontend/src/i18n/pt.js	6	Lances	"nav.lances": "Lances",
FRONTEND	TEXTO-UI	desafio-gut/frontend/src/i18n/pt.js	26	lance	"dash.facaLogin": "Faça login para participar e dar seu lance agora.",
FRONTEND	STRING-TECNICA	desafio-gut/frontend/src/i18n/pt.js	29	lances	"dash.lancesUnicos": "Lances Únicos",
FRONTEND	TEXTO-UI	desafio-gut/frontend/src/i18n/pt.js	29	Lances	"dash.lancesUnicos": "Lances Únicos",
FRONTEND	STRING-TECNICA	desafio-gut/frontend/src/i18n/pt.js	30	Lances	"dash.totalLances": "Total de Lances",
FRONTEND	TEXTO-UI	desafio-gut/frontend/src/i18n/pt.js	30	Lances	"dash.totalLances": "Total de Lances",
FRONTEND	STRING-TECNICA	desafio-gut/frontend/src/i18n/pt.js	35	Lance	"dash.menorLanceUnico": "🏆 Menor Lance Único",
FRONTEND	TEXTO-UI	desafio-gut/frontend/src/i18n/pt.js	35	Lance	"dash.menorLanceUnico": "🏆 Menor Lance Único",
FRONTEND	STRING-TECNICA	desafio-gut/frontend/src/i18n/pt.js	36	Lance	"dash.nenhumLanceUnico": "Nenhum lance único ainda.",
FRONTEND	TEXTO-UI	desafio-gut/frontend/src/i18n/pt.js	36	lance	"dash.nenhumLanceUnico": "Nenhum lance único ainda.",
FRONTEND	STRING-TECNICA	desafio-gut/frontend/src/i18n/pt.js	51	Lances	"config.notifLances": "Novos lances na edição",
FRONTEND	TEXTO-UI	desafio-gut/frontend/src/i18n/pt.js	51	lances	"config.notifLances": "Novos lances na edição",
FRONTEND	COMENTARIO	desafio-gut/frontend/src/lib/adminNav.js	108	lances	// aterram a reconciliação e a exportação do P2, e os lances quando existirem.
FRONTEND	COMENTARIO	desafio-gut/frontend/src/lib/analytics.js	11	leilão	// gravados pelo endpoint e decide se dispara um leilão relâmpago automático.
FRONTEND	COMENTARIO	desafio-gut/frontend/src/lib/leilaoLock.js	6	leilão	// para reativar todos os cronômetros de uma vez quando o leilão abrir.
FRONTEND	COMENTARIO	desafio-gut/frontend/src/lib/leilaoLock.js	8	Lances	// Coerente com a decisão MC65 (Hero "EM BREVE" permanente na aba Lances).
FRONTEND	COMENTARIO	desafio-gut/frontend/src/lib/leilaoTimer.js	1	leilao	// src/lib/leilaoTimer.js — helpers puros de persistência do prazo do leilão (MC39.22.1 — EX-7).
FRONTEND	COMENTARIO	desafio-gut/frontend/src/lib/leilaoTimer.js	1	leilão	// src/lib/leilaoTimer.js — helpers puros de persistência do prazo do leilão (MC39.22.1 — EX-7).
FRONTEND	COMENTARIO	desafio-gut/frontend/src/lib/leilaoTimer.js	3	leilão	// Extraídos de AppContext.jsx SEM alteração de comportamento. O timer do leilão é
FRONTEND	COMENTARIO	desafio-gut/frontend/src/lib/leilaoTimer.js	12	Leilao	// AppContext — está entrelaçada com tipoLeilao/notificações/encerrado e NÃO é
FRONTEND	COMENTARIO	desafio-gut/frontend/src/lib/leilaoTimer.js	13	leilão	// duplicação. Movê-la para um hook seria reescrita do núcleo do leilão, não
FRONTEND	COMENTARIO	desafio-gut/frontend/src/lib/sentry-alerts.js	15	lances	const LIMIAR_BURST_COMPR = 10;  // compras/lances do mesmo endereco em 1 min
FRONTEND	COMENTARIO	desafio-gut/frontend/src/lib/sentry-alerts.js	59	lances	// ── Burst de compras / lances do mesmo endereço ─────────────────────────────
FRONTEND	COMENTARIO	desafio-gut/frontend/src/lib/sentryLazy.js	28	lance	// profundidade contra vazar hash de prova de intenção do lance. (Movido do
FRONTEND	COMENTARIO	desafio-gut/frontend/src/lib/sentryLazy.js	88	lance	// saldos, valores de lance, códigos de indicação e dados de carteira.
FRONTEND	IDENTIFICADOR	desafio-gut/frontend/src/pages/Configuracoes.jsx	24	Lances	const [notifLances,    setNotifLances]    = useState(true);
FRONTEND	IDENTIFICADOR	desafio-gut/frontend/src/pages/Configuracoes.jsx	24	Lances	const [notifLances,    setNotifLances]    = useState(true);
FRONTEND	STRING-TECNICA	desafio-gut/frontend/src/pages/Configuracoes.jsx	108	Lances	{ label: t("config.notifLances"),      value: notifLances,   setter: setNotifLances   },
FRONTEND	IDENTIFICADOR	desafio-gut/frontend/src/pages/Configuracoes.jsx	108	Lances	{ label: t("config.notifLances"),      value: notifLances,   setter: setNotifLances   },
FRONTEND	IDENTIFICADOR	desafio-gut/frontend/src/pages/Configuracoes.jsx	108	Lances	{ label: t("config.notifLances"),      value: notifLances,   setter: setNotifLances   },
FRONTEND	IDENTIFICADOR	desafio-gut/frontend/src/pages/Configuracoes.jsx	190	Lances	{/* MC67 (item 8) — card "Segurança e Transparência" movido da aba Lances.
FRONTEND	TEXTO-UI	desafio-gut/frontend/src/pages/Configuracoes.jsx	197	lance	["Proteção",    "Cada lance é assinado e protegido no seu dispositivo."],
FRONTEND	TEXTO-UI	desafio-gut/frontend/src/pages/Configuracoes.jsx	201	Lance	["Art. 27",     "Lance mínimo: R$ 0,01 · máx. 2 casas decimais."],
FRONTEND	COMENTARIO	desafio-gut/frontend/src/pages/CorporativoBanners.jsx	22	lance	const { getAuthToken } = useTrocarPorSenhas(); // lance-auth para o POST /banners
FRONTEND	IDENTIFICADOR	desafio-gut/frontend/src/pages/CorporativoBanners.jsx	172	lance	botão "Novo banner"; usa lance-auth (getAuthToken) para o POST /banners. */}
FRONTEND	TEXTO-UI	desafio-gut/frontend/src/pages/CorporativoCarteira.jsx	35	Leilões	beneficios: "Leilões Programados 24h · 10 vouchers/mês · Analytics 90d" },
FRONTEND	COMENTARIO	desafio-gut/frontend/src/pages/CorporativoCarteira.jsx	52	lance	const { getAuthToken } = useTrocarPorSenhas(); // lance-auth para converter troco
FRONTEND	IDENTIFICADOR	desafio-gut/frontend/src/pages/CorporativoCarteira.jsx	203	leilões	Atenção: {expiramEmBreve} senha(s) expiram nos próximos 5 dias. Use-as nos leilões.
FRONTEND	IDENTIFICADOR	desafio-gut/frontend/src/pages/CorporativoCarteira.jsx	215	lances	Ir dar lances
FRONTEND	IDENTIFICADOR	desafio-gut/frontend/src/pages/Dashboard.jsx	7	Leilao	import FimLeilaoOverlay from "../components/FimLeilaoOverlay.jsx";
FRONTEND	STRING-TECNICA	desafio-gut/frontend/src/pages/Dashboard.jsx	7	Leilao	import FimLeilaoOverlay from "../components/FimLeilaoOverlay.jsx";
FRONTEND	TEXTO-UI	desafio-gut/frontend/src/pages/Dashboard.jsx	40	Lance	{ label: "Dar Lance",         icon: "🎯", to: "/mercado"       },
FRONTEND	IDENTIFICADOR	desafio-gut/frontend/src/pages/Dashboard.jsx	53	lances	lances, vencedor,
FRONTEND	IDENTIFICADOR	desafio-gut/frontend/src/pages/Dashboard.jsx	56	Leilao	encerrado, tipoLeilao, DURACAO,
FRONTEND	COMENTARIO	desafio-gut/frontend/src/pages/Dashboard.jsx	60	Lance	// (CardLance, AuthArea, MercadoLances, …), que não foram tocados.
FRONTEND	COMENTARIO	desafio-gut/frontend/src/pages/Dashboard.jsx	60	Lances	// (CardLance, AuthArea, MercadoLances, …), que não foram tocados.
FRONTEND	IDENTIFICADOR	desafio-gut/frontend/src/pages/Dashboard.jsx	78	Leilao	tipo: tipoLeilao === "flash" ? "relampago" : "programado",
FRONTEND	IDENTIFICADOR	desafio-gut/frontend/src/pages/Dashboard.jsx	99	Lances	const totalLances  = lances.length;
FRONTEND	IDENTIFICADOR	desafio-gut/frontend/src/pages/Dashboard.jsx	99	lances	const totalLances  = lances.length;
FRONTEND	IDENTIFICADOR	desafio-gut/frontend/src/pages/Dashboard.jsx	100	lances	const lancesUnicos = lances.filter((l) => !l.repetido).length;
FRONTEND	IDENTIFICADOR	desafio-gut/frontend/src/pages/Dashboard.jsx	100	lances	const lancesUnicos = lances.filter((l) => !l.repetido).length;
FRONTEND	COMENTARIO	desafio-gut/frontend/src/pages/Dashboard.jsx	114	lance	// comprar-senhas → -R$, lance-relâmpago → -R$). "Senhas" = saldoSenhas
FRONTEND	TEXTO-UI	desafio-gut/frontend/src/pages/Dashboard.jsx	127	Lances	{ label: "Lances Únicos",   value: lancesUnicos,                     color: COR.success, icon: "✅", to: "/mercado"  },
FRONTEND	IDENTIFICADOR	desafio-gut/frontend/src/pages/Dashboard.jsx	127	lances	{ label: "Lances Únicos",   value: lancesUnicos,                     color: COR.success, icon: "✅", to: "/mercado"  },
FRONTEND	TEXTO-UI	desafio-gut/frontend/src/pages/Dashboard.jsx	128	Lances	{ label: "Total de Lances", value: totalLances,                      color: COR.amber,   icon: "📊", to: "/ativos"   },
FRONTEND	IDENTIFICADOR	desafio-gut/frontend/src/pages/Dashboard.jsx	128	Lances	{ label: "Total de Lances", value: totalLances,                      color: COR.amber,   icon: "📊", to: "/ativos"   },
FRONTEND	TEXTO-UI	desafio-gut/frontend/src/pages/Dashboard.jsx	213	lances	? "Acompanhe seus dados e acesse o mercado de lances."
FRONTEND	TEXTO-UI	desafio-gut/frontend/src/pages/Dashboard.jsx	214	lance	: "Faça login para participar e dar seu lance agora."}
FRONTEND	IDENTIFICADOR	desafio-gut/frontend/src/pages/Dashboard.jsx	240	leilão	{/* Status do leilão */}
FRONTEND	IDENTIFICADOR	desafio-gut/frontend/src/pages/Dashboard.jsx	296	Leilao	color: estAtiva.timer ? estAtiva.cor : (encerrado ? COR.danger : timerColor(tempoRestante, DURACAO?.[tipoLeilao])),
FRONTEND	IDENTIFICADOR	desafio-gut/frontend/src/pages/Dashboard.jsx	306	leilão	coisa; o tipo de leilão (Relâmpago/Programado) é factual e fica. */}
FRONTEND	IDENTIFICADOR	desafio-gut/frontend/src/pages/Dashboard.jsx	307	Leilao	{estAtiva.encerrada ? "ENCERRADO" : tipoLeilao === "flash" ? "⚡ Relâmpago" : "🎫 Programado"}
FRONTEND	IDENTIFICADOR	desafio-gut/frontend/src/pages/Dashboard.jsx	334	Lances	⚡ Ir para o Mercado de Lances
FRONTEND	TEXTO-UI	desafio-gut/frontend/src/pages/Dashboard.jsx	340	Lance	<h3 style={cardTitulo}>🏆 Menor Lance Único</h3>
FRONTEND	TEXTO-UI	desafio-gut/frontend/src/pages/Dashboard.jsx	364	lance	<div>Nenhum lance único ainda.</div>
FRONTEND	IDENTIFICADOR	desafio-gut/frontend/src/pages/Dashboard.jsx	429	leilão	{/* MC16 — overlay de fim de leilão (relâmpago e programado) */}
FRONTEND	IDENTIFICADOR	desafio-gut/frontend/src/pages/Dashboard.jsx	431	Leilao	<FimLeilaoOverlay
FRONTEND	IDENTIFICADOR	desafio-gut/frontend/src/pages/Dashboard.jsx	433	Leilao	tipoLeilao={tipoLeilao}
FRONTEND	IDENTIFICADOR	desafio-gut/frontend/src/pages/Dashboard.jsx	433	Leilao	tipoLeilao={tipoLeilao}
FRONTEND	COMENTARIO	desafio-gut/frontend/src/pages/DetalheProduto.jsx	3	lance	// Exibe foto, descrição, preço, loja, GUTO apresentador, input de lance,
FRONTEND	COMENTARIO	desafio-gut/frontend/src/pages/DetalheProduto.jsx	4	LanceS	// LanceStatusBadge, cronômetro da edição e histórico de lances.
FRONTEND	COMENTARIO	desafio-gut/frontend/src/pages/DetalheProduto.jsx	4	lances	// LanceStatusBadge, cronômetro da edição e histórico de lances.
FRONTEND	COMENTARIO	desafio-gut/frontend/src/pages/DetalheProduto.jsx	5	lance	// MC23.3 — cards migrados para GlassCard (foto + input lance).
FRONTEND	IDENTIFICADOR	desafio-gut/frontend/src/pages/DetalheProduto.jsx	13	LanceS	import LanceStatusBadge from "../components/LanceStatusBadge.jsx";
FRONTEND	STRING-TECNICA	desafio-gut/frontend/src/pages/DetalheProduto.jsx	13	LanceS	import LanceStatusBadge from "../components/LanceStatusBadge.jsx";
FRONTEND	IDENTIFICADOR	desafio-gut/frontend/src/pages/DetalheProduto.jsx	38	lances	const { prazoFlash, prazoProgramado, lances, vencedor, encerrado } = useAppContext();
FRONTEND	COMENTARIO	desafio-gut/frontend/src/pages/DetalheProduto.jsx	45	Lance	// Lance input state
FRONTEND	IDENTIFICADOR	desafio-gut/frontend/src/pages/DetalheProduto.jsx	46	lance	const [lanceValor, setLanceValor] = useState("");
FRONTEND	IDENTIFICADOR	desafio-gut/frontend/src/pages/DetalheProduto.jsx	46	Lance	const [lanceValor, setLanceValor] = useState("");
FRONTEND	IDENTIFICADOR	desafio-gut/frontend/src/pages/DetalheProduto.jsx	47	lanceS	const [lanceStatus, setLanceStatus] = useState(null); // { unico, valor }
FRONTEND	IDENTIFICADOR	desafio-gut/frontend/src/pages/DetalheProduto.jsx	47	LanceS	const [lanceStatus, setLanceStatus] = useState(null); // { unico, valor }
FRONTEND	IDENTIFICADOR	desafio-gut/frontend/src/pages/DetalheProduto.jsx	48	lance	const [lanceMudou, setLanceMudou] = useState(false);
FRONTEND	IDENTIFICADOR	desafio-gut/frontend/src/pages/DetalheProduto.jsx	48	Lance	const [lanceMudou, setLanceMudou] = useState(false);
FRONTEND	IDENTIFICADOR	desafio-gut/frontend/src/pages/DetalheProduto.jsx	49	Lance	const [ultimoLanceValor, setUltimoLanceValor] = useState(null);
FRONTEND	IDENTIFICADOR	desafio-gut/frontend/src/pages/DetalheProduto.jsx	49	Lance	const [ultimoLanceValor, setUltimoLanceValor] = useState(null);
FRONTEND	IDENTIFICADOR	desafio-gut/frontend/src/pages/DetalheProduto.jsx	73	Lance	const verificarLance = (valor) => {
FRONTEND	IDENTIFICADOR	desafio-gut/frontend/src/pages/DetalheProduto.jsx	74	lances	if (!valor || !lances || lances.length === 0) {
FRONTEND	IDENTIFICADOR	desafio-gut/frontend/src/pages/DetalheProduto.jsx	74	lances	if (!valor || !lances || lances.length === 0) {
FRONTEND	IDENTIFICADOR	desafio-gut/frontend/src/pages/DetalheProduto.jsx	75	LanceS	setLanceStatus(null);
FRONTEND	IDENTIFICADOR	desafio-gut/frontend/src/pages/DetalheProduto.jsx	76	Lance	setLanceMudou(false);
FRONTEND	IDENTIFICADOR	desafio-gut/frontend/src/pages/DetalheProduto.jsx	80	lances	const ocorrencias = lances.filter((l) => l.valor === v).length;
FRONTEND	IDENTIFICADOR	desafio-gut/frontend/src/pages/DetalheProduto.jsx	82	LanceS	setLanceStatus({ unico, valor: v });
FRONTEND	IDENTIFICADOR	desafio-gut/frontend/src/pages/DetalheProduto.jsx	84	Lance	if (ultimoLanceValor !== null && ultimoLanceValor !== v) {
FRONTEND	IDENTIFICADOR	desafio-gut/frontend/src/pages/DetalheProduto.jsx	84	Lance	if (ultimoLanceValor !== null && ultimoLanceValor !== v) {
FRONTEND	IDENTIFICADOR	desafio-gut/frontend/src/pages/DetalheProduto.jsx	85	Lance	setLanceMudou(ocorrencias > 1);
FRONTEND	IDENTIFICADOR	desafio-gut/frontend/src/pages/DetalheProduto.jsx	87	Lance	setUltimoLanceValor(v);
FRONTEND	IDENTIFICADOR	desafio-gut/frontend/src/pages/DetalheProduto.jsx	90	Lance	const handleLanceChange = (e) => {
FRONTEND	IDENTIFICADOR	desafio-gut/frontend/src/pages/DetalheProduto.jsx	92	Lance	setLanceValor(val);
FRONTEND	IDENTIFICADOR	desafio-gut/frontend/src/pages/DetalheProduto.jsx	94	Lance	verificarLance(Number(val));
FRONTEND	IDENTIFICADOR	desafio-gut/frontend/src/pages/DetalheProduto.jsx	96	LanceS	setLanceStatus(null);
FRONTEND	IDENTIFICADOR	desafio-gut/frontend/src/pages/DetalheProduto.jsx	97	Lance	setLanceMudou(false);
FRONTEND	COMENTARIO	desafio-gut/frontend/src/pages/DetalheProduto.jsx	101	lances	// Ordena os lances do produto (se houver filtro por edição)
FRONTEND	IDENTIFICADOR	desafio-gut/frontend/src/pages/DetalheProduto.jsx	102	lances	const lancesProduto = lances || [];
FRONTEND	IDENTIFICADOR	desafio-gut/frontend/src/pages/DetalheProduto.jsx	102	lances	const lancesProduto = lances || [];
FRONTEND	IDENTIFICADOR	desafio-gut/frontend/src/pages/DetalheProduto.jsx	167	Lance	{/* Info + Lance */}
FRONTEND	IDENTIFICADOR	desafio-gut/frontend/src/pages/DetalheProduto.jsx	220	Lance	{/* Lance Status Badge */}
FRONTEND	IDENTIFICADOR	desafio-gut/frontend/src/pages/DetalheProduto.jsx	221	LanceS	<LanceStatusBadge valor={lanceStatus?.valor || 0} status={lanceStatus} mudou={lanceMudou} />
FRONTEND	IDENTIFICADOR	desafio-gut/frontend/src/pages/DetalheProduto.jsx	221	lanceS	<LanceStatusBadge valor={lanceStatus?.valor || 0} status={lanceStatus} mudou={lanceMudou} />
FRONTEND	IDENTIFICADOR	desafio-gut/frontend/src/pages/DetalheProduto.jsx	221	lanceS	<LanceStatusBadge valor={lanceStatus?.valor || 0} status={lanceStatus} mudou={lanceMudou} />
FRONTEND	IDENTIFICADOR	desafio-gut/frontend/src/pages/DetalheProduto.jsx	221	lance	<LanceStatusBadge valor={lanceStatus?.valor || 0} status={lanceStatus} mudou={lanceMudou} />
FRONTEND	IDENTIFICADOR	desafio-gut/frontend/src/pages/DetalheProduto.jsx	223	lance	{/* Input de lance */}
FRONTEND	IDENTIFICADOR	desafio-gut/frontend/src/pages/DetalheProduto.jsx	227	lance	🎯 Seu lance (centavos) — menor lance único vence
FRONTEND	IDENTIFICADOR	desafio-gut/frontend/src/pages/DetalheProduto.jsx	227	lance	🎯 Seu lance (centavos) — menor lance único vence
FRONTEND	IDENTIFICADOR	desafio-gut/frontend/src/pages/DetalheProduto.jsx	232	lance	value={lanceValor}
FRONTEND	IDENTIFICADOR	desafio-gut/frontend/src/pages/DetalheProduto.jsx	233	Lance	onChange={handleLanceChange}
FRONTEND	IDENTIFICADOR	desafio-gut/frontend/src/pages/DetalheProduto.jsx	244	lance	disabled={!lanceValor || Number(lanceValor) <= 0}
FRONTEND	IDENTIFICADOR	desafio-gut/frontend/src/pages/DetalheProduto.jsx	244	lance	disabled={!lanceValor || Number(lanceValor) <= 0}
FRONTEND	IDENTIFICADOR	desafio-gut/frontend/src/pages/DetalheProduto.jsx	250	lance	opacity: (!lanceValor || Number(lanceValor) <= 0) ? 0.5 : 1,
FRONTEND	IDENTIFICADOR	desafio-gut/frontend/src/pages/DetalheProduto.jsx	250	lance	opacity: (!lanceValor || Number(lanceValor) <= 0) ? 0.5 : 1,
FRONTEND	IDENTIFICADOR	desafio-gut/frontend/src/pages/DetalheProduto.jsx	254	Lance	🎯 Dar Lance
FRONTEND	IDENTIFICADOR	desafio-gut/frontend/src/pages/DetalheProduto.jsx	274	lances	{/* Histórico de lances */}
FRONTEND	IDENTIFICADOR	desafio-gut/frontend/src/pages/DetalheProduto.jsx	288	Lances	📊 Histórico de Lances — {produto.edicaoId || "R-1"}
FRONTEND	IDENTIFICADOR	desafio-gut/frontend/src/pages/DetalheProduto.jsx	290	lances	{lancesProduto.length === 0 ? (
FRONTEND	TEXTO-UI	desafio-gut/frontend/src/pages/DetalheProduto.jsx	291	lance	<p style={{ color: COR.muted, fontSize: "0.82rem" }}>Nenhum lance registrado ainda. Seja o primeiro!</p>
FRONTEND	IDENTIFICADOR	desafio-gut/frontend/src/pages/DetalheProduto.jsx	304	lances	{lancesProduto.map((l, i) => (
FRONTEND	COMENTARIO	desafio-gut/frontend/src/pages/EdicaoDetalhe.jsx	7	lance	// edicoesTick), consistente com o resto do app. Sem lógica de lance/RBAC (só leitura).
FRONTEND	IDENTIFICADOR	desafio-gut/frontend/src/pages/EdicaoDetalhe.jsx	67	lances	(pode ter encerrado). Veja as edições em andamento no início ou vá ao mercado de lances.
FRONTEND	TEXTO-UI	desafio-gut/frontend/src/pages/EdicaoDetalhe.jsx	77	Lances	>⚡ Ir para o Mercado de Lances</button>
FRONTEND	IDENTIFICADOR	desafio-gut/frontend/src/pages/EdicaoDetalhe.jsx	124	lances	{edicao.lances ?? 0} lance(s) registrado(s)
FRONTEND	IDENTIFICADOR	desafio-gut/frontend/src/pages/EdicaoDetalhe.jsx	124	lance	{edicao.lances ?? 0} lance(s) registrado(s)
FRONTEND	TEXTO-UI	desafio-gut/frontend/src/pages/EdicaoDetalhe.jsx	149	Lances	>⚡ Ir para o Mercado de Lances</button>
FRONTEND	TEXTO-UI	desafio-gut/frontend/src/pages/ExcluirConta.jsx	66	lances	<li>Histórico de lances e perfil</li>
FRONTEND	TEXTO-UI	desafio-gut/frontend/src/pages/ExcluirConta.jsx	74	lances	<li>Saldo de senhas e lances já gravados na blockchain — imutáveis por natureza, identificados apenas pela carteira.</li>
FRONTEND	IDENTIFICADOR	desafio-gut/frontend/src/pages/MercadoLances.jsx	5	Lance	import { useLanceFeedback } from "../hooks/useLanceFeedback.js";
FRONTEND	STRING-TECNICA	desafio-gut/frontend/src/pages/MercadoLances.jsx	5	Lance	import { useLanceFeedback } from "../hooks/useLanceFeedback.js";
FRONTEND	IDENTIFICADOR	desafio-gut/frontend/src/pages/MercadoLances.jsx	6	Lance	import CardLance from "../components/CardLance.jsx";
FRONTEND	STRING-TECNICA	desafio-gut/frontend/src/pages/MercadoLances.jsx	6	Lance	import CardLance from "../components/CardLance.jsx";
FRONTEND	IDENTIFICADOR	desafio-gut/frontend/src/pages/MercadoLances.jsx	7	LanceS	import LanceStatusBadge from "../components/LanceStatusBadge.jsx";
FRONTEND	STRING-TECNICA	desafio-gut/frontend/src/pages/MercadoLances.jsx	7	LanceS	import LanceStatusBadge from "../components/LanceStatusBadge.jsx";
FRONTEND	IDENTIFICADOR	desafio-gut/frontend/src/pages/MercadoLances.jsx	8	Lances	import TabelaLances from "../components/TabelaLances.jsx";
FRONTEND	STRING-TECNICA	desafio-gut/frontend/src/pages/MercadoLances.jsx	8	Lances	import TabelaLances from "../components/TabelaLances.jsx";
FRONTEND	COMENTARIO	desafio-gut/frontend/src/pages/MercadoLances.jsx	16	leilão	// REQ-01: descobre o cliente cujo leilão está ativo no momento, conforme
FRONTEND	COMENTARIO	desafio-gut/frontend/src/pages/MercadoLances.jsx	17	Leilao	// a categoria correspondente ao tipoLeilao atual. Sem cota cadastrada:
FRONTEND	IDENTIFICADOR	desafio-gut/frontend/src/pages/MercadoLances.jsx	23	Leilao	async function buscarClienteDoLeilaoAtivo(tipo) {
FRONTEND	IDENTIFICADOR	desafio-gut/frontend/src/pages/MercadoLances.jsx	86	Leilao	function OverlayVencedor({ vencedor, tipoLeilao, onNovaRodada, EDICAO_ATIVA, isMobile }) {
FRONTEND	TEXTO-UI	desafio-gut/frontend/src/pages/MercadoLances.jsx	126	LEILÃO	}}>LEILÃO ENCERRADO</h2>
FRONTEND	IDENTIFICADOR	desafio-gut/frontend/src/pages/MercadoLances.jsx	130	Leilao	{" · "}{tipoLeilao === "flash" ? "⚡ Relâmpago" : "🎫 Programado"}
FRONTEND	IDENTIFICADOR	desafio-gut/frontend/src/pages/MercadoLances.jsx	149	lance	Nenhum lance único registrado.
FRONTEND	IDENTIFICADOR	desafio-gut/frontend/src/pages/MercadoLances.jsx	166	Lances	export default function MercadoLances() {
FRONTEND	IDENTIFICADOR	desafio-gut/frontend/src/pages/MercadoLances.jsx	170	Leilao	tipoLeilao, setTipoLeilao,
FRONTEND	IDENTIFICADOR	desafio-gut/frontend/src/pages/MercadoLances.jsx	170	Leilao	tipoLeilao, setTipoLeilao,
FRONTEND	IDENTIFICADOR	desafio-gut/frontend/src/pages/MercadoLances.jsx	171	lances	lances,
FRONTEND	IDENTIFICADOR	desafio-gut/frontend/src/pages/MercadoLances.jsx	177	LanceS	handleLanceSucesso, handleNovaRodada,
FRONTEND	COMENTARIO	desafio-gut/frontend/src/pages/MercadoLances.jsx	179	Lances	// MC66 (Direção C) — o cronômetro vivo foi removido da aba Lances ("EM BREVE"
FRONTEND	COMENTARIO	desafio-gut/frontend/src/pages/MercadoLances.jsx	184	Leilao	// (isLeilaoAtivo=false) os componentes de leilão NÃO são montados; em seu
FRONTEND	COMENTARIO	desafio-gut/frontend/src/pages/MercadoLances.jsx	184	leilão	// (isLeilaoAtivo=false) os componentes de leilão NÃO são montados; em seu
FRONTEND	COMENTARIO	desafio-gut/frontend/src/pages/MercadoLances.jsx	185	leilão	// lugar uma vista de conformidade declara que o leilão está na versão Web.
FRONTEND	IDENTIFICADOR	desafio-gut/frontend/src/pages/MercadoLances.jsx	186	Leilao	const { isLeilaoAtivo, isLoading: recursosCarregando } = useRecursosApp();
FRONTEND	COMENTARIO	desafio-gut/frontend/src/pages/MercadoLances.jsx	188	lance	// ── Feedback de lance em tempo real ──
FRONTEND	IDENTIFICADOR	desafio-gut/frontend/src/pages/MercadoLances.jsx	189	Lance	const [meuUltimoLance, setMeuUltimoLance] = useState(null); // { valor, edicao }
FRONTEND	IDENTIFICADOR	desafio-gut/frontend/src/pages/MercadoLances.jsx	189	Lance	const [meuUltimoLance, setMeuUltimoLance] = useState(null); // { valor, edicao }
FRONTEND	IDENTIFICADOR	desafio-gut/frontend/src/pages/MercadoLances.jsx	190	lanceS	const { status: lanceStatus, mudou: lanceMudou } = useLanceFeedback(
FRONTEND	IDENTIFICADOR	desafio-gut/frontend/src/pages/MercadoLances.jsx	190	lance	const { status: lanceStatus, mudou: lanceMudou } = useLanceFeedback(
FRONTEND	IDENTIFICADOR	desafio-gut/frontend/src/pages/MercadoLances.jsx	190	Lance	const { status: lanceStatus, mudou: lanceMudou } = useLanceFeedback(
FRONTEND	IDENTIFICADOR	desafio-gut/frontend/src/pages/MercadoLances.jsx	191	Lance	meuUltimoLance?.edicao ?? null,
FRONTEND	IDENTIFICADOR	desafio-gut/frontend/src/pages/MercadoLances.jsx	192	Lance	meuUltimoLance?.valor ?? null
FRONTEND	IDENTIFICADOR	desafio-gut/frontend/src/pages/MercadoLances.jsx	195	LanceS	const onLanceSucessoWrapper = useCallback((info) => {
FRONTEND	IDENTIFICADOR	desafio-gut/frontend/src/pages/MercadoLances.jsx	196	Lance	setMeuUltimoLance({ valor: info.valorCentavos, edicao: EDICAO_ATIVA });
FRONTEND	IDENTIFICADOR	desafio-gut/frontend/src/pages/MercadoLances.jsx	197	LanceS	handleLanceSucesso?.(info);
FRONTEND	IDENTIFICADOR	desafio-gut/frontend/src/pages/MercadoLances.jsx	198	LanceS	}, [handleLanceSucesso, EDICAO_ATIVA]);
FRONTEND	COMENTARIO	desafio-gut/frontend/src/pages/MercadoLances.jsx	200	leilão	// REQ-01: banner do cliente do leilão ativo.
FRONTEND	IDENTIFICADOR	desafio-gut/frontend/src/pages/MercadoLances.jsx	204	Leilao	buscarClienteDoLeilaoAtivo(tipoLeilao).then((c) => { if (!cancelado) setClienteAtivo(c); });
FRONTEND	IDENTIFICADOR	desafio-gut/frontend/src/pages/MercadoLances.jsx	204	Leilao	buscarClienteDoLeilaoAtivo(tipoLeilao).then((c) => { if (!cancelado) setClienteAtivo(c); });
FRONTEND	IDENTIFICADOR	desafio-gut/frontend/src/pages/MercadoLances.jsx	206	Leilao	}, [tipoLeilao]);
FRONTEND	COMENTARIO	desafio-gut/frontend/src/pages/MercadoLances.jsx	209	leilão	// vista de conformidade quando o leilão não está ativo nesta plataforma.
FRONTEND	COMENTARIO	desafio-gut/frontend/src/pages/MercadoLances.jsx	210	leilão	// Os componentes de leilão (CardLance, TabelaLances, timers) ficam DESMONTADOS.
FRONTEND	COMENTARIO	desafio-gut/frontend/src/pages/MercadoLances.jsx	210	Lance	// Os componentes de leilão (CardLance, TabelaLances, timers) ficam DESMONTADOS.
FRONTEND	COMENTARIO	desafio-gut/frontend/src/pages/MercadoLances.jsx	210	Lances	// Os componentes de leilão (CardLance, TabelaLances, timers) ficam DESMONTADOS.
FRONTEND	IDENTIFICADOR	desafio-gut/frontend/src/pages/MercadoLances.jsx	212	Leilao	if (!isLeilaoAtivo)     return <MercadoConformidade isMobile={isMobile} />;
FRONTEND	IDENTIFICADOR	desafio-gut/frontend/src/pages/MercadoLances.jsx	221	Leilao	tipoLeilao={tipoLeilao}
FRONTEND	IDENTIFICADOR	desafio-gut/frontend/src/pages/MercadoLances.jsx	221	Leilao	tipoLeilao={tipoLeilao}
FRONTEND	IDENTIFICADOR	desafio-gut/frontend/src/pages/MercadoLances.jsx	241	Leilao	tipoLeilao={tipoLeilao}
FRONTEND	IDENTIFICADOR	desafio-gut/frontend/src/pages/MercadoLances.jsx	241	Leilao	tipoLeilao={tipoLeilao}
FRONTEND	IDENTIFICADOR	desafio-gut/frontend/src/pages/MercadoLances.jsx	242	Leilao	setTipoLeilao={setTipoLeilao}
FRONTEND	IDENTIFICADOR	desafio-gut/frontend/src/pages/MercadoLances.jsx	242	Leilao	setTipoLeilao={setTipoLeilao}
FRONTEND	IDENTIFICADOR	desafio-gut/frontend/src/pages/MercadoLances.jsx	247	leilão	{/* ── Banner do cliente do leilão ativo (REQ-01) ── */}
FRONTEND	IDENTIFICADOR	desafio-gut/frontend/src/pages/MercadoLances.jsx	262	Leilão	Leilão {tipoLeilao === "flash" ? "⚡ Relâmpago" : "🎫 Programado"} ·
FRONTEND	IDENTIFICADOR	desafio-gut/frontend/src/pages/MercadoLances.jsx	262	Leilao	Leilão {tipoLeilao === "flash" ? "⚡ Relâmpago" : "🎫 Programado"} ·
FRONTEND	IDENTIFICADOR	desafio-gut/frontend/src/pages/MercadoLances.jsx	279	Lance	<CardLance
FRONTEND	IDENTIFICADOR	desafio-gut/frontend/src/pages/MercadoLances.jsx	281	LanceS	onLanceSucesso={onLanceSucessoWrapper}
FRONTEND	IDENTIFICADOR	desafio-gut/frontend/src/pages/MercadoLances.jsx	281	LanceS	onLanceSucesso={onLanceSucessoWrapper}
FRONTEND	IDENTIFICADOR	desafio-gut/frontend/src/pages/MercadoLances.jsx	287	Leilao	tipoLeilao={tipoLeilao}
FRONTEND	IDENTIFICADOR	desafio-gut/frontend/src/pages/MercadoLances.jsx	287	Leilao	tipoLeilao={tipoLeilao}
FRONTEND	IDENTIFICADOR	desafio-gut/frontend/src/pages/MercadoLances.jsx	291	LanceS	<LanceStatusBadge
FRONTEND	IDENTIFICADOR	desafio-gut/frontend/src/pages/MercadoLances.jsx	292	Lance	valor={meuUltimoLance?.valor}
FRONTEND	IDENTIFICADOR	desafio-gut/frontend/src/pages/MercadoLances.jsx	293	lanceS	status={lanceStatus}
FRONTEND	IDENTIFICADOR	desafio-gut/frontend/src/pages/MercadoLances.jsx	294	lance	mudou={lanceMudou}
FRONTEND	IDENTIFICADOR	desafio-gut/frontend/src/pages/MercadoLances.jsx	299	Lances	<TabelaLances lances={lances} idEdicao={EDICAO_ATIVA} prazoTimestamp={prazoTimestamp} encerrado={encerrado} />
FRONTEND	IDENTIFICADOR	desafio-gut/frontend/src/pages/MercadoLances.jsx	299	lances	<TabelaLances lances={lances} idEdicao={EDICAO_ATIVA} prazoTimestamp={prazoTimestamp} encerrado={encerrado} />
FRONTEND	IDENTIFICADOR	desafio-gut/frontend/src/pages/MercadoLances.jsx	299	lances	<TabelaLances lances={lances} idEdicao={EDICAO_ATIVA} prazoTimestamp={prazoTimestamp} encerrado={encerrado} />
FRONTEND	COMENTARIO	desafio-gut/frontend/src/pages/MercadoLances.jsx	339	leilão	// Transparente: declara que o leilão está na versão Web, sem o esconder e sem
FRONTEND	TEXTO-UI	desafio-gut/frontend/src/pages/MercadoLances.jsx	361	Leilões	}}>Leilões na versão Web</h2>
FRONTEND	IDENTIFICADOR	desafio-gut/frontend/src/pages/MercadoLances.jsx	366	leilões	Os leilões do DesafioGUT acontecem na nossa versão Web. Abre{" "}
FRONTEND	IDENTIFICADOR	desafio-gut/frontend/src/pages/MercadoLances.jsx	368	lances	para participar com saldo, lances e carteira — tudo o que já usas.
FRONTEND	IDENTIFICADOR	desafio-gut/frontend/src/pages/MercadoLances.jsx	385	leilão	Esta versão da loja não inclui o leilão. Nada fica escondido — é só uma
FRONTEND	IDENTIFICADOR	desafio-gut/frontend/src/pages/MeusAtivos.jsx	21	lances	const { lances, address, isConnected, abrirModal, EDICAO_ATIVA } = useAppContext();
FRONTEND	IDENTIFICADOR	desafio-gut/frontend/src/pages/MeusAtivos.jsx	24	Lances	const meusLances = lances.filter(
FRONTEND	IDENTIFICADOR	desafio-gut/frontend/src/pages/MeusAtivos.jsx	24	lances	const meusLances = lances.filter(
FRONTEND	IDENTIFICADOR	desafio-gut/frontend/src/pages/MeusAtivos.jsx	27	Lances	const todosLances = [...lances].sort((a, b) => a.valor - b.valor);
FRONTEND	IDENTIFICADOR	desafio-gut/frontend/src/pages/MeusAtivos.jsx	27	lances	const todosLances = [...lances].sort((a, b) => a.valor - b.valor);
FRONTEND	IDENTIFICADOR	desafio-gut/frontend/src/pages/MeusAtivos.jsx	29	lances	const lancesExibidos = (() => {
FRONTEND	IDENTIFICADOR	desafio-gut/frontend/src/pages/MeusAtivos.jsx	30	Lances	const base = address ? meusLances : todosLances;
FRONTEND	IDENTIFICADOR	desafio-gut/frontend/src/pages/MeusAtivos.jsx	30	Lances	const base = address ? meusLances : todosLances;
FRONTEND	IDENTIFICADOR	desafio-gut/frontend/src/pages/MeusAtivos.jsx	36	Lances	const totalUnico = todosLances.filter((l) => !l.repetido).length;
FRONTEND	IDENTIFICADOR	desafio-gut/frontend/src/pages/MeusAtivos.jsx	37	Lances	const totalRepet = todosLances.filter((l) => l.repetido).length;
FRONTEND	IDENTIFICADOR	desafio-gut/frontend/src/pages/MeusAtivos.jsx	38	Lances	const menorUnico = todosLances.filter((l) => !l.repetido)[0];
FRONTEND	TEXTO-UI	desafio-gut/frontend/src/pages/MeusAtivos.jsx	45	Lances	{ label: "Total de Lances",  value: todosLances.length, color: COR.blue300 },
FRONTEND	IDENTIFICADOR	desafio-gut/frontend/src/pages/MeusAtivos.jsx	45	Lances	{ label: "Total de Lances",  value: todosLances.length, color: COR.blue300 },
FRONTEND	TEXTO-UI	desafio-gut/frontend/src/pages/MeusAtivos.jsx	46	Lances	{ label: "Lances Únicos",    value: totalUnico,         color: COR.success },
FRONTEND	TEXTO-UI	desafio-gut/frontend/src/pages/MeusAtivos.jsx	47	Lances	{ label: "Lances Repetidos", value: totalRepet,         color: COR.danger  },
FRONTEND	TEXTO-UI	desafio-gut/frontend/src/pages/MeusAtivos.jsx	48	Lance	{ label: "Menor Lance",      value: menorUnico ? `R$ ${(menorUnico.valor / 100).toFixed(2)}` : "—", color: COR.gold },
FRONTEND	IDENTIFICADOR	desafio-gut/frontend/src/pages/MeusAtivos.jsx	60	lances	Histórico de lances e posições da edição{" "}
FRONTEND	TEXTO-UI	desafio-gut/frontend/src/pages/MeusAtivos.jsx	118	lances	}}>📍 Mostrando seus lances</span>
FRONTEND	IDENTIFICADOR	desafio-gut/frontend/src/pages/MeusAtivos.jsx	124	lances	{lancesExibidos.length === 0 ? (
FRONTEND	TEXTO-UI	desafio-gut/frontend/src/pages/MeusAtivos.jsx	132	lance	{isConnected ? "Nenhum lance encontrado com este filtro." : "Nenhum lance registrado nesta edição."}
FRONTEND	TEXTO-UI	desafio-gut/frontend/src/pages/MeusAtivos.jsx	132	lance	{isConnected ? "Nenhum lance encontrado com este filtro." : "Nenhum lance registrado nesta edição."}
FRONTEND	IDENTIFICADOR	desafio-gut/frontend/src/pages/MeusAtivos.jsx	136	lances	<MobileList lances={lancesExibidos} filtro={filtro} />
FRONTEND	IDENTIFICADOR	desafio-gut/frontend/src/pages/MeusAtivos.jsx	136	lances	<MobileList lances={lancesExibidos} filtro={filtro} />
FRONTEND	IDENTIFICADOR	desafio-gut/frontend/src/pages/MeusAtivos.jsx	138	lances	<DesktopTable lances={lancesExibidos} filtro={filtro} />
FRONTEND	IDENTIFICADOR	desafio-gut/frontend/src/pages/MeusAtivos.jsx	138	lances	<DesktopTable lances={lancesExibidos} filtro={filtro} />
FRONTEND	IDENTIFICADOR	desafio-gut/frontend/src/pages/MeusAtivos.jsx	154	lance	Art. 26: Apuração automática · Art. 8: Menor lance único ganha
FRONTEND	IDENTIFICADOR	desafio-gut/frontend/src/pages/MeusAtivos.jsx	160	lances	function MobileList({ lances, filtro }) {
FRONTEND	IDENTIFICADOR	desafio-gut/frontend/src/pages/MeusAtivos.jsx	163	lances	{lances.map((lance, i) => {
FRONTEND	IDENTIFICADOR	desafio-gut/frontend/src/pages/MeusAtivos.jsx	163	lance	{lances.map((lance, i) => {
FRONTEND	IDENTIFICADOR	desafio-gut/frontend/src/pages/MeusAtivos.jsx	164	lance	const isVencedor = !lance.repetido && i === 0 && filtro !== "repetidos";
FRONTEND	TEXTO-UI	desafio-gut/frontend/src/pages/MeusAtivos.jsx	165	lance	const enderecoAbrev = `${lance.endereco?.slice(0, 6)}...${lance.endereco?.slice(-4)}`;
FRONTEND	TEXTO-UI	desafio-gut/frontend/src/pages/MeusAtivos.jsx	165	lance	const enderecoAbrev = `${lance.endereco?.slice(0, 6)}...${lance.endereco?.slice(-4)}`;
FRONTEND	IDENTIFICADOR	desafio-gut/frontend/src/pages/MeusAtivos.jsx	193	lance	{lance.txHash && (
FRONTEND	IDENTIFICADOR	desafio-gut/frontend/src/pages/MeusAtivos.jsx	197	lance	}}>{lance.txHash.slice(0, 14)}...</div>
FRONTEND	IDENTIFICADOR	desafio-gut/frontend/src/pages/MeusAtivos.jsx	205	lance	}}>R$ {(lance.valor / 100).toFixed(2)}</div>
FRONTEND	IDENTIFICADOR	desafio-gut/frontend/src/pages/MeusAtivos.jsx	211	lance	background: lance.repetido ? "rgba(239,68,68,0.15)" : "rgba(16,185,129,0.15)",
FRONTEND	IDENTIFICADOR	desafio-gut/frontend/src/pages/MeusAtivos.jsx	212	lance	color: lance.repetido ? COR.danger : COR.success,
FRONTEND	TEXTO-UI	desafio-gut/frontend/src/pages/MeusAtivos.jsx	213	lance	border: `1px solid ${lance.repetido ? "rgba(239,68,68,0.3)" : "rgba(16,185,129,0.3)"}`,
FRONTEND	IDENTIFICADOR	desafio-gut/frontend/src/pages/MeusAtivos.jsx	214	lance	}}>{lance.repetido ? "❌ Repetido" : isVencedor ? "🏆 Menor e Único" : "✅ Único"}</span>
FRONTEND	IDENTIFICADOR	desafio-gut/frontend/src/pages/MeusAtivos.jsx	223	lances	function DesktopTable({ lances, filtro }) {
FRONTEND	TEXTO-UI	desafio-gut/frontend/src/pages/MeusAtivos.jsx	228	Lance	{["#", "Participante", "Valor (R$)", "Status", "ID do Lance"].map((h) => (
FRONTEND	IDENTIFICADOR	desafio-gut/frontend/src/pages/MeusAtivos.jsx	238	lances	{lances.map((lance, i) => {
FRONTEND	IDENTIFICADOR	desafio-gut/frontend/src/pages/MeusAtivos.jsx	238	lance	{lances.map((lance, i) => {
FRONTEND	IDENTIFICADOR	desafio-gut/frontend/src/pages/MeusAtivos.jsx	239	lance	const isVencedor = !lance.repetido && i === 0 && filtro !== "repetidos";
FRONTEND	IDENTIFICADOR	desafio-gut/frontend/src/pages/MeusAtivos.jsx	249	lance	{lance.endereco?.slice(0, 8)}...{lance.endereco?.slice(-4)}
FRONTEND	IDENTIFICADOR	desafio-gut/frontend/src/pages/MeusAtivos.jsx	249	lance	{lance.endereco?.slice(0, 8)}...{lance.endereco?.slice(-4)}
FRONTEND	IDENTIFICADOR	desafio-gut/frontend/src/pages/MeusAtivos.jsx	254	lance	}}>R$ {(lance.valor / 100).toFixed(2)}</td>
FRONTEND	IDENTIFICADOR	desafio-gut/frontend/src/pages/MeusAtivos.jsx	259	lance	background: lance.repetido ? "rgba(239,68,68,0.15)" : "rgba(16,185,129,0.15)",
FRONTEND	IDENTIFICADOR	desafio-gut/frontend/src/pages/MeusAtivos.jsx	260	lance	color: lance.repetido ? COR.danger : COR.success,
FRONTEND	TEXTO-UI	desafio-gut/frontend/src/pages/MeusAtivos.jsx	261	lance	border: `1px solid ${lance.repetido ? "rgba(239,68,68,0.3)" : "rgba(16,185,129,0.3)"}`,
FRONTEND	IDENTIFICADOR	desafio-gut/frontend/src/pages/MeusAtivos.jsx	262	lance	}}>{lance.repetido ? "❌ Repetido" : isVencedor ? "🏆 Menor e Único" : "✅ Único"}</span>
FRONTEND	IDENTIFICADOR	desafio-gut/frontend/src/pages/MeusAtivos.jsx	265	lance	{lance.txHash ? `${lance.txHash.slice(0, 12)}...` : "—"}
FRONTEND	TEXTO-UI	desafio-gut/frontend/src/pages/MeusAtivos.jsx	265	lance	{lance.txHash ? `${lance.txHash.slice(0, 12)}...` : "—"}
FRONTEND	IDENTIFICADOR	desafio-gut/frontend/src/pages/MinhaCarteira.jsx	34	lances	address, userLabel, lances, user,
FRONTEND	IDENTIFICADOR	desafio-gut/frontend/src/pages/MinhaCarteira.jsx	37	Leilao	setTipoLeilao,
FRONTEND	COMENTARIO	desafio-gut/frontend/src/pages/MinhaCarteira.jsx	78	Lance	// saldoSenhas on-chain; Lance Relâmpago debita aqui em centavos.
FRONTEND	IDENTIFICADOR	desafio-gut/frontend/src/pages/MinhaCarteira.jsx	81	Lance	function irParaLanceRelampago() {
FRONTEND	IDENTIFICADOR	desafio-gut/frontend/src/pages/MinhaCarteira.jsx	82	Leilao	try { setTipoLeilao?.("flash"); } catch {}
FRONTEND	IDENTIFICADOR	desafio-gut/frontend/src/pages/MinhaCarteira.jsx	86	Lances	const meusLances = lances.filter(
FRONTEND	IDENTIFICADOR	desafio-gut/frontend/src/pages/MinhaCarteira.jsx	86	lances	const meusLances = lances.filter(
FRONTEND	IDENTIFICADOR	desafio-gut/frontend/src/pages/MinhaCarteira.jsx	127	lances	Acompanhe seu saldo de senhas e seus lances no DesafioGUT.
FRONTEND	IDENTIFICADOR	desafio-gut/frontend/src/pages/MinhaCarteira.jsx	142	lance	/lance-relampago → -centavos. */}
FRONTEND	IDENTIFICADOR	desafio-gut/frontend/src/pages/MinhaCarteira.jsx	185	Lance	Saldo em reais para Lance Relâmpago. Para Lance Programado, troque por Senhas (R$ {VALOR_POR_SENHA_BRL.toFixed(2)} cada).
FRONTEND	IDENTIFICADOR	desafio-gut/frontend/src/pages/MinhaCarteira.jsx	185	Lance	Saldo em reais para Lance Relâmpago. Para Lance Programado, troque por Senhas (R$ {VALOR_POR_SENHA_BRL.toFixed(2)} cada).
FRONTEND	IDENTIFICADOR	desafio-gut/frontend/src/pages/MinhaCarteira.jsx	229	Lance	onClick={irParaLanceRelampago}
FRONTEND	COMENTARIO	desafio-gut/frontend/src/pages/MinhaCarteira.jsx	232	lance	// MC48 P2 — laranja suave (CTA de lance).
FRONTEND	TEXTO-UI	desafio-gut/frontend/src/pages/MinhaCarteira.jsx	241	Lances	title={!saldoReais ? "Deposite PIX primeiro" : "Vai ao Mercado de Lances em modo Relâmpago"}
FRONTEND	IDENTIFICADOR	desafio-gut/frontend/src/pages/MinhaCarteira.jsx	243	Lance	⚡ Lance Relâmpago
FRONTEND	IDENTIFICADOR	desafio-gut/frontend/src/pages/MinhaCarteira.jsx	272	Lance	Atualiza via listener SenhasCreditadas + LanceDado e polling
FRONTEND	TEXTO-UI	desafio-gut/frontend/src/pages/MinhaCarteira.jsx	348	leilão	title={!saldoNumero ? "Compre fichas para participar do leilão" : "Ir ao Mercado de Lances"}
FRONTEND	TEXTO-UI	desafio-gut/frontend/src/pages/MinhaCarteira.jsx	348	Lances	title={!saldoNumero ? "Compre fichas para participar do leilão" : "Ir ao Mercado de Lances"}
FRONTEND	IDENTIFICADOR	desafio-gut/frontend/src/pages/MinhaCarteira.jsx	350	Lances	🎯 Usar no Mercado de Lances
FRONTEND	IDENTIFICADOR	desafio-gut/frontend/src/pages/MinhaCarteira.jsx	404	lances	{/* Meus lances */}
FRONTEND	TEXTO-UI	desafio-gut/frontend/src/pages/MinhaCarteira.jsx	406	Lances	<h3 style={tituloStyle}>📋 Meus Lances ({meusLances.length})</h3>
FRONTEND	IDENTIFICADOR	desafio-gut/frontend/src/pages/MinhaCarteira.jsx	406	Lances	<h3 style={tituloStyle}>📋 Meus Lances ({meusLances.length})</h3>
FRONTEND	IDENTIFICADOR	desafio-gut/frontend/src/pages/MinhaCarteira.jsx	407	Lances	{meusLances.length === 0 ? (
FRONTEND	TEXTO-UI	desafio-gut/frontend/src/pages/MinhaCarteira.jsx	413	lance	<span style={{ fontSize: "0.82rem" }}>Nenhum lance registrado ainda com esta carteira.</span>
FRONTEND	IDENTIFICADOR	desafio-gut/frontend/src/pages/MinhaCarteira.jsx	417	Lances	{meusLances.map((l, i) => (
FRONTEND	IDENTIFICADOR	desafio-gut/frontend/src/pages/Privacidade.jsx	77	leilão	O DesafioGUT é uma plataforma de leilão de "menor lance único": os utilizadores
FRONTEND	TEXTO-UI	desafio-gut/frontend/src/pages/Privacidade.jsx	77	lance	O DesafioGUT é uma plataforma de leilão de "menor lance único": os utilizadores
FRONTEND	IDENTIFICADOR	desafio-gut/frontend/src/pages/Privacidade.jsx	78	leilões	participam em leilões, lançam lances e podem adquirir produtos/senhas mediante
FRONTEND	IDENTIFICADOR	desafio-gut/frontend/src/pages/Privacidade.jsx	78	lances	participam em leilões, lançam lances e podem adquirir produtos/senhas mediante
FRONTEND	TEXTO-UI	desafio-gut/frontend/src/pages/Privacidade.jsx	92	lances	<li style={liStyle}>Finalidade: criação e gestão da conta, autenticação, assinatura de transações on-chain (lances) e prestação do serviço.</li>
FRONTEND	IDENTIFICADOR	desafio-gut/frontend/src/pages/Privacidade.jsx	105	lances	3.3. Atividade no app (interações, lances, histórico)
FRONTEND	TEXTO-UI	desafio-gut/frontend/src/pages/Privacidade.jsx	108	lances	<li style={liStyle}>Registos de interações: lances (com hash Argon2id off-chain de prova de intenção), histórico de compras, saldo de senhas e visualizações.</li>
FRONTEND	TEXTO-UI	desafio-gut/frontend/src/pages/Privacidade.jsx	111	leilões	<li style={liStyle}>Coleta não estritamente obrigatória para a navegação básica, mas necessária para participar em leilões. Base legal: execução do contrato e interesse l
FRONTEND	TEXTO-UI	desafio-gut/frontend/src/pages/Privacidade.jsx	125	lances	<li style={liStyle}>Os lances são registados no smart contract LeilaoGUT na rede Ethereum mainnet. Os dados on-chain (endereço da carteira, valores, timestamps) são públi
FRONTEND	TEXTO-UI	desafio-gut/frontend/src/pages/Privacidade.jsx	125	Leilao	<li style={liStyle}>Os lances são registados no smart contract LeilaoGUT na rede Ethereum mainnet. Os dados on-chain (endereço da carteira, valores, timestamps) são públi
FRONTEND	TEXTO-UI	desafio-gut/frontend/src/pages/Privacidade.jsx	126	leilão	<li style={liStyle}>Finalidade: funcionamento do leilão (pipeline de lance 100% on-chain).</li>
FRONTEND	TEXTO-UI	desafio-gut/frontend/src/pages/Privacidade.jsx	126	lance	<li style={liStyle}>Finalidade: funcionamento do leilão (pipeline de lance 100% on-chain).</li>
FRONTEND	TEXTO-UI	desafio-gut/frontend/src/pages/Privacidade.jsx	162	lances	<li style={liStyle}><strong style={{ color: COR.text }}>Supabase (supabase.com)</strong> — base de dados e armazenamento: dados de conta, lances, histórico, atividade, sa
FRONTEND	TEXTO-UI	desafio-gut/frontend/src/pages/Privacidade.jsx	163	lances	<li style={liStyle}><strong style={{ color: COR.text }}>Netlify (netlify.com)</strong> — backend serverless (funções): dados transitórios necessários às funções (ex.: pro
FRONTEND	TEXTO-UI	desafio-gut/frontend/src/pages/Privacidade.jsx	219	lances	<li style={liStyle}>Dados pessoais de conta, atividade (atividade_utilizadores), lances, saldos, histórico e ficheiros associados à conta (Supabase + Blobs).</li>
FRONTEND	TEXTO-UI	desafio-gut/frontend/src/pages/Seguranca.jsx	14	lance	{ label: "Argon2id (hash-wasm WASM)",       desc: "Gera prova de intenção off-chain imutável para cada lance. Impossível forjar retroativamente.", status: "ok" },
FRONTEND	TEXTO-UI	desafio-gut/frontend/src/pages/Seguranca.jsx	15	lance	{ label: "EIP-191 (Privy embedded wallet)", desc: "Assinatura criptográfica antes de enviar o lance. Confirma que a ação partiu do titular da carteira.", status: "ok" },
FRONTEND	TEXTO-UI	desafio-gut/frontend/src/pages/Seguranca.jsx	16	lances	{ label: "Rate Limit — 5 lances/min",       desc: "Token bucket client-side impede spam. Cooldown de 3 segundos entre lances consecutivos.", status: "ok" },
FRONTEND	TEXTO-UI	desafio-gut/frontend/src/pages/Seguranca.jsx	16	lances	{ label: "Rate Limit — 5 lances/min",       desc: "Token bucket client-side impede spam. Cooldown de 3 segundos entre lances consecutivos.", status: "ok" },
FRONTEND	TEXTO-UI	desafio-gut/frontend/src/pages/Seguranca.jsx	21	Leilao	{ label: "Auditoria on-chain",              desc: "Contrato LeilaoGUT verificado on-chain no Etherscan.", status: "em_breve" },
FRONTEND	TEXTO-UI	desafio-gut/frontend/src/pages/Seguranca.jsx	182	Leilao	}}>Smart Contract LeilaoGUT</div>
FRONTEND	COMENTARIO	desafio-gut/frontend/src/pages/Vitrine.jsx	8	leilão	// Esta rota COEXISTE com /mercado (página atual de leilão R-1 preservada).
FRONTEND	IDENTIFICADOR	desafio-gut/frontend/src/pages/Vitrine.jsx	98	Leilao	tipoLeilao: "Programado · 24 h",
FRONTEND	IDENTIFICADOR	desafio-gut/frontend/src/pages/Vitrine.jsx	114	Leilao	tipoLeilao: "Programado · 24 h",
FRONTEND	IDENTIFICADOR	desafio-gut/frontend/src/pages/Vitrine.jsx	130	Leilao	tipoLeilao: "Relâmpago · 30 min – 1 h",
FRONTEND	IDENTIFICADOR	desafio-gut/frontend/src/pages/Vitrine.jsx	146	Leilao	tipoLeilao: "Relâmpago · 30 min – 1 h",
FRONTEND	TEXTO-UI	desafio-gut/frontend/src/pages/Vitrine.jsx	231	Leilão	title={timer.display === timerTravado() ? "Leilão em breve" : "Tempo restante do leilão"}
FRONTEND	TEXTO-UI	desafio-gut/frontend/src/pages/Vitrine.jsx	231	leilão	title={timer.display === timerTravado() ? "Leilão em breve" : "Tempo restante do leilão"}
FRONTEND	IDENTIFICADOR	desafio-gut/frontend/src/pages/Vitrine.jsx	252	Leilao	<Info label="Tipo" value={slot.tipoLeilao} small />
FRONTEND	TEXTO-UI	desafio-gut/frontend/src/pages/Vitrine.jsx	353	leilão	>{hrefOverride ? "Ir para o leilão →" : "Ver detalhes →"}</Link>
FRONTEND	IDENTIFICADOR	desafio-gut/frontend/src/pages/Vitrine.jsx	384	Leilao	{slot.rotuloSecao} · {slot.tipoLeilao}
FRONTEND	IDENTIFICADOR	desafio-gut/frontend/src/pages/Vitrine.jsx	426	leilão	ainda não está ativo no contrato. O CTA abaixo leva ao leilão atual
FRONTEND	IDENTIFICADOR	desafio-gut/frontend/src/pages/Vitrine.jsx	427	leilões	em produção (Edição R-1) — quando os 4 leilões paralelos da spec
FRONTEND	TEXTO-UI	desafio-gut/frontend/src/pages/Vitrine.jsx	442	leilão	>Ir para o leilão atual (R-1) →</Link>
FRONTEND	TEXTO-UI	desafio-gut/frontend/src/pages/Vitrine.jsx	462	Leilão	return { texto: "● Programado 24h", cor: "#10b981", ariaLabel: "Leilão programado ativo agora" };
FRONTEND	TEXTO-UI	desafio-gut/frontend/src/pages/Vitrine.jsx	464	Leilão	return { texto: "● Ao vivo agora", cor: "#10b981", ariaLabel: "Leilão ativo agora" };
FRONTEND	TEXTO-UI	desafio-gut/frontend/src/pages/Vitrine.jsx	466	leilão	return { texto: "Agendado", cor: "#94a3b8", ariaLabel: "Sem leilão ativo no horário atual" };
FRONTEND	IDENTIFICADOR	desafio-gut/frontend/src/pages/Vitrine.jsx	724	lance	Vitrine em modo informativo · Pipeline de lance em <code style={{ color: "#f5a623" }}>/mercado</code> (Edição R-1, validada em produção).
FRONTEND	COMENTARIO	desafio-gut/frontend/src/PrivyRoot.jsx	237	lance	// sem prompt + assinatura EIP-191 do lance sem modal). Trade-off de UX
FRONTEND	COMENTARIO	desafio-gut/frontend/src/PrivyRoot.jsx	239	lance	// e o valor do lance é validado no backend (anti-sniping MC28).
FRONTEND	COMENTARIO	desafio-gut/frontend/src/utils/edicao.js	20	lance	// habilita/bloqueia o lance é o `encerrado` do AppContext e o contrato
FRONTEND	COMENTARIO	desafio-gut/frontend/src/utils/edicao.js	21	leilao	// on-chain, exatamente como antes (mesma promessa do lib/leilaoLock.js).
FRONTEND	STRING-TECNICA	desafio-gut/frontend/src/utils/edicao.js	23	leilao	import { EM_BREVE_MODE, EM_BREVE_LABEL } from "../lib/leilaoLock.js";
FRONTEND	TEXTO-UI	desafio-gut/frontend/src/utils/edicao.js	54	lance	rotuloLongo: "Em andamento — lance já!",
FRONTEND	TEXTO-UI	desafio-gut/frontend/src/utils/edicao.js	61	Leilão	rotuloLongo: "Leilão encerrado",
FRONTEND	COMENTARIO	desafio-gut/frontend/src/utils/edicao.js	92	Lances	*   - encerrado: veredito da FONTE A (Dashboard/TabelaLances/CardLance passam-no)
FRONTEND	COMENTARIO	desafio-gut/frontend/src/utils/edicao.js	92	Lance	*   - encerrado: veredito da FONTE A (Dashboard/TabelaLances/CardLance passam-no)
FRONTEND	COMENTARIO	desafio-gut/frontend/src/utils/edicao.js	125	Lances	// prazoTimestamp e NÃO no termino_em. Sem isso, o Dashboard e a TabelaLances
FRONTEND	COMENTARIO	desafio-gut/frontend/src/utils/rateLimiter.js	5	lances	*  - Máximo 5 lances por janela de 60 segundos por carteira
FRONTEND	COMENTARIO	desafio-gut/frontend/src/utils/rateLimiter.js	6	lances	*  - Cooldown de 3 segundos entre lances consecutivos
FRONTEND	IDENTIFICADOR	desafio-gut/frontend/src/utils/rateLimiter.js	12	LANCES	const MAX_LANCES = 5;        // máximo por janela
FRONTEND	COMENTARIO	desafio-gut/frontend/src/utils/rateLimiter.js	13	lances	const COOLDOWN_MS = 3_000;   // cooldown entre lances
FRONTEND	COMENTARIO	desafio-gut/frontend/src/utils/rateLimiter.js	15	Lance	const buckets = new Map(); // address -> { count, windowStart, lastLance }
FRONTEND	IDENTIFICADOR	desafio-gut/frontend/src/utils/rateLimiter.js	22	Lance	bucket = { count: 0, windowStart: now, lastLance: 0 };
FRONTEND	COMENTARIO	desafio-gut/frontend/src/utils/rateLimiter.js	29	lance	* Verifica se o endereço pode dar um lance agora.
FRONTEND	IDENTIFICADOR	desafio-gut/frontend/src/utils/rateLimiter.js	38	Lance	if (now - bucket.lastLance < COOLDOWN_MS) {
FRONTEND	IDENTIFICADOR	desafio-gut/frontend/src/utils/rateLimiter.js	39	Lance	const restante = Math.ceil((COOLDOWN_MS - (now - bucket.lastLance)) / 1000);
FRONTEND	TEXTO-UI	desafio-gut/frontend/src/utils/rateLimiter.js	42	lance	motivo: `Aguarde ${restante}s antes do próximo lance.`,
FRONTEND	IDENTIFICADOR	desafio-gut/frontend/src/utils/rateLimiter.js	46	LANCES	if (bucket.count >= MAX_LANCES) {
FRONTEND	TEXTO-UI	desafio-gut/frontend/src/utils/rateLimiter.js	50	LANCES	motivo: `Limite de ${MAX_LANCES} lances por minuto atingido. Aguarde ${restante}s.`,
FRONTEND	TEXTO-UI	desafio-gut/frontend/src/utils/rateLimiter.js	50	lances	motivo: `Limite de ${MAX_LANCES} lances por minuto atingido. Aguarde ${restante}s.`,
FRONTEND	COMENTARIO	desafio-gut/frontend/src/utils/rateLimiter.js	58	lance	* Registra um lance consumido para o endereço.
FRONTEND	IDENTIFICADOR	desafio-gut/frontend/src/utils/rateLimiter.js	60	Lance	export function registrarLance(address) {
FRONTEND	IDENTIFICADOR	desafio-gut/frontend/src/utils/rateLimiter.js	63	Lance	bucket.lastLance = Date.now();
FRONTEND	COMENTARIO	desafio-gut/frontend/src/utils/sanitize.js	13	lance	* Valida e sanitiza um valor de lance em centavos.
FRONTEND	IDENTIFICADOR	desafio-gut/frontend/src/utils/sanitize.js	16	Lance	export function sanitizeLance(value) {
FRONTEND	COMENTARIO	desafio-gut/frontend/src/utils/web3.js	4	Leilao	// ─── ABI mínimo do contrato LeilaoGUT ───────────────────────────────────────
FRONTEND	TEXTO-UI	desafio-gut/frontend/src/utils/web3.js	6	Lance	"function darLance(string idEdicao, uint256 valorEmCentavos) public",
FRONTEND	TEXTO-UI	desafio-gut/frontend/src/utils/web3.js	12	Lance	"event LanceDado(string idEdicao, address indexed lancador, uint256 valorEmCentavos, bool repetido, uint256 timestamp)",
FRONTEND	COMENTARIO	desafio-gut/frontend/src/utils/web3.js	16	Lance	// darLance permanece para o legado Sepolia/localhost (R9). Estas entradas
FRONTEND	TEXTO-UI	desafio-gut/frontend/src/utils/web3.js	21	Lance	"event LanceComprometido(string idEdicao, address indexed lancador, bytes32 hashLance)",
FRONTEND	TEXTO-UI	desafio-gut/frontend/src/utils/web3.js	21	Lance	"event LanceComprometido(string idEdicao, address indexed lancador, bytes32 hashLance)",
FRONTEND	COMENTARIO	desafio-gut/frontend/src/utils/web3.js	82	lance	* Gera hash Argon2id do lance para fins de auditoria/log off-chain.
FRONTEND	IDENTIFICADOR	desafio-gut/frontend/src/utils/web3.js	85	Lance	export async function hashLance(address, idEdicao, valorEmCentavos) {
FRONTEND	IDENTIFICADOR	desafio-gut/frontend/src/utils/web3.js	103	Lance	export async function assinarLance(signer, idEdicao, valorEmCentavos) {
FRONTEND	TEXTO-UI	desafio-gut/frontend/src/utils/web3.js	105	Lance	"DESAFIOGUT — Confirmação de Lance",
FRONTEND	COMENTARIO	desafio-gut/frontend/src/utils/web3.js	135	Lance	// seu próprio ciclo de sondagem, e havia dois a ouvir `LanceDado`
FRONTEND	COMENTARIO	desafio-gut/frontend/src/utils/web3.js	136	Lance	// (subscribeLanceDado e subscribeSaldoSenhas) mais um `SenhasCreditadas` = 3
FRONTEND	COMENTARIO	desafio-gut/frontend/src/utils/web3.js	192	lance	* Submete um lance on-chain chamando darLance(idEdicao, valorEmCentavos).
FRONTEND	COMENTARIO	desafio-gut/frontend/src/utils/web3.js	192	Lance	* Submete um lance on-chain chamando darLance(idEdicao, valorEmCentavos).
FRONTEND	IDENTIFICADOR	desafio-gut/frontend/src/utils/web3.js	200	Lance	export async function enviarLance(signer, contratoEndereco, idEdicao, valorEmCentavos) {
FRONTEND	IDENTIFICADOR	desafio-gut/frontend/src/utils/web3.js	205	Lance	const tx       = await contrato.darLance(idEdicao, valorEmCentavos);
FRONTEND	COMENTARIO	desafio-gut/frontend/src/utils/web3.js	211	Lance	* Inscreve um listener para o evento LanceDado da edição informada.
FRONTEND	COMENTARIO	desafio-gut/frontend/src/utils/web3.js	213	lances	* não está autenticado (qualquer visitante vê lances entrando em tempo real).
FRONTEND	IDENTIFICADOR	desafio-gut/frontend/src/utils/web3.js	217	Lance	export function subscribeLanceDado(idEdicao, onLance) {
FRONTEND	IDENTIFICADOR	desafio-gut/frontend/src/utils/web3.js	217	Lance	export function subscribeLanceDado(idEdicao, onLance) {
FRONTEND	IDENTIFICADOR	desafio-gut/frontend/src/utils/web3.js	222	Lance	onLance({
FRONTEND	STRING-TECNICA	desafio-gut/frontend/src/utils/web3.js	232	Lance	contrato.on("LanceDado", handler);
FRONTEND	STRING-TECNICA	desafio-gut/frontend/src/utils/web3.js	235	Lance	try { contrato.off("LanceDado", handler); } catch {}
FRONTEND	COMENTARIO	desafio-gut/frontend/src/utils/web3.js	243	Lance	* Fonte de verdade do gate de darLance.
FRONTEND	COMENTARIO	desafio-gut/frontend/src/utils/web3.js	259	Lance	*  - LanceDado(idEdicao, lancador, ...)     → usuário gastou 1 senha
FRONTEND	COMENTARIO	desafio-gut/frontend/src/utils/web3.js	267	Lance	* subscribeLanceDado, e mais à prova de variações do filter API entre
FRONTEND	IDENTIFICADOR	desafio-gut/frontend/src/utils/web3.js	286	Lance	const onLance = (idEdicao, lancador, valorEmCentavos, repetido, timestamp, ev) => {
FRONTEND	STRING-TECNICA	desafio-gut/frontend/src/utils/web3.js	289	Lance	kind:        "LanceDado",
FRONTEND	STRING-TECNICA	desafio-gut/frontend/src/utils/web3.js	296	Lance	contrato.on("LanceDado", onLance);
FRONTEND	IDENTIFICADOR	desafio-gut/frontend/src/utils/web3.js	296	Lance	contrato.on("LanceDado", onLance);
FRONTEND	STRING-TECNICA	desafio-gut/frontend/src/utils/web3.js	300	Lance	try { contrato.off("LanceDado", onLance); } catch {}
FRONTEND	IDENTIFICADOR	desafio-gut/frontend/src/utils/web3.js	300	Lance	try { contrato.off("LanceDado", onLance); } catch {}
FRONTEND	COMENTARIO	desafio-gut/frontend/src/utils/web3.js	301	Lance	// MC88.31 — NÃO destruir: provider partilhado (ver subscribeLanceDado).
FRONTEND	COMENTARIO	desafio-gut/frontend/src/widgets/layout/AppLayout.jsx	20	leilão	// Ela existe para dar ambiente ao leilão; num ecrã de administração só baixa o
FRONTEND	STRING-TECNICA	desafio-gut/frontend/src/widgets/layout/BottomNav.jsx	23	Lances	{ path: "/mercado",  label: "Lances",   Icon: IconTarget,    end: false, ariaLabel: "Ir para Mercado de Lances" },
FRONTEND	TEXTO-UI	desafio-gut/frontend/src/widgets/layout/BottomNav.jsx	23	Lances	{ path: "/mercado",  label: "Lances",   Icon: IconTarget,    end: false, ariaLabel: "Ir para Mercado de Lances" },
FRONTEND	COMENTARIO	desafio-gut/frontend/src/widgets/layout/navModel.jsx	10	Lances	// rótulos curtos ("Início"/"Lances"/"Carteira") diferentes do desktop. Essa
FRONTEND	TEXTO-UI	desafio-gut/frontend/src/widgets/layout/Sidebar.jsx	28	Lances	{ path: "/mercado",       label: "Mercado de Lances", icon: <IconTarget />,    end: false },
FRONTEND	COMENTARIO	desafio-gut/frontend/src/widgets/layout/Sidebar.jsx	73	Leilão	// comuns de Leilão (Dashboard de leilão, carteira pessoal, mercado, vitrine,
FRONTEND	COMENTARIO	desafio-gut/frontend/src/widgets/layout/Sidebar.jsx	73	leilão	// comuns de Leilão (Dashboard de leilão, carteira pessoal, mercado, vitrine,
BACKEND	COMENTARIO	desafio-gut/frontend/netlify/functions/admin-onchain.mjs	12	lance	// ⚠️ Continua sem `ethers`: `eth_getBalance` e `eth_blockNumber` são dois POST
BACKEND	COMENTARIO	desafio-gut/frontend/netlify/functions/auth-lance.mjs	1	lance	// POST /.netlify/functions/auth-lance
BACKEND	COMENTARIO	desafio-gut/frontend/netlify/functions/auth-lance.mjs	3	lance	// Resposta 200: { token, ttl }  — JWT { endereco, tipo:"lance-auth" } válido 10 min
BACKEND	COMENTARIO	desafio-gut/frontend/netlify/functions/auth-lance.mjs	6	lance	// Emite token de autorização para lance-relampago após verificar que o
BACKEND	IDENTIFICADOR	desafio-gut/frontend/netlify/functions/auth-lance.mjs	10	Lance	import { assinarLanceAuth } from "./_lib/jwt.mjs";
BACKEND	IDENTIFICADOR	desafio-gut/frontend/netlify/functions/auth-lance.mjs	20	LANCE	const TTL_LANCE_AUTH = 10 * 60; // 10 min
BACKEND	STRING-TECNICA	desafio-gut/frontend/netlify/functions/auth-lance.mjs	35	lance	const rl = await aplicarRateLimit(req, "auth-lance", 10);
BACKEND	STRING-TECNICA	desafio-gut/frontend/netlify/functions/auth-lance.mjs	86	lance	await registrarFalhaJwt(req, "auth-lance");
BACKEND	STRING-TECNICA	desafio-gut/frontend/netlify/functions/auth-lance.mjs	91	lance	await registrarFalhaJwt(req, "auth-lance");
BACKEND	COMENTARIO	desafio-gut/frontend/netlify/functions/auth-lance.mjs	95	lance	// Emite JWT lance-auth
BACKEND	IDENTIFICADOR	desafio-gut/frontend/netlify/functions/auth-lance.mjs	98	Lance	token = await assinarLanceAuth(endereco, TTL_LANCE_AUTH);
BACKEND	IDENTIFICADOR	desafio-gut/frontend/netlify/functions/auth-lance.mjs	98	LANCE	token = await assinarLanceAuth(endereco, TTL_LANCE_AUTH);
BACKEND	STRING-TECNICA	desafio-gut/frontend/netlify/functions/auth-lance.mjs	100	lance	console.error("[auth-lance] assinarLanceAuth falhou:", err?.message);
BACKEND	STRING-TECNICA	desafio-gut/frontend/netlify/functions/auth-lance.mjs	100	Lance	console.error("[auth-lance] assinarLanceAuth falhou:", err?.message);
BACKEND	STRING-TECNICA	desafio-gut/frontend/netlify/functions/auth-lance.mjs	104	lance	console.info("[auth-lance] token emitido", { endereco });
BACKEND	IDENTIFICADOR	desafio-gut/frontend/netlify/functions/auth-lance.mjs	105	LANCE	return jsonResponse({ token, ttl: TTL_LANCE_AUTH });
BACKEND	COMENTARIO	desafio-gut/frontend/netlify/functions/auth-user.mjs	7	lance	// saldo-rs, renovacao-adesao, voucher). Idêntico ao auth-lance mas com:
BACKEND	COMENTARIO	desafio-gut/frontend/netlify/functions/auth-user.mjs	8	lance	//   - tipo "user-session" (não "lance-auth")
BACKEND	COMENTARIO	desafio-gut/frontend/netlify/functions/auth-user.mjs	9	lance	//   - TTL padrão 24h (vs 10 min de lance-auth)
BACKEND	STRING-TECNICA	desafio-gut/frontend/netlify/functions/backup-blobs.mjs	27	lance	"lance-idem",
BACKEND	COMENTARIO	desafio-gut/frontend/netlify/functions/banners.mjs	12	lance	//   - Modo Cliente (Authorization Bearer JWT lance-auth + premium flag):
BACKEND	IDENTIFICADOR	desafio-gut/frontend/netlify/functions/banners.mjs	29	Lance	import { verificarLanceAuth } from "./_lib/jwt.mjs";
BACKEND	COMENTARIO	desafio-gut/frontend/netlify/functions/banners.mjs	201	lance	//   2) Cliente (Authorization: Bearer <lance-auth JWT>).
BACKEND	TEXTO-UI	desafio-gut/frontend/netlify/functions/banners.mjs	210	lance	return jsonError(401, "auth_obrigatorio", "envie admin (Bearer admin-JWT) OU Authorization: Bearer <lance-auth>");
BACKEND	IDENTIFICADOR	desafio-gut/frontend/netlify/functions/banners.mjs	212	Lance	try { jwtPayload = await verificarLanceAuth(authToken); }
BACKEND	TEXTO-UI	desafio-gut/frontend/netlify/functions/banners.mjs	215	lance	return jsonError(401, code, "JWT lance-auth inválido ou expirado");
BACKEND	IDENTIFICADOR	desafio-gut/frontend/netlify/functions/chatbot.mjs	34	Lance	import { simularVencedorMenorLance, rotuloVencedor, brlCentavos } from "./_lib/simulador.mjs";
BACKEND	COMENTARIO	desafio-gut/frontend/netlify/functions/chatbot.mjs	79	leilão	// criação ("quero criar", "criar edição", "novo leilão", "nova edição").
BACKEND	IDENTIFICADOR	desafio-gut/frontend/netlify/functions/chatbot.mjs	83	leilao	criar_edicao_wizard: /\bwizard\b|\bsetup\b|assistente|passo a passo|novo leilao|quero criar|\b(cri[ae]r?|abr[ae]|abrir)\b.*\bedic(ao|oes)\b|nova edic(ao|oes)|criar.*guiad
BACKEND	IDENTIFICADOR	desafio-gut/frontend/netlify/functions/chatbot.mjs	91	lances	dados_mercado:   /volume de lances|cotas comerciais|relatorio de mercado|dados de mercado/,
BACKEND	IDENTIFICADOR	desafio-gut/frontend/netlify/functions/chatbot.mjs	93	leilao	simular_vencedor: /quem (ganha|ganharia|venceria|vence)|vencedor provisorio|se (o leilao )?terminasse agora|simul[ae]r?( o)? (resultado|vencedor)|apurar( agora)?/,
BACKEND	IDENTIFICADOR	desafio-gut/frontend/netlify/functions/chatbot.mjs	95	leilao	pulso_edicao: /\bpulso\b|como esta (a edicao|o leilao|indo)|metric[ao]s|relatorio de (pulso|desempenho)|desempenho da edicao/,
BACKEND	COMENTARIO	desafio-gut/frontend/netlify/functions/chatbot.mjs	1033	lance	// MC15.6 ITEM 5 — simular_vencedor (admin + corporativo). Menor lance único.
BACKEND	IDENTIFICADOR	desafio-gut/frontend/netlify/functions/chatbot.mjs	1038	Lance	const sim = await simularVencedorMenorLance(edicaoId);
BACKEND	IDENTIFICADOR	desafio-gut/frontend/netlify/functions/chatbot.mjs	1046	Lances	totalLances: sim.totalLances,
BACKEND	IDENTIFICADOR	desafio-gut/frontend/netlify/functions/chatbot.mjs	1046	Lances	totalLances: sim.totalLances,
BACKEND	IDENTIFICADOR	desafio-gut/frontend/netlify/functions/chatbot.mjs	1047	lances	lancesUnicos: sim.lancesUnicos,
BACKEND	IDENTIFICADOR	desafio-gut/frontend/netlify/functions/chatbot.mjs	1047	lances	lancesUnicos: sim.lancesUnicos,
BACKEND	IDENTIFICADOR	desafio-gut/frontend/netlify/functions/chatbot.mjs	1117	licitantesUnicos	licitantesUnicos: m.licitantesUnicos,
BACKEND	IDENTIFICADOR	desafio-gut/frontend/netlify/functions/chatbot.mjs	1117	licitantesUnicos	licitantesUnicos: m.licitantesUnicos,
BACKEND	IDENTIFICADOR	desafio-gut/frontend/netlify/functions/chatbot.mjs	1120	Lances	totalLances: m.totalLances,
BACKEND	IDENTIFICADOR	desafio-gut/frontend/netlify/functions/chatbot.mjs	1120	Lances	totalLances: m.totalLances,
BACKEND	COMENTARIO	desafio-gut/frontend/netlify/functions/chatbot.mjs	1376	leilão	// MC29.1 — modo de conformidade: se o leilão não está ativo na plataforma do
BACKEND	COMENTARIO	desafio-gut/frontend/netlify/functions/chatbot.mjs	1378	leilão	// leilão está na versão Web. Fail-soft: erro de leitura → leilão ativo (PWA),
BACKEND	COMENTARIO	desafio-gut/frontend/netlify/functions/chatbot.mjs	1378	leilão	// leilão está na versão Web. Fail-soft: erro de leitura → leilão ativo (PWA),
BACKEND	IDENTIFICADOR	desafio-gut/frontend/netlify/functions/chatbot.mjs	1384	Leilao	modoConformidade = !resolverRecursos(config, plataforma).isLeilaoAtivo;
BACKEND	STRING-TECNICA	desafio-gut/frontend/netlify/functions/chatbot.mjs	1386	leilão	console.warn("[chatbot] resolução de plataforma falhou (fail-soft → leilão ativo):", err?.message);
BACKEND	COMENTARIO	desafio-gut/frontend/netlify/functions/comprar-senhas.mjs	2	lance	// Header: Authorization: Bearer <token>  — JWT { endereco, tipo:"lance-auth" } emitido por /auth-lance
BACKEND	COMENTARIO	desafio-gut/frontend/netlify/functions/comprar-senhas.mjs	2	lance	// Header: Authorization: Bearer <token>  — JWT { endereco, tipo:"lance-auth" } emitido por /auth-lance
BACKEND	COMENTARIO	desafio-gut/frontend/netlify/functions/comprar-senhas.mjs	13	lance	//   1) Verifica JWT lance-auth (mesmo mecanismo do lance-relampago).
BACKEND	COMENTARIO	desafio-gut/frontend/netlify/functions/comprar-senhas.mjs	13	lance	//   1) Verifica JWT lance-auth (mesmo mecanismo do lance-relampago).
BACKEND	IDENTIFICADOR	desafio-gut/frontend/netlify/functions/comprar-senhas.mjs	24	Lance	import { verificarLanceAuth } from "./_lib/jwt.mjs";
BACKEND	COMENTARIO	desafio-gut/frontend/netlify/functions/comprar-senhas.mjs	127	lance	// ── 1. Auth: verificar JWT lance-auth ─────────────────────────────────────
BACKEND	TEXTO-UI	desafio-gut/frontend/netlify/functions/comprar-senhas.mjs	131	lance	return jsonError(401, "token_ausente", "Authorization: Bearer <token> obrigatório — obtenha via POST /auth-lance");
BACKEND	IDENTIFICADOR	desafio-gut/frontend/netlify/functions/comprar-senhas.mjs	135	Lance	jwtPayload = await verificarLanceAuth(authToken);
BACKEND	TEXTO-UI	desafio-gut/frontend/netlify/functions/comprar-senhas.mjs	138	lance	return jsonError(401, code, "token inválido ou expirado — obtenha novo via POST /auth-lance");
BACKEND	COMENTARIO	desafio-gut/frontend/netlify/functions/comprar-senhas.mjs	173	lance	//   PIX). A posse da carteira já é provada pelo JWT lance-auth (passo 1); o MFA
BACKEND	COMENTARIO	desafio-gut/frontend/netlify/functions/consolidar-lances.mjs	1	lances	// POST /.netlify/functions/consolidar-lances   — APENAS coordenação/admin.
BACKEND	COMENTARIO	desafio-gut/frontend/netlify/functions/consolidar-lances.mjs	4	leilão	// MC28.1 SEGMENTO 4. Consolida o leilão no fecho:
BACKEND	COMENTARIO	desafio-gut/frontend/netlify/functions/consolidar-lances.mjs	5	lances	//   1) lê TODOS os lances (Key-Per-Bid) com paginação + paralelismo (SEGMENTO 5);
BACKEND	COMENTARIO	desafio-gut/frontend/netlify/functions/consolidar-lances.mjs	6	lance	//   2) apura o menor lance único OFF-CHAIN (Artigo VIII) — custo on-chain O(1);
BACKEND	IDENTIFICADOR	desafio-gut/frontend/netlify/functions/consolidar-lances.mjs	17	Lances	import { getLances } from "./_lib/data-store.mjs";
BACKEND	IDENTIFICADOR	desafio-gut/frontend/netlify/functions/consolidar-lances.mjs	30	lances	export function apurarMenorUnico(lances) {
BACKEND	IDENTIFICADOR	desafio-gut/frontend/netlify/functions/consolidar-lances.mjs	32	lances	for (const l of lances) cont.set(l.valorCentavos, (cont.get(l.valorCentavos) || 0) + 1);
BACKEND	IDENTIFICADOR	desafio-gut/frontend/netlify/functions/consolidar-lances.mjs	34	lances	for (const l of lances) {
BACKEND	COMENTARIO	desafio-gut/frontend/netlify/functions/consolidar-lances.mjs	74	lance	// 5. Apurar menor lance único OFF-CHAIN — leitura via fachada data-store
BACKEND	IDENTIFICADOR	desafio-gut/frontend/netlify/functions/consolidar-lances.mjs	76	lances	const lances  = await getLances(edicaoId);
BACKEND	IDENTIFICADOR	desafio-gut/frontend/netlify/functions/consolidar-lances.mjs	76	Lances	const lances  = await getLances(edicaoId);
BACKEND	IDENTIFICADOR	desafio-gut/frontend/netlify/functions/consolidar-lances.mjs	77	lances	const apurado = apurarMenorUnico(lances);
BACKEND	TEXTO-UI	desafio-gut/frontend/netlify/functions/consolidar-lances.mjs	78	lance	if (!apurado) return jsonError(422, "sem_vencedor", "nenhum lance único nesta edição");
BACKEND	COMENTARIO	desafio-gut/frontend/netlify/functions/consolidar-lances.mjs	92	leilão	// 7. EIP-712 (recibo de auditoria off-chain) — nonce do leilão (anti-replay)
BACKEND	STRING-TECNICA	desafio-gut/frontend/netlify/functions/consolidar-lances.mjs	95	Leilao	name: "LeilaoGUT", version: "1",
BACKEND	IDENTIFICADOR	desafio-gut/frontend/netlify/functions/consolidar-lances.mjs	131	Lances	txHash: receipt.hash, blockNumber: receipt.blockNumber, totalLances: lances.length,
BACKEND	IDENTIFICADOR	desafio-gut/frontend/netlify/functions/consolidar-lances.mjs	131	lances	txHash: receipt.hash, blockNumber: receipt.blockNumber, totalLances: lances.length,
BACKEND	COMENTARIO	desafio-gut/frontend/netlify/functions/cron-reset-programado.mjs	8	lances	//   1. Lê snapshot atual dos lances do blob (programado, edicaoId padrão).
BACKEND	COMENTARIO	desafio-gut/frontend/netlify/functions/cron-reset-programado.mjs	9	lance	//   2. Apura "menor lance único" off-chain a partir do snapshot.
BACKEND	COMENTARIO	desafio-gut/frontend/netlify/functions/cron-reset-programado.mjs	12	lances	//   5. Limpa o blob de lances do programado (lances-programado:{edicaoId})
BACKEND	COMENTARIO	desafio-gut/frontend/netlify/functions/cron-reset-programado.mjs	12	lances	//   5. Limpa o blob de lances do programado (lances-programado:{edicaoId})
BACKEND	COMENTARIO	desafio-gut/frontend/netlify/functions/cron-reset-programado.mjs	13	lances	//      OU dispara `purge-lances` para zerar o estado off-chain. Aqui usamos
BACKEND	IDENTIFICADOR	desafio-gut/frontend/netlify/functions/cron-reset-programado.mjs	32	LANCES	const BLOB_LANCES_PROGRAMADO = "lances-programado";
BACKEND	STRING-TECNICA	desafio-gut/frontend/netlify/functions/cron-reset-programado.mjs	32	lances	const BLOB_LANCES_PROGRAMADO = "lances-programado";
BACKEND	IDENTIFICADOR	desafio-gut/frontend/netlify/functions/cron-reset-programado.mjs	52	Lance	function apurarMenorLanceUnico(lances) {
BACKEND	IDENTIFICADOR	desafio-gut/frontend/netlify/functions/cron-reset-programado.mjs	52	lances	function apurarMenorLanceUnico(lances) {
BACKEND	COMENTARIO	desafio-gut/frontend/netlify/functions/cron-reset-programado.mjs	53	Lances	// Mesma regra de Vitrine/MercadoLances: menor valor que aparece exatamente 1×.
BACKEND	IDENTIFICADOR	desafio-gut/frontend/netlify/functions/cron-reset-programado.mjs	54	lances	if (!Array.isArray(lances) || lances.length === 0) return null;
BACKEND	IDENTIFICADOR	desafio-gut/frontend/netlify/functions/cron-reset-programado.mjs	54	lances	if (!Array.isArray(lances) || lances.length === 0) return null;
BACKEND	IDENTIFICADOR	desafio-gut/frontend/netlify/functions/cron-reset-programado.mjs	56	lances	for (const l of lances) {
BACKEND	IDENTIFICADOR	desafio-gut/frontend/netlify/functions/cron-reset-programado.mjs	67	lance	const lanceVencedor = lances.find((l) => Number(l?.valorCentavos ?? l?.valor) === menor);
BACKEND	IDENTIFICADOR	desafio-gut/frontend/netlify/functions/cron-reset-programado.mjs	67	lances	const lanceVencedor = lances.find((l) => Number(l?.valorCentavos ?? l?.valor) === menor);
BACKEND	IDENTIFICADOR	desafio-gut/frontend/netlify/functions/cron-reset-programado.mjs	70	lance	endereco:      lanceVencedor?.endereco || null,
BACKEND	IDENTIFICADOR	desafio-gut/frontend/netlify/functions/cron-reset-programado.mjs	71	lance	nomeExibicao:  lanceVencedor?.nomeExibicao || null,
BACKEND	IDENTIFICADOR	desafio-gut/frontend/netlify/functions/cron-reset-programado.mjs	72	lance	txHash:        lanceVencedor?.txHash || lanceVencedor?.lanceId || null,
BACKEND	IDENTIFICADOR	desafio-gut/frontend/netlify/functions/cron-reset-programado.mjs	72	lance	txHash:        lanceVencedor?.txHash || lanceVencedor?.lanceId || null,
BACKEND	IDENTIFICADOR	desafio-gut/frontend/netlify/functions/cron-reset-programado.mjs	72	lance	txHash:        lanceVencedor?.txHash || lanceVencedor?.lanceId || null,
BACKEND	COMENTARIO	desafio-gut/frontend/netlify/functions/cron-reset-programado.mjs	91	lances	// 1. Ler snapshot dos lances do programado.
BACKEND	IDENTIFICADOR	desafio-gut/frontend/netlify/functions/cron-reset-programado.mjs	92	Lances	const storeLances = abrirStore(BLOB_LANCES_PROGRAMADO);
BACKEND	IDENTIFICADOR	desafio-gut/frontend/netlify/functions/cron-reset-programado.mjs	92	LANCES	const storeLances = abrirStore(BLOB_LANCES_PROGRAMADO);
BACKEND	IDENTIFICADOR	desafio-gut/frontend/netlify/functions/cron-reset-programado.mjs	93	lances	let snapshot = { lances: [] };
BACKEND	IDENTIFICADOR	desafio-gut/frontend/netlify/functions/cron-reset-programado.mjs	94	Lances	if (storeLances) {
BACKEND	IDENTIFICADOR	desafio-gut/frontend/netlify/functions/cron-reset-programado.mjs	96	Lances	const dados = await storeLances.get(edicaoId, { type: "json" });
BACKEND	STRING-TECNICA	desafio-gut/frontend/netlify/functions/cron-reset-programado.mjs	99	lances	console.warn("[cron-reset] leitura lances-programado falhou:", err?.message);
BACKEND	IDENTIFICADOR	desafio-gut/frontend/netlify/functions/cron-reset-programado.mjs	104	Lance	const vencedor = apurarMenorLanceUnico(snapshot.lances || []);
BACKEND	IDENTIFICADOR	desafio-gut/frontend/netlify/functions/cron-reset-programado.mjs	104	lances	const vencedor = apurarMenorLanceUnico(snapshot.lances || []);
BACKEND	IDENTIFICADOR	desafio-gut/frontend/netlify/functions/cron-reset-programado.mjs	110	Lances	qtdLances: snapshot.lances?.length || 0,
BACKEND	IDENTIFICADOR	desafio-gut/frontend/netlify/functions/cron-reset-programado.mjs	110	lances	qtdLances: snapshot.lances?.length || 0,
BACKEND	TEXTO-UI	desafio-gut/frontend/netlify/functions/cron-reset-programado.mjs	112	lances	acoes: ["persistir resultado", "marcar reset do dia", "limpar lances"],
BACKEND	IDENTIFICADOR	desafio-gut/frontend/netlify/functions/cron-reset-programado.mjs	121	Lances	qtdLances:     snapshot.lances?.length || 0,
BACKEND	IDENTIFICADOR	desafio-gut/frontend/netlify/functions/cron-reset-programado.mjs	121	lances	qtdLances:     snapshot.lances?.length || 0,
BACKEND	IDENTIFICADOR	desafio-gut/frontend/netlify/functions/cron-reset-programado.mjs	123	lances	snapshot:      snapshot.lances || [],
BACKEND	IDENTIFICADOR	desafio-gut/frontend/netlify/functions/cron-reset-programado.mjs	137	Lances	qtdLancesApurados: resultado.qtdLances,
BACKEND	IDENTIFICADOR	desafio-gut/frontend/netlify/functions/cron-reset-programado.mjs	137	Lances	qtdLancesApurados: resultado.qtdLances,
BACKEND	COMENTARIO	desafio-gut/frontend/netlify/functions/cron-reset-programado.mjs	145	lances	// 5. Limpar lances do programado (deixa flash intacto).
BACKEND	IDENTIFICADOR	desafio-gut/frontend/netlify/functions/cron-reset-programado.mjs	146	Lances	if (storeLances) {
BACKEND	IDENTIFICADOR	desafio-gut/frontend/netlify/functions/cron-reset-programado.mjs	147	Lances	try { await storeLances.delete(edicaoId); }
BACKEND	STRING-TECNICA	desafio-gut/frontend/netlify/functions/cron-reset-programado.mjs	148	lances	catch (err) { console.warn("[cron-reset] limpar lances falhou:", err?.message); }
BACKEND	IDENTIFICADOR	desafio-gut/frontend/netlify/functions/cron-reset-programado.mjs	151	Lances	console.info("[cron-reset] concluído", { edicaoId, dataIso, qtdLances: resultado.qtdLances, vencedor: !!vencedor });
BACKEND	IDENTIFICADOR	desafio-gut/frontend/netlify/functions/cron-reset-programado.mjs	151	Lances	console.info("[cron-reset] concluído", { edicaoId, dataIso, qtdLances: resultado.qtdLances, vencedor: !!vencedor });
BACKEND	COMENTARIO	desafio-gut/frontend/netlify/functions/edicoes.mjs	1	leilão	// /.netlify/functions/edicoes — MC15.4 (múltiplas edições de leilão).
BACKEND	COMENTARIO	desafio-gut/frontend/netlify/functions/edicoes.mjs	5	lances	//   Resposta 200: { edicoes: { "<id>": { id, tipo, produto, termino_em, lances, status } } }
BACKEND	COMENTARIO	desafio-gut/frontend/netlify/functions/exportar-dados.mjs	12	lance	// consent-log (entradas do address), lance-idem (idem) e pedidos (idem).
BACKEND	IDENTIFICADOR	desafio-gut/frontend/netlify/functions/exportar-dados.mjs	138	lance	dados.lance_idem  = await coletarPorValor("lance-idem", endereco);
BACKEND	STRING-TECNICA	desafio-gut/frontend/netlify/functions/exportar-dados.mjs	138	lance	dados.lance_idem  = await coletarPorValor("lance-idem", endereco);
BACKEND	COMENTARIO	desafio-gut/frontend/netlify/functions/lance-relampago.mjs	1	lance	// POST /.netlify/functions/lance-relampago
BACKEND	COMENTARIO	desafio-gut/frontend/netlify/functions/lance-relampago.mjs	2	lance	// Header: Authorization: Bearer <token>  — JWT { endereco, tipo:"lance-auth" } emitido por /auth-lance
BACKEND	COMENTARIO	desafio-gut/frontend/netlify/functions/lance-relampago.mjs	2	lance	// Header: Authorization: Bearer <token>  — JWT { endereco, tipo:"lance-auth" } emitido por /auth-lance
BACKEND	COMENTARIO	desafio-gut/frontend/netlify/functions/lance-relampago.mjs	5	lance	// Resposta 200: { ..., idempotent: true }    — lance já processado (idempotência)
BACKEND	COMENTARIO	desafio-gut/frontend/netlify/functions/lance-relampago.mjs	6	lance	// Resposta 201: { ok, lanceId, ... }          — lance novo criado
BACKEND	COMENTARIO	desafio-gut/frontend/netlify/functions/lance-relampago.mjs	6	lance	// Resposta 201: { ok, lanceId, ... }          — lance novo criado
BACKEND	IDENTIFICADOR	desafio-gut/frontend/netlify/functions/lance-relampago.mjs	18	Lance	import { verificarLanceAuth } from "./_lib/jwt.mjs";
BACKEND	IDENTIFICADOR	desafio-gut/frontend/netlify/functions/lance-relampago.mjs	23	Lance	import { registrarEventosDeLance } from "./_lib/notificacoes-usuario.mjs";
BACKEND	IDENTIFICADOR	desafio-gut/frontend/netlify/functions/lance-relampago.mjs	25	Lance	import { addLance } from "./_lib/data-store.mjs";
BACKEND	IDENTIFICADOR	desafio-gut/frontend/netlify/functions/lance-relampago.mjs	26	Lance	import { comprometerLanceOnchain, lerSaldoSenhas } from "./_lib/contract.mjs";
BACKEND	IDENTIFICADOR	desafio-gut/frontend/netlify/functions/lance-relampago.mjs	32	LANCE	const LANCE_MIN_CENTAVOS = 1;
BACKEND	IDENTIFICADOR	desafio-gut/frontend/netlify/functions/lance-relampago.mjs	33	LANCE	const LANCE_MAX_CENTAVOS = 999999;
BACKEND	IDENTIFICADOR	desafio-gut/frontend/netlify/functions/lance-relampago.mjs	35	LANCES	const BLOB_LANCES        = "lances-relampago";
BACKEND	STRING-TECNICA	desafio-gut/frontend/netlify/functions/lance-relampago.mjs	35	lances	const BLOB_LANCES        = "lances-relampago";
BACKEND	STRING-TECNICA	desafio-gut/frontend/netlify/functions/lance-relampago.mjs	36	lance	const BLOB_IDEM          = "lance-idem";
BACKEND	STRING-TECNICA	desafio-gut/frontend/netlify/functions/lance-relampago.mjs	41	lance	console.warn(`[lance-relampago] Blobs ${name} indisponível:`, err?.message);
BACKEND	IDENTIFICADOR	desafio-gut/frontend/netlify/functions/lance-relampago.mjs	49	LANCE	if (n < LANCE_MIN_CENTAVOS || n > LANCE_MAX_CENTAVOS) {
BACKEND	IDENTIFICADOR	desafio-gut/frontend/netlify/functions/lance-relampago.mjs	49	LANCE	if (n < LANCE_MIN_CENTAVOS || n > LANCE_MAX_CENTAVOS) {
BACKEND	TEXTO-UI	desafio-gut/frontend/netlify/functions/lance-relampago.mjs	50	LANCE	throw new ValidationError("valor_fora_do_limite", `valorCentavos deve estar entre ${LANCE_MIN_CENTAVOS} e ${LANCE_MAX_CENTAVOS}`);
BACKEND	TEXTO-UI	desafio-gut/frontend/netlify/functions/lance-relampago.mjs	50	LANCE	throw new ValidationError("valor_fora_do_limite", `valorCentavos deve estar entre ${LANCE_MIN_CENTAVOS} e ${LANCE_MAX_CENTAVOS}`);
BACKEND	STRING-TECNICA	desafio-gut/frontend/netlify/functions/lance-relampago.mjs	67	lance	const rl = await aplicarRateLimit(req, "lance-relampago", 5);
BACKEND	COMENTARIO	desafio-gut/frontend/netlify/functions/lance-relampago.mjs	71	lances	// Se o sistema está em modo pânico (/panic), rejeita novos lances com 503.
BACKEND	COMENTARIO	desafio-gut/frontend/netlify/functions/lance-relampago.mjs	77	lance	// ── 1. Auth: verificar JWT lance-auth ─────────────────────────────────────
BACKEND	TEXTO-UI	desafio-gut/frontend/netlify/functions/lance-relampago.mjs	81	lance	return jsonError(401, "token_ausente", "Authorization: Bearer <token> obrigatório — obtenha via POST /auth-lance");
BACKEND	IDENTIFICADOR	desafio-gut/frontend/netlify/functions/lance-relampago.mjs	85	Lance	jwtPayload = await verificarLanceAuth(authToken);
BACKEND	TEXTO-UI	desafio-gut/frontend/netlify/functions/lance-relampago.mjs	88	lance	return jsonError(401, code, "token inválido ou expirado — obtenha novo via POST /auth-lance");
BACKEND	STRING-TECNICA	desafio-gut/frontend/netlify/functions/lance-relampago.mjs	92	lance	const mfaBlock = requireMfa(req, jwtPayload, "lance-relampago");
BACKEND	COMENTARIO	desafio-gut/frontend/netlify/functions/lance-relampago.mjs	120	Lance	// ── 4.5. MC49.3.1 — Lance relâmpago liberado para QUALQUER carteira autenticada
BACKEND	COMENTARIO	desafio-gut/frontend/netlify/functions/lance-relampago.mjs	124	lance	//   lance-auth (passo 1); o MFA gate (passo 1.5), o anti-IDOR (passo 4) e a
BACKEND	STRING-TECNICA	desafio-gut/frontend/netlify/functions/lance-relampago.mjs	139	lance	console.info("[lance-relampago] início", {
BACKEND	COMENTARIO	desafio-gut/frontend/netlify/functions/lance-relampago.mjs	141	lance	role, // MC49.3.1 — auditoria: papel do autor do lance (não bloqueia; ver passo 4.5)
BACKEND	IDENTIFICADOR	desafio-gut/frontend/netlify/functions/lance-relampago.mjs	150	lance	if (existente?.lanceId) {
BACKEND	STRING-TECNICA	desafio-gut/frontend/netlify/functions/lance-relampago.mjs	151	lance	console.info("[lance-relampago] idempotent hit", { endereco, idempotencyKey });
BACKEND	STRING-TECNICA	desafio-gut/frontend/netlify/functions/lance-relampago.mjs	155	lance	console.warn("[lance-relampago] leitura lance-idem falhou (não-fatal):", err?.message);
BACKEND	STRING-TECNICA	desafio-gut/frontend/netlify/functions/lance-relampago.mjs	155	lance	console.warn("[lance-relampago] leitura lance-idem falhou (não-fatal):", err?.message);
BACKEND	STRING-TECNICA	desafio-gut/frontend/netlify/functions/lance-relampago.mjs	169	lance	console.warn("[lance-relampago] buscarEdicao falhou — tratando como relampago:", err?.message);
BACKEND	STRING-TECNICA	desafio-gut/frontend/netlify/functions/lance-relampago.mjs	181	lance	console.error("[lance-relampago:programado] lerSaldoSenhas falhou:", err?.message);
BACKEND	STRING-TECNICA	desafio-gut/frontend/netlify/functions/lance-relampago.mjs	211	lance	debito = await debitarSaldoRs({ endereco, valorCentavos, motivo: `lance-${edicaoId}` });
BACKEND	IDENTIFICADOR	desafio-gut/frontend/netlify/functions/lance-relampago.mjs	218	lance	const lanceId = randomUUID();
BACKEND	IDENTIFICADOR	desafio-gut/frontend/netlify/functions/lance-relampago.mjs	220	lance	lanceId, edicaoId, endereco, valorCentavos, nomeExibicao,
BACKEND	COMENTARIO	desafio-gut/frontend/netlify/functions/lance-relampago.mjs	228	lance	// ── 7. Persistir lance ─────────────────────────────────────────────────────
BACKEND	COMENTARIO	desafio-gut/frontend/netlify/functions/lance-relampago.mjs	234	lance	// Blob por-lance, isolado e imutável (sem race; G-3 resolvido).
BACKEND	IDENTIFICADOR	desafio-gut/frontend/netlify/functions/lance-relampago.mjs	237	Lance	const hashLance = keccak256(
BACKEND	IDENTIFICADOR	desafio-gut/frontend/netlify/functions/lance-relampago.mjs	240	Lance	await comprometerLanceOnchain(edicaoId, endereco, hashLance);
BACKEND	IDENTIFICADOR	desafio-gut/frontend/netlify/functions/lance-relampago.mjs	240	Lance	await comprometerLanceOnchain(edicaoId, endereco, hashLance);
BACKEND	IDENTIFICADOR	desafio-gut/frontend/netlify/functions/lance-relampago.mjs	241	Lance	registro.commitmentHash = hashLance;
BACKEND	IDENTIFICADOR	desafio-gut/frontend/netlify/functions/lance-relampago.mjs	245	Lance	registro.key = await addLance(edicaoId, registro);
BACKEND	COMENTARIO	desafio-gut/frontend/netlify/functions/lance-relampago.mjs	247	lance	// Em mainnet a falha é FATAL: não gravar lance sem o commitment correspondente.
BACKEND	STRING-TECNICA	desafio-gut/frontend/netlify/functions/lance-relampago.mjs	248	lance	console.error("[lance-relampago] blindagem (commit/KPB) falhou:", err?.message);
BACKEND	TEXTO-UI	desafio-gut/frontend/netlify/functions/lance-relampago.mjs	249	lance	return jsonError(502, "blindagem_falhou", "não foi possível registar o lance blindado");
BACKEND	IDENTIFICADOR	desafio-gut/frontend/netlify/functions/lance-relampago.mjs	253	LANCES	const store = abrirStore(BLOB_LANCES);
BACKEND	IDENTIFICADOR	desafio-gut/frontend/netlify/functions/lance-relampago.mjs	256	lances	const existente = (await store.get(edicaoId, { type: "json" })) || { lances: [] };
BACKEND	IDENTIFICADOR	desafio-gut/frontend/netlify/functions/lance-relampago.mjs	257	lances	existente.lances.push(registro);
BACKEND	COMENTARIO	desafio-gut/frontend/netlify/functions/lance-relampago.mjs	260	lance	// ── MC15.7 ITEM 1 — notificações de unicidade (fail-soft; nunca quebra o lance)
BACKEND	IDENTIFICADOR	desafio-gut/frontend/netlify/functions/lance-relampago.mjs	262	Lance	await registrarEventosDeLance({
BACKEND	IDENTIFICADOR	desafio-gut/frontend/netlify/functions/lance-relampago.mjs	263	lances	lances: existente.lances, valorCentavos, edicaoId, autorEndereco: endereco,
BACKEND	IDENTIFICADOR	desafio-gut/frontend/netlify/functions/lance-relampago.mjs	263	lances	lances: existente.lances, valorCentavos, edicaoId, autorEndereco: endereco,
BACKEND	STRING-TECNICA	desafio-gut/frontend/netlify/functions/lance-relampago.mjs	266	lance	console.warn("[lance-relampago] notificação de unicidade falhou (não-fatal):", err?.message);
BACKEND	COMENTARIO	desafio-gut/frontend/netlify/functions/lance-relampago.mjs	271	lance	// tornando a recompensa imediata (sem exigir 1.º lance). O gancho do 1.º lance
BACKEND	COMENTARIO	desafio-gut/frontend/netlify/functions/lance-relampago.mjs	271	lance	// tornando a recompensa imediata (sem exigir 1.º lance). O gancho do 1.º lance
BACKEND	STRING-TECNICA	desafio-gut/frontend/netlify/functions/lance-relampago.mjs	275	lance	console.warn("[lance-relampago] persistir lance falhou (não-fatal):", err?.message);
BACKEND	STRING-TECNICA	desafio-gut/frontend/netlify/functions/lance-relampago.mjs	275	lance	console.warn("[lance-relampago] persistir lance falhou (não-fatal):", err?.message);
BACKEND	IDENTIFICADOR	desafio-gut/frontend/netlify/functions/lance-relampago.mjs	286	lance	lanceId, edicaoId, endereco, valorCentavos, nomeExibicao,
BACKEND	STRING-TECNICA	desafio-gut/frontend/netlify/functions/lance-relampago.mjs	294	lance	console.warn("[lance-relampago] persistir lance-idem falhou (não-fatal):", err?.message);
BACKEND	STRING-TECNICA	desafio-gut/frontend/netlify/functions/lance-relampago.mjs	294	lance	console.warn("[lance-relampago] persistir lance-idem falhou (não-fatal):", err?.message);
BACKEND	STRING-TECNICA	desafio-gut/frontend/netlify/functions/lance-relampago.mjs	299	lance	console.info("[lance-relampago] concluído", {
BACKEND	IDENTIFICADOR	desafio-gut/frontend/netlify/functions/lance-relampago.mjs	300	lance	endereco, valorCentavos, edicaoId, lanceId,
BACKEND	IDENTIFICADOR	desafio-gut/frontend/netlify/functions/lance-relampago.mjs	307	lance	lanceId, edicaoId, endereco, valorCentavos, nomeExibicao,
BACKEND	COMENTARIO	desafio-gut/frontend/netlify/functions/lances-flash.mjs	1	lances	// GET /.netlify/functions/lances-flash?edicaoId=R-1
BACKEND	COMENTARIO	desafio-gut/frontend/netlify/functions/lances-flash.mjs	2	lances	// Retorna array de lances flash do blob lances-relampago:{edicaoId}.
BACKEND	COMENTARIO	desafio-gut/frontend/netlify/functions/lances-flash.mjs	2	lances	// Retorna array de lances flash do blob lances-relampago:{edicaoId}.
BACKEND	IDENTIFICADOR	desafio-gut/frontend/netlify/functions/lances-flash.mjs	10	LANCES	const BLOB_LANCES   = "lances-relampago";
BACKEND	STRING-TECNICA	desafio-gut/frontend/netlify/functions/lances-flash.mjs	10	lances	const BLOB_LANCES   = "lances-relampago";
BACKEND	STRING-TECNICA	desafio-gut/frontend/netlify/functions/lances-flash.mjs	16	lances	console.warn(`[lances-flash] Blobs ${name} indisponível:`, err?.message);
BACKEND	COMENTARIO	desafio-gut/frontend/netlify/functions/lances-flash.mjs	38	leilão	// MC28.1 R9: em mainnet a unicidade fica oculta durante o leilão (anti-bot).
BACKEND	TEXTO-UI	desafio-gut/frontend/netlify/functions/lances-flash.mjs	41	leilão	"verificação de unicidade fica blindada durante o leilão na mainnet");
BACKEND	IDENTIFICADOR	desafio-gut/frontend/netlify/functions/lances-flash.mjs	52	LANCES	const store = abrirStore(BLOB_LANCES);
BACKEND	IDENTIFICADOR	desafio-gut/frontend/netlify/functions/lances-flash.mjs	55	Lances	let rawLances = [];
BACKEND	IDENTIFICADOR	desafio-gut/frontend/netlify/functions/lances-flash.mjs	58	Lances	rawLances = blob?.lances ?? [];
BACKEND	IDENTIFICADOR	desafio-gut/frontend/netlify/functions/lances-flash.mjs	58	lances	rawLances = blob?.lances ?? [];
BACKEND	STRING-TECNICA	desafio-gut/frontend/netlify/functions/lances-flash.mjs	60	lances	console.warn("[lances-flash] verificar blob falhou:", err?.message);
BACKEND	IDENTIFICADOR	desafio-gut/frontend/netlify/functions/lances-flash.mjs	64	Lances	const count = rawLances.filter((l) => l.valorCentavos === valor).length;
BACKEND	IDENTIFICADOR	desafio-gut/frontend/netlify/functions/lances-flash.mjs	68	LANCES	const store = abrirStore(BLOB_LANCES);
BACKEND	IDENTIFICADOR	desafio-gut/frontend/netlify/functions/lances-flash.mjs	70	lances	return jsonResponse({ edicaoId, lances: [] });
BACKEND	IDENTIFICADOR	desafio-gut/frontend/netlify/functions/lances-flash.mjs	73	Lances	let rawLances = [];
BACKEND	IDENTIFICADOR	desafio-gut/frontend/netlify/functions/lances-flash.mjs	76	Lances	rawLances  = blob?.lances ?? [];
BACKEND	IDENTIFICADOR	desafio-gut/frontend/netlify/functions/lances-flash.mjs	76	lances	rawLances  = blob?.lances ?? [];
BACKEND	STRING-TECNICA	desafio-gut/frontend/netlify/functions/lances-flash.mjs	78	lances	console.warn("[lances-flash] leitura blob falhou:", err?.message);
BACKEND	IDENTIFICADOR	desafio-gut/frontend/netlify/functions/lances-flash.mjs	79	lances	return jsonResponse({ edicaoId, lances: [] });
BACKEND	IDENTIFICADOR	desafio-gut/frontend/netlify/functions/lances-flash.mjs	87	lances	const lances = rawLances.map((l) => ({
BACKEND	IDENTIFICADOR	desafio-gut/frontend/netlify/functions/lances-flash.mjs	87	Lances	const lances = rawLances.map((l) => ({
BACKEND	IDENTIFICADOR	desafio-gut/frontend/netlify/functions/lances-flash.mjs	88	lance	lanceId:        l.lanceId,
BACKEND	IDENTIFICADOR	desafio-gut/frontend/netlify/functions/lances-flash.mjs	88	lance	lanceId:        l.lanceId,
BACKEND	COMENTARIO	desafio-gut/frontend/netlify/functions/lances-flash.mjs	90	leilão	valor:          null,            // blindado — não revelar durante o leilão
BACKEND	IDENTIFICADOR	desafio-gut/frontend/netlify/functions/lances-flash.mjs	94	lance	txHash:         l.lanceId,
BACKEND	IDENTIFICADOR	desafio-gut/frontend/netlify/functions/lances-flash.mjs	97	lances	return jsonResponse({ edicaoId, ocultoAteConsolidar: true, lances });
BACKEND	IDENTIFICADOR	desafio-gut/frontend/netlify/functions/lances-flash.mjs	102	Lances	for (const l of rawLances) {
BACKEND	IDENTIFICADOR	desafio-gut/frontend/netlify/functions/lances-flash.mjs	106	lances	const lances = rawLances.map((l) => ({
BACKEND	IDENTIFICADOR	desafio-gut/frontend/netlify/functions/lances-flash.mjs	106	Lances	const lances = rawLances.map((l) => ({
BACKEND	IDENTIFICADOR	desafio-gut/frontend/netlify/functions/lances-flash.mjs	107	lance	lanceId:      l.lanceId,
BACKEND	IDENTIFICADOR	desafio-gut/frontend/netlify/functions/lances-flash.mjs	107	lance	lanceId:      l.lanceId,
BACKEND	IDENTIFICADOR	desafio-gut/frontend/netlify/functions/lances-flash.mjs	111	lance	txHash:       l.lanceId,
BACKEND	IDENTIFICADOR	desafio-gut/frontend/netlify/functions/lances-flash.mjs	115	lances	return jsonResponse({ edicaoId, lances });
BACKEND	COMENTARIO	desafio-gut/frontend/netlify/functions/monitor-onchain.mjs	11	Lance	//   2. Busca eventos LanceDado entre (ultimoBloco+1) e blocoAtual.
BACKEND	COMENTARIO	desafio-gut/frontend/netlify/functions/monitor-onchain.mjs	12	lances	//   3. Anomalia 1 (burst): >5 lances do mesmo `lancador` na janela →
BACKEND	IDENTIFICADOR	desafio-gut/frontend/netlify/functions/monitor-onchain.mjs	30	Lance	import { getLanceDadoEvents, getBlocoAtual } from "./_lib/contract.mjs";
BACKEND	COMENTARIO	desafio-gut/frontend/netlify/functions/monitor-onchain.mjs	43	lances	const LIMIAR_BURST        = 5;     // lances/lancador na janela
BACKEND	IDENTIFICADOR	desafio-gut/frontend/netlify/functions/monitor-onchain.mjs	61	lances	for (const [lancador, lances] of por) {
BACKEND	IDENTIFICADOR	desafio-gut/frontend/netlify/functions/monitor-onchain.mjs	62	lances	if (lances.length > LIMIAR_BURST) {
BACKEND	IDENTIFICADOR	desafio-gut/frontend/netlify/functions/monitor-onchain.mjs	63	lances	bursts.push({ lancador, count: lances.length, txHashes: lances.map((l) => l.txHash) });
BACKEND	IDENTIFICADOR	desafio-gut/frontend/netlify/functions/monitor-onchain.mjs	63	lances	bursts.push({ lancador, count: lances.length, txHashes: lances.map((l) => l.txHash) });
BACKEND	IDENTIFICADOR	desafio-gut/frontend/netlify/functions/monitor-onchain.mjs	138	Lance	const lote = await getLanceDadoEvents(ini, fim);
BACKEND	STRING-TECNICA	desafio-gut/frontend/netlify/functions/monitor-onchain.mjs	143	Lance	console.error("[monitor-onchain] getLanceDadoEvents falhou:", err?.message);
BACKEND	COMENTARIO	desafio-gut/frontend/netlify/functions/notificacoes.mjs	11	lance	//   - lance_invalido    : reservado (sem fonte de dados própria — emitido vazio).
BACKEND	TEXTO-UI	desafio-gut/frontend/netlify/functions/notificacoes.mjs	109	lances	mensagem: "Sistema em modo pânico — lances bloqueados.",
BACKEND	STRING-TECNICA	desafio-gut/frontend/netlify/functions/package-lock.json	1811	lance	"node_modules/@typescript-eslint/typescript-estree/node_modules/balanced-match": {
BACKEND	COMENTARIO	desafio-gut/frontend/netlify/functions/package-lock.json	1813	lance	"resolved": "https://registry.npmjs.org/balanced-match/-/balanced-match-4.0.4.tgz",
BACKEND	COMENTARIO	desafio-gut/frontend/netlify/functions/package-lock.json	1813	lance	"resolved": "https://registry.npmjs.org/balanced-match/-/balanced-match-4.0.4.tgz",
BACKEND	STRING-TECNICA	desafio-gut/frontend/netlify/functions/package-lock.json	1826	lance	"balanced-match": "^4.0.2"
BACKEND	STRING-TECNICA	desafio-gut/frontend/netlify/functions/package-lock.json	2328	lance	"node_modules/balanced-match": {
BACKEND	COMENTARIO	desafio-gut/frontend/netlify/functions/package-lock.json	2330	lance	"resolved": "https://registry.npmjs.org/balanced-match/-/balanced-match-1.0.2.tgz",
BACKEND	COMENTARIO	desafio-gut/frontend/netlify/functions/package-lock.json	2330	lance	"resolved": "https://registry.npmjs.org/balanced-match/-/balanced-match-1.0.2.tgz",
BACKEND	STRING-TECNICA	desafio-gut/frontend/netlify/functions/package-lock.json	2460	lance	"balanced-match": "^1.0.0"
BACKEND	COMENTARIO	desafio-gut/frontend/netlify/functions/produtos.mjs	1	Leilão	// Produtos — Marketplace Local com Leilão de Menor Lance Único (MC15).
BACKEND	COMENTARIO	desafio-gut/frontend/netlify/functions/produtos.mjs	1	Lance	// Produtos — Marketplace Local com Leilão de Menor Lance Único (MC15).
BACKEND	COMENTARIO	desafio-gut/frontend/netlify/functions/purge-lances.mjs	1	lances	// POST /.netlify/functions/purge-lances
BACKEND	COMENTARIO	desafio-gut/frontend/netlify/functions/purge-lances.mjs	3	lances	// Deleta a chave lances-relampago:{edicaoId} no Netlify Blobs e remove
BACKEND	COMENTARIO	desafio-gut/frontend/netlify/functions/purge-lances.mjs	4	lance	// entradas relacionadas em lance-idem (cujo valor referencia o mesmo edicaoId).
BACKEND	IDENTIFICADOR	desafio-gut/frontend/netlify/functions/purge-lances.mjs	13	LANCES	const BLOB_LANCES   = "lances-relampago";
BACKEND	STRING-TECNICA	desafio-gut/frontend/netlify/functions/purge-lances.mjs	13	lances	const BLOB_LANCES   = "lances-relampago";
BACKEND	STRING-TECNICA	desafio-gut/frontend/netlify/functions/purge-lances.mjs	14	lance	const BLOB_IDEM     = "lance-idem";
BACKEND	STRING-TECNICA	desafio-gut/frontend/netlify/functions/purge-lances.mjs	20	lances	console.warn(`[purge-lances] Blobs ${name} indisponível:`, err?.message);
BACKEND	COMENTARIO	desafio-gut/frontend/netlify/functions/purge-lances.mjs	37	lances	// Endpoint destrutivo: sem este guard qualquer um apagaria os lances da edição ativa.
BACKEND	IDENTIFICADOR	desafio-gut/frontend/netlify/functions/purge-lances.mjs	50	lances	const resultado = { ok: true, purged: edicaoId, lancesRemovido: false, idemRemovidos: 0 };
BACKEND	IDENTIFICADOR	desafio-gut/frontend/netlify/functions/purge-lances.mjs	52	Lances	const storeLances = abrirStore(BLOB_LANCES);
BACKEND	IDENTIFICADOR	desafio-gut/frontend/netlify/functions/purge-lances.mjs	52	LANCES	const storeLances = abrirStore(BLOB_LANCES);
BACKEND	IDENTIFICADOR	desafio-gut/frontend/netlify/functions/purge-lances.mjs	53	Lances	if (storeLances) {
BACKEND	IDENTIFICADOR	desafio-gut/frontend/netlify/functions/purge-lances.mjs	55	Lances	const existente = await storeLances.get(edicaoId, { type: "json" });
BACKEND	IDENTIFICADOR	desafio-gut/frontend/netlify/functions/purge-lances.mjs	57	Lances	await storeLances.delete(edicaoId);
BACKEND	IDENTIFICADOR	desafio-gut/frontend/netlify/functions/purge-lances.mjs	58	lances	resultado.lancesRemovido = true;
BACKEND	STRING-TECNICA	desafio-gut/frontend/netlify/functions/purge-lances.mjs	61	lances	console.warn("[purge-lances] delete lances falhou:", err?.message);
BACKEND	STRING-TECNICA	desafio-gut/frontend/netlify/functions/purge-lances.mjs	61	lances	console.warn("[purge-lances] delete lances falhou:", err?.message);
BACKEND	STRING-TECNICA	desafio-gut/frontend/netlify/functions/purge-lances.mjs	77	lances	console.warn(`[purge-lances] inspeção idem ${key} falhou:`, err?.message);
BACKEND	STRING-TECNICA	desafio-gut/frontend/netlify/functions/purge-lances.mjs	81	lances	console.warn("[purge-lances] list lance-idem falhou:", err?.message);
BACKEND	STRING-TECNICA	desafio-gut/frontend/netlify/functions/purge-lances.mjs	81	lance	console.warn("[purge-lances] list lance-idem falhou:", err?.message);
BACKEND	STRING-TECNICA	desafio-gut/frontend/netlify/functions/purge-lances.mjs	85	lances	console.info("[purge-lances] concluído", resultado);
BACKEND	STRING-TECNICA	desafio-gut/frontend/netlify/functions/purge-logs.mjs	29	lance	"lance-idem":       { dias: 13 * 30, tsKey: "criadoEm" },
BACKEND	COMENTARIO	desafio-gut/frontend/netlify/functions/recursos-app.mjs	4	Leilao	//   → { plataforma, isLeilaoAtivo, isPagamentoNativoAtivo }
BACKEND	COMENTARIO	desafio-gut/frontend/netlify/functions/recursos-app.mjs	8	leilão	// leitura → valores DEFAULT (PWA mantém o leilão ativo).
BACKEND	COMENTARIO	desafio-gut/frontend/netlify/functions/referral.mjs	132	lance	// MC17.4.1 — recompensa IMEDIATA no registo (antes: só no 1.º lance).
BACKEND	COMENTARIO	desafio-gut/frontend/netlify/functions/saldo-rs.mjs	6	lance	// pelas functions (PIX confirmado, comprar-senhas, lance-relampago).
BACKEND	COMENTARIO	desafio-gut/frontend/netlify/functions/saldo-senhas.mjs	3	Leilao	//   saldoEfetivo = saldoOnChain (contrato LeilaoGUT) − senhasConsumidas
BACKEND	COMENTARIO	desafio-gut/frontend/netlify/functions/saldo-senhas.mjs	4	lances	//                  (ledger off-chain de lances programados)
BACKEND	COMENTARIO	desafio-gut/frontend/netlify/functions/saldo-senhas.mjs	9	lance	// padrão do saldo-rs. O ledger só é mutado por lance-relampago (modo
BACKEND	COMENTARIO	desafio-gut/frontend/netlify/functions/saldo-senhas.mjs	63	lances	// Ledger de consumo em lances programados (fail-soft: sem ledger, efetivo =
BACKEND	COMENTARIO	desafio-gut/frontend/netlify/functions/troco.mjs	7	lance	//       Bearer lance-auth (igual /comprar-senhas). Consome FIFO off-chain e credita
BACKEND	IDENTIFICADOR	desafio-gut/frontend/netlify/functions/troco.mjs	17	Lance	import { verificarUserSession, verificarLanceAuth } from "./_lib/jwt.mjs";
BACKEND	TEXTO-UI	desafio-gut/frontend/netlify/functions/troco.mjs	52	lance	if (!authToken) return jsonError(401, "token_ausente", "Authorization: Bearer <lance-auth> obrigatório — obtenha via POST /auth-lance");
BACKEND	TEXTO-UI	desafio-gut/frontend/netlify/functions/troco.mjs	52	lance	if (!authToken) return jsonError(401, "token_ausente", "Authorization: Bearer <lance-auth> obrigatório — obtenha via POST /auth-lance");
BACKEND	IDENTIFICADOR	desafio-gut/frontend/netlify/functions/troco.mjs	54	Lance	try { jwtPayload = await verificarLanceAuth(authToken); }
BACKEND	TEXTO-UI	desafio-gut/frontend/netlify/functions/troco.mjs	57	lance	return jsonError(401, code, "token inválido ou expirado — obtenha novo via POST /auth-lance");
BACKEND	COMENTARIO	desafio-gut/frontend/netlify/functions/voucher.mjs	15	lance	//     headers: Authorization: Bearer <JWT lance-auth>
BACKEND	COMENTARIO	desafio-gut/frontend/netlify/functions/voucher.mjs	29	lance	//   - Resgate exige JWT lance-auth para garantir que o endereco_resgatador
BACKEND	COMENTARIO	desafio-gut/frontend/netlify/functions/voucher.mjs	30	lance	//     pertence a quem chamou — mesmo critério do lance-relampago.
BACKEND	IDENTIFICADOR	desafio-gut/frontend/netlify/functions/voucher.mjs	41	Lance	import { verificarLanceAuth, verificarUserSession } from "./_lib/jwt.mjs";
BACKEND	IDENTIFICADOR	desafio-gut/frontend/netlify/functions/voucher.mjs	150	Lance	try { jwtPayload = await verificarLanceAuth(authToken); }
BACKEND	STRING-TECNICA	desafio-gut/frontend/netlify/functions/_lib/admin-metricas.mjs	114	lance	const hex = await rpc(url, "eth_getBalance", [eoa, "latest"]);
BACKEND	STRING-TECNICA	desafio-gut/frontend/netlify/functions/_lib/admin-metricas.mjs	117	lance	console.warn("[admin-metricas] eth_getBalance falhou:", err?.message);
BACKEND	IDENTIFICADOR	desafio-gut/frontend/netlify/functions/_lib/admin-metricas.mjs	153	Lances	const [rCotas, rSaldo, rCreditos, rLances, rFila] = await Promise.allSettled([
BACKEND	STRING-TECNICA	desafio-gut/frontend/netlify/functions/_lib/admin-metricas.mjs	163	lances	sb.from("lances").select("endereco"),
BACKEND	IDENTIFICADOR	desafio-gut/frontend/netlify/functions/_lib/admin-metricas.mjs	182	lances	const lances   = dados(rLances,   "lances");
BACKEND	IDENTIFICADOR	desafio-gut/frontend/netlify/functions/_lib/admin-metricas.mjs	182	Lances	const lances   = dados(rLances,   "lances");
BACKEND	STRING-TECNICA	desafio-gut/frontend/netlify/functions/_lib/admin-metricas.mjs	182	lances	const lances   = dados(rLances,   "lances");
BACKEND	IDENTIFICADOR	desafio-gut/frontend/netlify/functions/_lib/admin-metricas.mjs	190	lances	if (cotas || saldo || creditos || lances) {
BACKEND	IDENTIFICADOR	desafio-gut/frontend/netlify/functions/_lib/admin-metricas.mjs	204	lances	lances:   lances   ? conta(lances,   (l) => l.endereco)             : null,
BACKEND	IDENTIFICADOR	desafio-gut/frontend/netlify/functions/_lib/admin-metricas.mjs	204	lances	lances:   lances   ? conta(lances,   (l) => l.endereco)             : null,
BACKEND	IDENTIFICADOR	desafio-gut/frontend/netlify/functions/_lib/admin-metricas.mjs	204	lances	lances:   lances   ? conta(lances,   (l) => l.endereco)             : null,
BACKEND	COMENTARIO	desafio-gut/frontend/netlify/functions/_lib/bids-store.mjs	2	lance	// Cada lance é UMA chave isolada e imutável → ZERO read-modify-write, logo
BACKEND	COMENTARIO	desafio-gut/frontend/netlify/functions/_lib/bids-store.mjs	8	lances	//     lances do mesmo utilizador no MESMO milissegundo nunca colidem (ITEM 2.2).
BACKEND	COMENTARIO	desafio-gut/frontend/netlify/functions/_lib/bids-store.mjs	26	lance	/** Grava um lance numa chave única e imutável. NUNCA sobrescreve outro lance. */
BACKEND	COMENTARIO	desafio-gut/frontend/netlify/functions/_lib/bids-store.mjs	26	lance	/** Grava um lance numa chave única e imutável. NUNCA sobrescreve outro lance. */
BACKEND	COMENTARIO	desafio-gut/frontend/netlify/functions/_lib/bids-store.mjs	33	lance	/** Lista exaustiva das chaves de lance de uma edição (paginação por cursor). */
BACKEND	COMENTARIO	desafio-gut/frontend/netlify/functions/_lib/bids-store.mjs	49	lances	/** Lê TODOS os lances de uma edição, em lotes paralelos limitados (anti-timeout). */
BACKEND	STRING-TECNICA	desafio-gut/frontend/netlify/functions/_lib/conta-delete.mjs	31	lances	const SUPA_DELETE_POR_ENDERECO = ["lances", "lojistas", "atividade_utilizadores"];
BACKEND	STRING-TECNICA	desafio-gut/frontend/netlify/functions/_lib/conta-delete.mjs	42	lance	const BLOBS_DELETE_POR_VALOR = ["lance-idem"];
BACKEND	TEXTO-UI	desafio-gut/frontend/netlify/functions/_lib/conta-delete.mjs	50	lances	descricao: "Saldo de senhas e histórico de lances registrados no smart contract " +
BACKEND	COMENTARIO	desafio-gut/frontend/netlify/functions/_lib/contract.mjs	27	Lance	// Evento emitido por darLance(idEdicao, valorEmCentavos) — usado pelo
BACKEND	TEXTO-UI	desafio-gut/frontend/netlify/functions/_lib/contract.mjs	29	Lance	"event LanceDado(string idEdicao, address indexed lancador, uint256 valorEmCentavos, bool repetido, uint256 timestamp)",
BACKEND	TEXTO-UI	desafio-gut/frontend/netlify/functions/_lib/contract.mjs	31	Lance	"function comprometerLance(string idEdicao, address lancador, bytes32 hashLance) public",
BACKEND	TEXTO-UI	desafio-gut/frontend/netlify/functions/_lib/contract.mjs	31	Lance	"function comprometerLance(string idEdicao, address lancador, bytes32 hashLance) public",
BACKEND	TEXTO-UI	desafio-gut/frontend/netlify/functions/_lib/contract.mjs	35	Lance	"event LanceComprometido(string idEdicao, address indexed lancador, bytes32 hashLance)",
BACKEND	TEXTO-UI	desafio-gut/frontend/netlify/functions/_lib/contract.mjs	35	Lance	"event LanceComprometido(string idEdicao, address indexed lancador, bytes32 hashLance)",
BACKEND	COMENTARIO	desafio-gut/frontend/netlify/functions/_lib/contract.mjs	258	Lance	* Lê eventos LanceDado do contrato em um intervalo de blocos.
BACKEND	IDENTIFICADOR	desafio-gut/frontend/netlify/functions/_lib/contract.mjs	265	Lance	export async function getLanceDadoEvents(fromBlock, toBlock = "latest") {
BACKEND	IDENTIFICADOR	desafio-gut/frontend/netlify/functions/_lib/contract.mjs	267	Lance	const filter = ro.filters.LanceDado();
BACKEND	IDENTIFICADOR	desafio-gut/frontend/netlify/functions/_lib/contract.mjs	297	Lance	export async function comprometerLanceOnchain(idEdicao, lancador, hashLance) {
BACKEND	IDENTIFICADOR	desafio-gut/frontend/netlify/functions/_lib/contract.mjs	297	Lance	export async function comprometerLanceOnchain(idEdicao, lancador, hashLance) {
BACKEND	IDENTIFICADOR	desafio-gut/frontend/netlify/functions/_lib/contract.mjs	299	Lance	const tx = await contract.comprometerLance(idEdicao, lancador, hashLance);
BACKEND	IDENTIFICADOR	desafio-gut/frontend/netlify/functions/_lib/contract.mjs	299	Lance	const tx = await contract.comprometerLance(idEdicao, lancador, hashLance);
BACKEND	COMENTARIO	desafio-gut/frontend/netlify/functions/_lib/data-store-blobs.mjs	6	Lances	//   - getLances/addLance  → reutilizam bids-store.mjs (Key-Per-Bid, MC28).
BACKEND	COMENTARIO	desafio-gut/frontend/netlify/functions/_lib/data-store-blobs.mjs	6	Lance	//   - getLances/addLance  → reutilizam bids-store.mjs (Key-Per-Bid, MC28).
BACKEND	COMENTARIO	desafio-gut/frontend/netlify/functions/_lib/data-store-blobs.mjs	7	lances	//     ZERO alteração à blindagem de lances: apenas delegamos.
BACKEND	COMENTARIO	desafio-gut/frontend/netlify/functions/_lib/data-store-blobs.mjs	45	lances	/** Lê todos os lances de uma edição (delega na paginação/paralelismo do MC28). */
BACKEND	IDENTIFICADOR	desafio-gut/frontend/netlify/functions/_lib/data-store-blobs.mjs	46	Lances	export async function getLances(edicaoId) {
BACKEND	COMENTARIO	desafio-gut/frontend/netlify/functions/_lib/data-store-blobs.mjs	51	lance	* Acrescenta um lance a uma edição (delega no Key-Per-Bid do MC28).
BACKEND	COMENTARIO	desafio-gut/frontend/netlify/functions/_lib/data-store-blobs.mjs	52	lance	* `lance` deve conter pelo menos `endereco` (ou `lancador`); o restante vira
BACKEND	IDENTIFICADOR	desafio-gut/frontend/netlify/functions/_lib/data-store-blobs.mjs	55	Lance	export async function addLance(edicaoId, lance) {
BACKEND	IDENTIFICADOR	desafio-gut/frontend/netlify/functions/_lib/data-store-blobs.mjs	55	lance	export async function addLance(edicaoId, lance) {
BACKEND	IDENTIFICADOR	desafio-gut/frontend/netlify/functions/_lib/data-store-blobs.mjs	56	lance	const endereco = lance?.endereco ?? lance?.lancador;
BACKEND	IDENTIFICADOR	desafio-gut/frontend/netlify/functions/_lib/data-store-blobs.mjs	56	lance	const endereco = lance?.endereco ?? lance?.lancador;
BACKEND	TEXTO-UI	desafio-gut/frontend/netlify/functions/_lib/data-store-blobs.mjs	57	Lance	if (!endereco) throw new Error("[data-store-blobs] addLance: lance sem endereco/lancador");
BACKEND	TEXTO-UI	desafio-gut/frontend/netlify/functions/_lib/data-store-blobs.mjs	57	lance	if (!endereco) throw new Error("[data-store-blobs] addLance: lance sem endereco/lancador");
BACKEND	IDENTIFICADOR	desafio-gut/frontend/netlify/functions/_lib/data-store-blobs.mjs	58	lance	return gravarBid({ edicaoId, endereco, registro: lance });
BACKEND	COMENTARIO	desafio-gut/frontend/netlify/functions/_lib/data-store-supabase.mjs	16	lances	//   - lances: lances.payload (JSONB) guarda o registro imutável COMPLETO,
BACKEND	COMENTARIO	desafio-gut/frontend/netlify/functions/_lib/data-store-supabase.mjs	16	lances	//   - lances: lances.payload (JSONB) guarda o registro imutável COMPLETO,
BACKEND	COMENTARIO	desafio-gut/frontend/netlify/functions/_lib/data-store-supabase.mjs	18	lance	//     hash_lance, valor_centavos) servem índices/queries.
BACKEND	IDENTIFICADOR	desafio-gut/frontend/netlify/functions/_lib/data-store-supabase.mjs	27	LANCES	const TABELA_LANCES = "lances";
BACKEND	STRING-TECNICA	desafio-gut/frontend/netlify/functions/_lib/data-store-supabase.mjs	27	lances	const TABELA_LANCES = "lances";
BACKEND	COMENTARIO	desafio-gut/frontend/netlify/functions/_lib/data-store-supabase.mjs	30	lances	// leitura paginada de lances (ver getLances / K1 do MC33).
BACKEND	COMENTARIO	desafio-gut/frontend/netlify/functions/_lib/data-store-supabase.mjs	30	Lances	// leitura paginada de lances (ver getLances / K1 do MC33).
BACKEND	IDENTIFICADOR	desafio-gut/frontend/netlify/functions/_lib/data-store-supabase.mjs	31	LANCES	const PAGINA_LANCES = 1000;
BACKEND	COMENTARIO	desafio-gut/frontend/netlify/functions/_lib/data-store-supabase.mjs	72	lances	* Lê TODOS os lances de uma edição (ordem cronológica), devolvendo o registro
BACKEND	COMENTARIO	desafio-gut/frontend/netlify/functions/_lib/data-store-supabase.mjs	77	lance	* edições grandes e a apuração do menor lance único seria feita sobre dados
BACKEND	IDENTIFICADOR	desafio-gut/frontend/netlify/functions/_lib/data-store-supabase.mjs	81	Lances	export async function getLances(edicaoId) {
BACKEND	IDENTIFICADOR	desafio-gut/frontend/netlify/functions/_lib/data-store-supabase.mjs	89	LANCES	.from(TABELA_LANCES)
BACKEND	IDENTIFICADOR	desafio-gut/frontend/netlify/functions/_lib/data-store-supabase.mjs	94	LANCES	.range(desde, desde + PAGINA_LANCES - 1);
BACKEND	TEXTO-UI	desafio-gut/frontend/netlify/functions/_lib/data-store-supabase.mjs	95	Lances	if (error) throw new Error(`[data-store-supabase] getLances("${id}") falhou: ${error.message}`);
BACKEND	COMENTARIO	desafio-gut/frontend/netlify/functions/_lib/data-store-supabase.mjs	106	lance	* Acrescenta um lance a uma edição. Espelha o gravarBid dos Blobs: gera a chave
BACKEND	IDENTIFICADOR	desafio-gut/frontend/netlify/functions/_lib/data-store-supabase.mjs	110	Lance	export async function addLance(edicaoId, lance) {
BACKEND	IDENTIFICADOR	desafio-gut/frontend/netlify/functions/_lib/data-store-supabase.mjs	110	lance	export async function addLance(edicaoId, lance) {
BACKEND	IDENTIFICADOR	desafio-gut/frontend/netlify/functions/_lib/data-store-supabase.mjs	111	lance	const endereco = lance?.endereco ?? lance?.lancador;
BACKEND	IDENTIFICADOR	desafio-gut/frontend/netlify/functions/_lib/data-store-supabase.mjs	111	lance	const endereco = lance?.endereco ?? lance?.lancador;
BACKEND	TEXTO-UI	desafio-gut/frontend/netlify/functions/_lib/data-store-supabase.mjs	112	Lance	if (!endereco) throw new Error("[data-store-supabase] addLance: lance sem endereco/lancador");
BACKEND	TEXTO-UI	desafio-gut/frontend/netlify/functions/_lib/data-store-supabase.mjs	112	lance	if (!endereco) throw new Error("[data-store-supabase] addLance: lance sem endereco/lancador");
BACKEND	IDENTIFICADOR	desafio-gut/frontend/netlify/functions/_lib/data-store-supabase.mjs	115	lance	const registro = { ...lance, key };
BACKEND	IDENTIFICADOR	desafio-gut/frontend/netlify/functions/_lib/data-store-supabase.mjs	116	Lance	const hashLance = lance?.commitmentHash ?? lance?.hashLance ?? null;
BACKEND	IDENTIFICADOR	desafio-gut/frontend/netlify/functions/_lib/data-store-supabase.mjs	116	lance	const hashLance = lance?.commitmentHash ?? lance?.hashLance ?? null;
BACKEND	IDENTIFICADOR	desafio-gut/frontend/netlify/functions/_lib/data-store-supabase.mjs	116	lance	const hashLance = lance?.commitmentHash ?? lance?.hashLance ?? null;
BACKEND	IDENTIFICADOR	desafio-gut/frontend/netlify/functions/_lib/data-store-supabase.mjs	116	Lance	const hashLance = lance?.commitmentHash ?? lance?.hashLance ?? null;
BACKEND	IDENTIFICADOR	desafio-gut/frontend/netlify/functions/_lib/data-store-supabase.mjs	117	lance	const valorCentavos = Number.isInteger(lance?.valorCentavos) ? lance.valorCentavos : null;
BACKEND	IDENTIFICADOR	desafio-gut/frontend/netlify/functions/_lib/data-store-supabase.mjs	117	lance	const valorCentavos = Number.isInteger(lance?.valorCentavos) ? lance.valorCentavos : null;
BACKEND	IDENTIFICADOR	desafio-gut/frontend/netlify/functions/_lib/data-store-supabase.mjs	120	LANCES	const { error } = await supabase.from(TABELA_LANCES).insert({
BACKEND	IDENTIFICADOR	desafio-gut/frontend/netlify/functions/_lib/data-store-supabase.mjs	123	lance	hash_lance: hashLance,
BACKEND	IDENTIFICADOR	desafio-gut/frontend/netlify/functions/_lib/data-store-supabase.mjs	123	Lance	hash_lance: hashLance,
BACKEND	TEXTO-UI	desafio-gut/frontend/netlify/functions/_lib/data-store-supabase.mjs	127	Lance	if (error) throw new Error(`[data-store-supabase] addLance("${edicaoId}") falhou: ${error.message}`);
BACKEND	COMENTARIO	desafio-gut/frontend/netlify/functions/_lib/data-store.mjs	15	Lances	//   getLances(edicaoId)         → Lance[]
BACKEND	COMENTARIO	desafio-gut/frontend/netlify/functions/_lib/data-store.mjs	15	Lance	//   getLances(edicaoId)         → Lance[]
BACKEND	COMENTARIO	desafio-gut/frontend/netlify/functions/_lib/data-store.mjs	16	Lance	//   addLance(edicaoId, lance)   → chave (string)
BACKEND	COMENTARIO	desafio-gut/frontend/netlify/functions/_lib/data-store.mjs	16	lance	//   addLance(edicaoId, lance)   → chave (string)
BACKEND	COMENTARIO	desafio-gut/frontend/netlify/functions/_lib/data-store.mjs	51	lances	/** Lê todos os lances de uma edição. */
BACKEND	IDENTIFICADOR	desafio-gut/frontend/netlify/functions/_lib/data-store.mjs	52	Lances	export async function getLances(edicaoId) {
BACKEND	IDENTIFICADOR	desafio-gut/frontend/netlify/functions/_lib/data-store.mjs	53	Lances	return (await impl()).getLances(edicaoId);
BACKEND	COMENTARIO	desafio-gut/frontend/netlify/functions/_lib/data-store.mjs	56	lance	/** Acrescenta um lance a uma edição. Devolve a chave criada. */
BACKEND	IDENTIFICADOR	desafio-gut/frontend/netlify/functions/_lib/data-store.mjs	57	Lance	export async function addLance(edicaoId, lance) {
BACKEND	IDENTIFICADOR	desafio-gut/frontend/netlify/functions/_lib/data-store.mjs	57	lance	export async function addLance(edicaoId, lance) {
BACKEND	IDENTIFICADOR	desafio-gut/frontend/netlify/functions/_lib/data-store.mjs	58	Lance	return (await impl()).addLance(edicaoId, lance);
BACKEND	IDENTIFICADOR	desafio-gut/frontend/netlify/functions/_lib/data-store.mjs	58	lance	return (await impl()).addLance(edicaoId, lance);
BACKEND	COMENTARIO	desafio-gut/frontend/netlify/functions/_lib/edicoes-core.mjs	2	leilão	// de leilão (MC15.4). Importado por BOTH edicoes.mjs (endpoint HTTP) e
BACKEND	COMENTARIO	desafio-gut/frontend/netlify/functions/_lib/edicoes-core.mjs	10	lances	//     lances (int resumo), status ("aberto"|"encerrado"|"apurado"),
BACKEND	IDENTIFICADOR	desafio-gut/frontend/netlify/functions/_lib/edicoes-core.mjs	98	lances	lances:     Number.isInteger(meta.lances) ? meta.lances : 0,
BACKEND	IDENTIFICADOR	desafio-gut/frontend/netlify/functions/_lib/edicoes-core.mjs	98	lances	lances:     Number.isInteger(meta.lances) ? meta.lances : 0,
BACKEND	IDENTIFICADOR	desafio-gut/frontend/netlify/functions/_lib/edicoes-core.mjs	98	lances	lances:     Number.isInteger(meta.lances) ? meta.lances : 0,
BACKEND	IDENTIFICADOR	desafio-gut/frontend/netlify/functions/_lib/edicoes-core.mjs	114	lances	lances:     0,
BACKEND	COMENTARIO	desafio-gut/frontend/netlify/functions/_lib/edicoes-core.mjs	177	lance	* id não for válido. MC91.11 — usado pelo lance-relampago para derivar o tipo
BACKEND	IDENTIFICADOR	desafio-gut/frontend/netlify/functions/_lib/edicoes-core.mjs	246	lances	lances:     0,
BACKEND	IDENTIFICADOR	desafio-gut/frontend/netlify/functions/_lib/guto-perfis.mjs	50	leilões	participar dos leilões. Não reveles dados internos nem comandos de administração.`,
BACKEND	IDENTIFICADOR	desafio-gut/frontend/netlify/functions/_lib/guto-perfis.mjs	55	lances	PERFIL: UTILIZADOR COMUM (autenticado). Amigável e didático. Ajuda com lances,
BACKEND	COMENTARIO	desafio-gut/frontend/netlify/functions/_lib/guto-perfis.mjs	71	leilão	// MC29.1 — modo de conformidade (app das lojas, leilão indisponível na
BACKEND	COMENTARIO	desafio-gut/frontend/netlify/functions/_lib/guto-perfis.mjs	72	leilão	// plataforma). Transparente: o GUTO NUNCA nega o leilão — informa que está na
BACKEND	IDENTIFICADOR	desafio-gut/frontend/netlify/functions/_lib/guto-perfis.mjs	75	leilões	Nesta versão os leilões NÃO estão disponíveis — eles funcionam na versão Web (PWA),
BACKEND	IDENTIFICADOR	desafio-gut/frontend/netlify/functions/_lib/guto-perfis.mjs	80	leilões	- Se perguntarem sobre leilões, lances, carteira, saldo ou senhas: informe com
BACKEND	IDENTIFICADOR	desafio-gut/frontend/netlify/functions/_lib/guto-perfis.mjs	80	lances	- Se perguntarem sobre leilões, lances, carteira, saldo ou senhas: informe com
BACKEND	IDENTIFICADOR	desafio-gut/frontend/netlify/functions/_lib/guto-perfis.mjs	82	leilão	ajuda com a loja. NUNCA diga que o leilão não existe — diga apenas onde encontrá-lo.
BACKEND	COMENTARIO	desafio-gut/frontend/netlify/functions/_lib/guto-perfis.mjs	89	leilão	* perfil) — usado quando o leilão não está ativo na plataforma do utilizador.
BACKEND	TEXTO-UI	desafio-gut/frontend/netlify/functions/_lib/guto-perfis.mjs	110	lances	if (p?.erro) return `Não foi possível ler os lances da edição ${g(p.edicaoId)} agora.`;
BACKEND	TEXTO-UI	desafio-gut/frontend/netlify/functions/_lib/guto-perfis.mjs	112	lance	return `Edição ${g(p.edicaoId)} — sem vencedor provisório: nenhum lance único entre ${g(p.totalLances, "0")} lance(s).`;
BACKEND	TEXTO-UI	desafio-gut/frontend/netlify/functions/_lib/guto-perfis.mjs	112	Lances	return `Edição ${g(p.edicaoId)} — sem vencedor provisório: nenhum lance único entre ${g(p.totalLances, "0")} lance(s).`;
BACKEND	TEXTO-UI	desafio-gut/frontend/netlify/functions/_lib/guto-perfis.mjs	112	lance	return `Edição ${g(p.edicaoId)} — sem vencedor provisório: nenhum lance único entre ${g(p.totalLances, "0")} lance(s).`;
BACKEND	TEXTO-UI	desafio-gut/frontend/netlify/functions/_lib/guto-perfis.mjs	114	leilão	return `Se o leilão terminasse agora, o vencedor provisório da edição ${g(p.edicaoId)} seria ${g(p.vencedor)} com lance único de ${g(p.valor)}. (${g(p.totalLances, "0")} 
BACKEND	TEXTO-UI	desafio-gut/frontend/netlify/functions/_lib/guto-perfis.mjs	114	lance	return `Se o leilão terminasse agora, o vencedor provisório da edição ${g(p.edicaoId)} seria ${g(p.vencedor)} com lance único de ${g(p.valor)}. (${g(p.totalLances, "0")} 
BACKEND	TEXTO-UI	desafio-gut/frontend/netlify/functions/_lib/guto-perfis.mjs	114	Lances	return `Se o leilão terminasse agora, o vencedor provisório da edição ${g(p.edicaoId)} seria ${g(p.vencedor)} com lance único de ${g(p.valor)}. (${g(p.totalLances, "0")} 
BACKEND	TEXTO-UI	desafio-gut/frontend/netlify/functions/_lib/guto-perfis.mjs	114	lances	return `Se o leilão terminasse agora, o vencedor provisório da edição ${g(p.edicaoId)} seria ${g(p.vencedor)} com lance único de ${g(p.valor)}. (${g(p.totalLances, "0")} 
BACKEND	TEXTO-UI	desafio-gut/frontend/netlify/functions/_lib/guto-perfis.mjs	114	lances	return `Se o leilão terminasse agora, o vencedor provisório da edição ${g(p.edicaoId)} seria ${g(p.vencedor)} com lance único de ${g(p.valor)}. (${g(p.totalLances, "0")} 
BACKEND	IDENTIFICADOR	desafio-gut/frontend/netlify/functions/_lib/guto-perfis.mjs	120	licitantesUnicos	const lic = g(p?.licitantesUnicos, "0");
BACKEND	TEXTO-UI	desafio-gut/frontend/netlify/functions/_lib/guto-perfis.mjs	123	Licitantes	return `Pulso da edição ${g(p?.edicaoId)} — Volume: ${vol}. Licitantes únicos: ${lic}. Valorização (menor lance sobre base): ${val}. Abandono de checkout: ${aba}. Total d
BACKEND	TEXTO-UI	desafio-gut/frontend/netlify/functions/_lib/guto-perfis.mjs	123	lance	return `Pulso da edição ${g(p?.edicaoId)} — Volume: ${vol}. Licitantes únicos: ${lic}. Valorização (menor lance sobre base): ${val}. Abandono de checkout: ${aba}. Total d
BACKEND	TEXTO-UI	desafio-gut/frontend/netlify/functions/_lib/guto-perfis.mjs	123	lances	return `Pulso da edição ${g(p?.edicaoId)} — Volume: ${vol}. Licitantes únicos: ${lic}. Valorização (menor lance sobre base): ${val}. Abandono de checkout: ${aba}. Total d
BACKEND	TEXTO-UI	desafio-gut/frontend/netlify/functions/_lib/guto-perfis.mjs	123	Lances	return `Pulso da edição ${g(p?.edicaoId)} — Volume: ${vol}. Licitantes únicos: ${lic}. Valorização (menor lance sobre base): ${val}. Abandono de checkout: ${aba}. Total d
BACKEND	TEXTO-UI	desafio-gut/frontend/netlify/functions/_lib/guto-perfis.mjs	132	lances	comum: () => "Só a coordenação pode criar edições. Mas podes dar lances nas edições ativas! 🙂",
BACKEND	TEXTO-UI	desafio-gut/frontend/netlify/functions/_lib/guto-perfis.mjs	143	lances	comum: () => "Só a coordenação pode criar edições. Mas podes dar lances nas edições ativas! 🙂",
BACKEND	TEXTO-UI	desafio-gut/frontend/netlify/functions/_lib/guto-perfis.mjs	151	leilões	visitante: () => "A simulação de vencedor é uma função interna. Cria uma conta para participar dos leilões! 😊",
BACKEND	TEXTO-UI	desafio-gut/frontend/netlify/functions/_lib/guto-perfis.mjs	152	lances	comum: () => "A simulação de vencedor é exclusiva da coordenação e parceiros. Posso ajudar com os teus lances! 🙂",
BACKEND	TEXTO-UI	desafio-gut/frontend/netlify/functions/_lib/guto-perfis.mjs	159	leilões	visitante: () => "Os relatórios de pulso são internos. Cria uma conta para participar dos leilões! 😊",
BACKEND	TEXTO-UI	desafio-gut/frontend/netlify/functions/_lib/guto-perfis.mjs	160	lances	comum: () => "Os relatórios de pulso são exclusivos da coordenação e parceiros. Posso ajudar com os teus lances! 🙂",
BACKEND	TEXTO-UI	desafio-gut/frontend/netlify/functions/_lib/guto-perfis.mjs	170	lances	admin: (p) => `Sistema PAUSADO (modo pânico). Novos lances serão rejeitados. Em: ${g(p.timestamp)}. Use /unpanic para reativar.`,
BACKEND	TEXTO-UI	desafio-gut/frontend/netlify/functions/_lib/guto-perfis.mjs	176	Lances	admin: (p) => `Sistema REATIVADO. Lances voltam a ser aceites. Em: ${g(p.timestamp)}.`,
BACKEND	TEXTO-UI	desafio-gut/frontend/netlify/functions/_lib/guto-perfis.mjs	192	lances	corporativo: (p) => `Edições ativas: ${g(p.lista)}. Para volume de lances e cotas, consulta o Painel Lojista.`,
BACKEND	TEXTO-UI	desafio-gut/frontend/netlify/functions/_lib/guto-perfis.mjs	206	lances	comum: () => "Dados de mercado são exclusivos do Painel Lojista. Posso ajudar com lances e regras! 🙂",
BACKEND	TEXTO-UI	desafio-gut/frontend/netlify/functions/_lib/guto-perfis.mjs	212	leilões	visitante: () => "Auditoria é uma função administrativa. Cria uma conta para participar dos leilões! 😊",
BACKEND	TEXTO-UI	desafio-gut/frontend/netlify/functions/_lib/guto-perfis.mjs	213	leilões	comum: () => "Essa informação é administrativa. Posso ajudar com os leilões! 🙂",
BACKEND	TEXTO-UI	desafio-gut/frontend/netlify/functions/_lib/guto-perfis.mjs	222	lance	comum: (p) => `Aqui está o teu Indique e Ganhe! 🎁 Partilha o teu link: por cada amigo que criar a conta com o teu código, ganhas +1 senha na hora (e o teu amigo também) 
BACKEND	TEXTO-UI	desafio-gut/frontend/netlify/functions/_lib/guto-perfis.mjs	230	lances	comum: () => "Os relatórios de indicação são da coordenação. Posso ajudar com os teus lances! 🙂",
BACKEND	TEXTO-UI	desafio-gut/frontend/netlify/functions/_lib/guto-perfis.mjs	238	leilões	visitante: () => "O saldo de senhas é para membros. Cria a tua conta e participa dos leilões! 😊",
BACKEND	TEXTO-UI	desafio-gut/frontend/netlify/functions/_lib/guto-perfis.mjs	242	leilões	(Number(p.expiramEmBreve) > 0 ? ` Atenção: tens ${p.expiramEmBreve} senhas que expiram em 5 dias. Usa-as nos leilões! 🙂` : " 🙂"),
BACKEND	TEXTO-UI	desafio-gut/frontend/netlify/functions/_lib/guto-perfis.mjs	246	leilões	(Number(p.expiramEmBreve) > 0 ? ` Tens ${p.expiramEmBreve} senhas que expiram em 5 dias. Usa-as nos leilões.` : "") +
BACKEND	TEXTO-UI	desafio-gut/frontend/netlify/functions/_lib/guto-perfis.mjs	254	lances	comum: () => "A contratação de cotas é para lojistas. Posso ajudar com os teus lances! 🙂",
BACKEND	TEXTO-UI	desafio-gut/frontend/netlify/functions/_lib/guto-perfis.mjs	270	lances	comum: () => "Os relatórios de compras são da coordenação. Posso ajudar com os teus lances! 🙂",
BACKEND	TEXTO-UI	desafio-gut/frontend/netlify/functions/_lib/guto-perfis.mjs	289	leilões	: "Poxa, essa não achei no regulamento! 😅 Pergunta-me como funcionam os leilões."),
BACKEND	TEXTO-UI	desafio-gut/frontend/netlify/functions/_lib/guto-perfis.mjs	292	lances	: "Poxa, essa não achei no regulamento! 😅 Tenta de outra forma — ou pergunta sobre lances, senhas e regras."),
BACKEND	COMENTARIO	desafio-gut/frontend/netlify/functions/_lib/guto-perfis.mjs	304	lance	// convidado, e saía "…que tal criar uma conta e dar um lance? Cria uma conta
BACKEND	COMENTARIO	desafio-gut/frontend/netlify/functions/_lib/guto-perfis.mjs	305	leilões	// para participar dos leilões! 😊" — dois CTAs seguidos, observado em 2 de 3
BACKEND	TEXTO-UI	desafio-gut/frontend/netlify/functions/_lib/guto-perfis.mjs	310	leilões	return jaConvida ? base : `${base} Cria uma conta para participar dos leilões! 😊`.trim();
BACKEND	TEXTO-UI	desafio-gut/frontend/netlify/functions/_lib/guto-perfis.mjs	331	leilões	visitante: () => "Esses dados são internos da coordenação. Cria uma conta para participar dos leilões! 😊",
BACKEND	TEXTO-UI	desafio-gut/frontend/netlify/functions/_lib/guto-perfis.mjs	332	lances	comum: () => "Esses números são da coordenação. Posso ajudar-te com os teus lances e senhas! 🙂",
BACKEND	TEXTO-UI	desafio-gut/frontend/netlify/functions/_lib/guto-perfis.mjs	339	lances	+ `creditos ${g(f.creditos, "—")}, lances ${g(f.lances, "—")}). `
BACKEND	TEXTO-UI	desafio-gut/frontend/netlify/functions/_lib/guto-perfis.mjs	339	lances	+ `creditos ${g(f.creditos, "—")}, lances ${g(f.lances, "—")}). `
BACKEND	TEXTO-UI	desafio-gut/frontend/netlify/functions/_lib/guto-perfis.mjs	358	leilões	visitante: () => "Isso é do sistema interno. Cria uma conta para participar dos leilões! 😊",
BACKEND	TEXTO-UI	desafio-gut/frontend/netlify/functions/_lib/guto-perfis.mjs	385	leilões	visitante: () => "O estado do sistema é interno. Cria uma conta para participar dos leilões! 😊",
BACKEND	TEXTO-UI	desafio-gut/frontend/netlify/functions/_lib/guto-perfis.mjs	386	leilões	comum: () => "O estado interno é da coordenação. Posso ajudar-te com os leilões! 🙂",
BACKEND	TEXTO-UI	desafio-gut/frontend/netlify/functions/_lib/guto-perfis.mjs	421	leilões	visitante: "Olá! Sou o GUTO, assistente do DESAFIOGUT. Cria uma conta para participar dos leilões! 😊",
BACKEND	TEXTO-UI	desafio-gut/frontend/netlify/functions/_lib/guto-perfis.mjs	422	leilões	comum: "Olá! Sou o GUTO. Como posso ajudar com os leilões hoje? 😊",
BACKEND	COMENTARIO	desafio-gut/frontend/netlify/functions/_lib/ia-preditiva.mjs	5	leilão	// dispara um leilão relâmpago automático via _lib/contract.mjs.
BACKEND	TEXTO-UI	desafio-gut/frontend/netlify/functions/_lib/ia-preditiva.mjs	296	Leilão	const nome      = "Leilão Relâmpago Automático (IA)";
BACKEND	IDENTIFICADOR	desafio-gut/frontend/netlify/functions/_lib/jwt.mjs	42	Lance	export async function assinarLanceAuth(endereco, ttlSec = 600, mfaVerified = false) {
BACKEND	STRING-TECNICA	desafio-gut/frontend/netlify/functions/_lib/jwt.mjs	44	lance	const claims = { endereco, tipo: "lance-auth" };
BACKEND	IDENTIFICADOR	desafio-gut/frontend/netlify/functions/_lib/jwt.mjs	53	Lance	export async function verificarLanceAuth(token) {
BACKEND	STRING-TECNICA	desafio-gut/frontend/netlify/functions/_lib/jwt.mjs	56	lance	if (payload.tipo !== "lance-auth") {
BACKEND	TEXTO-UI	desafio-gut/frontend/netlify/functions/_lib/jwt.mjs	57	lance	const err = new Error("token tipo inválido — esperado lance-auth");
BACKEND	COMENTARIO	desafio-gut/frontend/netlify/functions/_lib/notificacoes-usuario.mjs	7	lance	// Tipos: "lance_unico" | "perdeu_exclusividade" | "voce_venceu" | "edicao_encerrada".
BACKEND	COMENTARIO	desafio-gut/frontend/netlify/functions/_lib/notificacoes-usuario.mjs	10	Lance	// Regra oficial (Art. VIII / R7): reutiliza apurarMenorLanceUnico (simulador.mjs)
BACKEND	COMENTARIO	desafio-gut/frontend/netlify/functions/_lib/notificacoes-usuario.mjs	11	lance	// para o resumo pós-edição. A deteção por-lance usa contagem de frequência do
BACKEND	COMENTARIO	desafio-gut/frontend/netlify/functions/_lib/notificacoes-usuario.mjs	14	lance	// 100% fail-soft: nenhuma operação aqui pode quebrar um lance ou um encerramento.
BACKEND	IDENTIFICADOR	desafio-gut/frontend/netlify/functions/_lib/notificacoes-usuario.mjs	17	Lance	import { apurarMenorLanceUnico, brlCentavos } from "./simulador.mjs";
BACKEND	IDENTIFICADOR	desafio-gut/frontend/netlify/functions/_lib/notificacoes-usuario.mjs	20	LANCES	const BLOB_LANCES = "lances-relampago";
BACKEND	STRING-TECNICA	desafio-gut/frontend/netlify/functions/_lib/notificacoes-usuario.mjs	20	lances	const BLOB_LANCES = "lances-relampago";
BACKEND	COMENTARIO	desafio-gut/frontend/netlify/functions/_lib/notificacoes-usuario.mjs	109	lance	* FUNÇÃO PURA — deteta o evento de unicidade de um lance recém-inserido.
BACKEND	COMENTARIO	desafio-gut/frontend/netlify/functions/_lib/notificacoes-usuario.mjs	110	lances	* @param {Array} lances  todos os lances da edição (já INCLUI o novo)
BACKEND	COMENTARIO	desafio-gut/frontend/netlify/functions/_lib/notificacoes-usuario.mjs	110	lances	* @param {Array} lances  todos os lances da edição (já INCLUI o novo)
BACKEND	COMENTARIO	desafio-gut/frontend/netlify/functions/_lib/notificacoes-usuario.mjs	111	lance	* @param {number} valorCentavos  valor do lance recém-inserido
BACKEND	IDENTIFICADOR	desafio-gut/frontend/netlify/functions/_lib/notificacoes-usuario.mjs	117	lances	export function detectarEventoUnicidade(lances, valorCentavos) {
BACKEND	IDENTIFICADOR	desafio-gut/frontend/netlify/functions/_lib/notificacoes-usuario.mjs	118	lances	const lista = Array.isArray(lances) ? lances : [];
BACKEND	IDENTIFICADOR	desafio-gut/frontend/netlify/functions/_lib/notificacoes-usuario.mjs	118	lances	const lista = Array.isArray(lances) ? lances : [];
BACKEND	COMENTARIO	desafio-gut/frontend/netlify/functions/_lib/notificacoes-usuario.mjs	137	lance	* MC15.7 ITEM 1 — após persistir um lance, regista as notificações de unicidade.
BACKEND	COMENTARIO	desafio-gut/frontend/netlify/functions/_lib/notificacoes-usuario.mjs	138	lance	* - count === 1 → "lance_unico" para o autor (menciona se é o menor único/líder).
BACKEND	IDENTIFICADOR	desafio-gut/frontend/netlify/functions/_lib/notificacoes-usuario.mjs	142	Lance	export async function registrarEventosDeLance({ lances, valorCentavos, edicaoId, autorEndereco }) {
BACKEND	IDENTIFICADOR	desafio-gut/frontend/netlify/functions/_lib/notificacoes-usuario.mjs	142	lances	export async function registrarEventosDeLance({ lances, valorCentavos, edicaoId, autorEndereco }) {
BACKEND	IDENTIFICADOR	desafio-gut/frontend/netlify/functions/_lib/notificacoes-usuario.mjs	144	lances	const ev = detectarEventoUnicidade(lances, valorCentavos);
BACKEND	IDENTIFICADOR	desafio-gut/frontend/netlify/functions/_lib/notificacoes-usuario.mjs	147	Lance	const apur = apurarMenorLanceUnico(lances);
BACKEND	IDENTIFICADOR	desafio-gut/frontend/netlify/functions/_lib/notificacoes-usuario.mjs	147	lances	const apur = apurarMenorLanceUnico(lances);
BACKEND	TEXTO-UI	desafio-gut/frontend/netlify/functions/_lib/notificacoes-usuario.mjs	150	lance	? `Boa! 🎯 O teu lance de ${brlCentavos(valorCentavos)} é o menor único na edição ${idEd}. Estás a ganhar — se ninguém repetir, vences!`
BACKEND	TEXTO-UI	desafio-gut/frontend/netlify/functions/_lib/notificacoes-usuario.mjs	151	lance	: `Boa! 🎯 O teu lance de ${brlCentavos(valorCentavos)} é único na edição ${idEd}.`;
BACKEND	STRING-TECNICA	desafio-gut/frontend/netlify/functions/_lib/notificacoes-usuario.mjs	153	lance	tipo: "lance_unico", edicaoId: idEd, valor: valorCentavos, mensagem: msg,
BACKEND	TEXTO-UI	desafio-gut/frontend/netlify/functions/_lib/notificacoes-usuario.mjs	159	lance	mensagem: `⚠️ O teu lance de ${brlCentavos(valorCentavos)} na edição ${idEd} deixou de ser único. Dá um novo lance para voltares à frente!`,
BACKEND	TEXTO-UI	desafio-gut/frontend/netlify/functions/_lib/notificacoes-usuario.mjs	159	lance	mensagem: `⚠️ O teu lance de ${brlCentavos(valorCentavos)} na edição ${idEd} deixou de ser único. Dá um novo lance para voltares à frente!`,
BACKEND	STRING-TECNICA	desafio-gut/frontend/netlify/functions/_lib/notificacoes-usuario.mjs	164	Lance	console.warn("[notificacoes-usuario] registrarEventosDeLance falhou:", err?.message);
BACKEND	COMENTARIO	desafio-gut/frontend/netlify/functions/_lib/notificacoes-usuario.mjs	171	lance	* (com o lance vencedor anónimo). Reutiliza apurarMenorLanceUnico (R7). Fail-soft.
BACKEND	COMENTARIO	desafio-gut/frontend/netlify/functions/_lib/notificacoes-usuario.mjs	171	Lance	* (com o lance vencedor anónimo). Reutiliza apurarMenorLanceUnico (R7). Fail-soft.
BACKEND	IDENTIFICADOR	desafio-gut/frontend/netlify/functions/_lib/notificacoes-usuario.mjs	177	LANCES	const store = abrirStore(BLOB_LANCES);
BACKEND	IDENTIFICADOR	desafio-gut/frontend/netlify/functions/_lib/notificacoes-usuario.mjs	179	lances	let lances = [];
BACKEND	IDENTIFICADOR	desafio-gut/frontend/netlify/functions/_lib/notificacoes-usuario.mjs	182	lances	lances = Array.isArray(doc?.lances) ? doc.lances : [];
BACKEND	IDENTIFICADOR	desafio-gut/frontend/netlify/functions/_lib/notificacoes-usuario.mjs	182	lances	lances = Array.isArray(doc?.lances) ? doc.lances : [];
BACKEND	IDENTIFICADOR	desafio-gut/frontend/netlify/functions/_lib/notificacoes-usuario.mjs	182	lances	lances = Array.isArray(doc?.lances) ? doc.lances : [];
BACKEND	STRING-TECNICA	desafio-gut/frontend/netlify/functions/_lib/notificacoes-usuario.mjs	184	lances	console.warn("[notificacoes-usuario] leitura lances (resumo) falhou:", err?.message);
BACKEND	IDENTIFICADOR	desafio-gut/frontend/netlify/functions/_lib/notificacoes-usuario.mjs	187	lances	if (lances.length === 0) return;
BACKEND	IDENTIFICADOR	desafio-gut/frontend/netlify/functions/_lib/notificacoes-usuario.mjs	189	Lance	const apur = apurarMenorLanceUnico(lances);
BACKEND	IDENTIFICADOR	desafio-gut/frontend/netlify/functions/_lib/notificacoes-usuario.mjs	189	lances	const apur = apurarMenorLanceUnico(lances);
BACKEND	IDENTIFICADOR	desafio-gut/frontend/netlify/functions/_lib/notificacoes-usuario.mjs	191	lances	lances.map((l) => String(l?.endereco || "").toLowerCase()).filter(Boolean),
BACKEND	IDENTIFICADOR	desafio-gut/frontend/netlify/functions/_lib/notificacoes-usuario.mjs	196	Lances	const numLances = lances.filter(
BACKEND	IDENTIFICADOR	desafio-gut/frontend/netlify/functions/_lib/notificacoes-usuario.mjs	196	lances	const numLances = lances.filter(
BACKEND	TEXTO-UI	desafio-gut/frontend/netlify/functions/_lib/notificacoes-usuario.mjs	202	lance	mensagem: `🏁🎉 A edição ${id} terminou e GANHASTE! O teu lance de ${brlCentavos(apur.valorCentavos)} foi o menor único. Parabéns! Em breve recebes as instruções.`,
BACKEND	TEXTO-UI	desafio-gut/frontend/netlify/functions/_lib/notificacoes-usuario.mjs	206	lance	? `🏁 A edição ${id} terminou. O lance vencedor foi ${brlCentavos(apur.valorCentavos)}. Não foi desta — deste ${numLances} lance(s). Tenta na próxima! 🚀`
BACKEND	TEXTO-UI	desafio-gut/frontend/netlify/functions/_lib/notificacoes-usuario.mjs	206	Lances	? `🏁 A edição ${id} terminou. O lance vencedor foi ${brlCentavos(apur.valorCentavos)}. Não foi desta — deste ${numLances} lance(s). Tenta na próxima! 🚀`
BACKEND	TEXTO-UI	desafio-gut/frontend/netlify/functions/_lib/notificacoes-usuario.mjs	206	lance	? `🏁 A edição ${id} terminou. O lance vencedor foi ${brlCentavos(apur.valorCentavos)}. Não foi desta — deste ${numLances} lance(s). Tenta na próxima! 🚀`
BACKEND	TEXTO-UI	desafio-gut/frontend/netlify/functions/_lib/notificacoes-usuario.mjs	207	lances	: `🏁 A edição ${id} terminou sem lances únicos. Não houve vencedor desta vez.`;
BACKEND	COMENTARIO	desafio-gut/frontend/netlify/functions/_lib/pix-config.mjs	8	lance	// PIX_FICHAS: pagamento das fichas de lance via Mercado Pago — modo AUTO.
BACKEND	TEXTO-UI	desafio-gut/frontend/netlify/functions/_lib/pix-config.mjs	23	lance	proposito: "Compra de fichas de lance (Operação Interna)",
BACKEND	COMENTARIO	desafio-gut/frontend/netlify/functions/_lib/pulso.mjs	3	lances	// Calcula as 4 métricas a partir de lances-relampago + edicoes-metadata (D5):
BACKEND	COMENTARIO	desafio-gut/frontend/netlify/functions/_lib/pulso.mjs	4	lances	//   1) volumePorMin   — lances por minuto desde o início da edição (aquecimento)
BACKEND	COMENTARIO	desafio-gut/frontend/netlify/functions/_lib/pulso.mjs	5	licitantesUnicos	//   2) licitantesUnicos — nº de endereços distintos que lançaram
BACKEND	COMENTARIO	desafio-gut/frontend/netlify/functions/_lib/pulso.mjs	6	lance	//   3) valorizacaoPct — dinâmica de preço: % do MENOR lance sobre a base
BACKEND	IDENTIFICADOR	desafio-gut/frontend/netlify/functions/_lib/pulso.mjs	17	LANCES	const BLOB_LANCES   = "lances-relampago";
BACKEND	STRING-TECNICA	desafio-gut/frontend/netlify/functions/_lib/pulso.mjs	17	lances	const BLOB_LANCES   = "lances-relampago";
BACKEND	COMENTARIO	desafio-gut/frontend/netlify/functions/_lib/pulso.mjs	28	lances	* @param {Array<{endereco?:string, valorCentavos:number, processadoEm?:string}>} lances
BACKEND	IDENTIFICADOR	desafio-gut/frontend/netlify/functions/_lib/pulso.mjs	32	lances	export function calcularPulso(lances, edicao, agoraMs = Date.now()) {
BACKEND	IDENTIFICADOR	desafio-gut/frontend/netlify/functions/_lib/pulso.mjs	33	lances	const lista = Array.isArray(lances) ? lances : [];
BACKEND	IDENTIFICADOR	desafio-gut/frontend/netlify/functions/_lib/pulso.mjs	33	lances	const lista = Array.isArray(lances) ? lances : [];
BACKEND	IDENTIFICADOR	desafio-gut/frontend/netlify/functions/_lib/pulso.mjs	34	Lances	const totalLances = lista.length;
BACKEND	COMENTARIO	desafio-gut/frontend/netlify/functions/_lib/pulso.mjs	36	lance	// 1) volume por minuto desde o início (criadoEm; fallback: 1º lance).
BACKEND	IDENTIFICADOR	desafio-gut/frontend/netlify/functions/_lib/pulso.mjs	44	Lances	? Number((totalLances / minutosDecorridos).toFixed(2))
BACKEND	COMENTARIO	desafio-gut/frontend/netlify/functions/_lib/pulso.mjs	47	licitantes	// 2) licitantes únicos.
BACKEND	IDENTIFICADOR	desafio-gut/frontend/netlify/functions/_lib/pulso.mjs	53	licitantesUnicos	const licitantesUnicos = enderecos.size;
BACKEND	COMENTARIO	desafio-gut/frontend/netlify/functions/_lib/pulso.mjs	55	lance	// 3) valorização: % do menor lance sobre a base.
BACKEND	IDENTIFICADOR	desafio-gut/frontend/netlify/functions/_lib/pulso.mjs	71	Lances	totalLances,
BACKEND	IDENTIFICADOR	desafio-gut/frontend/netlify/functions/_lib/pulso.mjs	73	licitantesUnicos	licitantesUnicos,
BACKEND	IDENTIFICADOR	desafio-gut/frontend/netlify/functions/_lib/pulso.mjs	76	Lance	menorLanceCentavos: menor,
BACKEND	COMENTARIO	desafio-gut/frontend/netlify/functions/_lib/pulso.mjs	92	lances	/** Lê os lances de uma edição (fail-soft → []). */
BACKEND	IDENTIFICADOR	desafio-gut/frontend/netlify/functions/_lib/pulso.mjs	93	Lances	async function lerLances(edicaoId) {
BACKEND	IDENTIFICADOR	desafio-gut/frontend/netlify/functions/_lib/pulso.mjs	95	LANCES	const store = getStore({ name: BLOB_LANCES, consistency: "strong" });
BACKEND	IDENTIFICADOR	desafio-gut/frontend/netlify/functions/_lib/pulso.mjs	97	lances	return Array.isArray(doc?.lances) ? doc.lances : [];
BACKEND	IDENTIFICADOR	desafio-gut/frontend/netlify/functions/_lib/pulso.mjs	97	lances	return Array.isArray(doc?.lances) ? doc.lances : [];
BACKEND	STRING-TECNICA	desafio-gut/frontend/netlify/functions/_lib/pulso.mjs	99	lances	console.warn("[pulso] leitura lances falhou:", err?.message);
BACKEND	IDENTIFICADOR	desafio-gut/frontend/netlify/functions/_lib/pulso.mjs	110	lances	const [edicao, lances] = await Promise.all([lerEdicao(id), lerLances(id)]);
BACKEND	IDENTIFICADOR	desafio-gut/frontend/netlify/functions/_lib/pulso.mjs	110	Lances	const [edicao, lances] = await Promise.all([lerEdicao(id), lerLances(id)]);
BACKEND	IDENTIFICADOR	desafio-gut/frontend/netlify/functions/_lib/pulso.mjs	111	lances	return { edicaoId: id, ...calcularPulso(lances, edicao || {}, Date.now()) };
BACKEND	COMENTARIO	desafio-gut/frontend/netlify/functions/_lib/recursos-app-config.mjs	8	leilão	//   - "pwa": experiência completa (leilão Web3 real).
BACKEND	COMENTARIO	desafio-gut/frontend/netlify/functions/_lib/recursos-app-config.mjs	9	leilão	//   - "ios"/"android": app de loja submetida às lojas — o leilão é DECLARADO
BACKEND	COMENTARIO	desafio-gut/frontend/netlify/functions/_lib/recursos-app-config.mjs	13	leilão	// mantém o leilão ATIVO para nunca penalizar o utilizador real por falha de
BACKEND	IDENTIFICADOR	desafio-gut/frontend/netlify/functions/_lib/recursos-app-config.mjs	19	Leilao	isLeilaoAtivo:          { ios: false, android: false, pwa: true },
BACKEND	COMENTARIO	desafio-gut/frontend/netlify/functions/_lib/recursos-app-config.mjs	32	Leilao	* @returns {{ plataforma: string, isLeilaoAtivo: boolean, isPagamentoNativoAtivo: boolean }}
BACKEND	IDENTIFICADOR	desafio-gut/frontend/netlify/functions/_lib/recursos-app-config.mjs	45	Leilao	isLeilaoAtivo: ler("isLeilaoAtivo"),
BACKEND	STRING-TECNICA	desafio-gut/frontend/netlify/functions/_lib/recursos-app-config.mjs	45	Leilao	isLeilaoAtivo: ler("isLeilaoAtivo"),
BACKEND	COMENTARIO	desafio-gut/frontend/netlify/functions/_lib/referral.mjs	559	lance	// convertido (via primeiro lance OU primeira compra) → no-op silencioso.
BACKEND	COMENTARIO	desafio-gut/frontend/netlify/functions/_lib/referral.mjs	571	lance	// próximo lance/compra) e NÃO credita o indicado ainda. Só limite mensal
BACKEND	COMENTARIO	desafio-gut/frontend/netlify/functions/_lib/require-mfa.mjs	28	Lance	* Gate MFA. Caller já validou o JWT (ex: via `verificarLanceAuth`,
BACKEND	COMENTARIO	desafio-gut/frontend/netlify/functions/_lib/saldoRs-store.mjs	6	lance	// (incl. o débito checked-then-set do fluxo de lance). Escrita só Supabase (R11);
BACKEND	COMENTARIO	desafio-gut/frontend/netlify/functions/_lib/saldoRs.mjs	4	Lance	//   Lance Relâmpago       →  -centavos do R$
BACKEND	COMENTARIO	desafio-gut/frontend/netlify/functions/_lib/senhas-programado.mjs	1	lances	// MC91.11 — Ledger off-chain de senhas consumidas em lances programados.
BACKEND	COMENTARIO	desafio-gut/frontend/netlify/functions/_lib/senhas-programado.mjs	4	Lance	// coordenacao (darLance usa msg.sender e exige gas do usuario). O saldo
BACKEND	COMENTARIO	desafio-gut/frontend/netlify/functions/_lib/senhas-programado.mjs	5	lances	// on-chain (saldoSenhas) atua como TETO; o gasto em lances programados e
BACKEND	COMENTARIO	desafio-gut/frontend/netlify/functions/_lib/senhas-programado.mjs	6	lance	// registrado AQUI (mesmo padrao do troco-senhas). O lance so e aceito
BACKEND	COMENTARIO	desafio-gut/frontend/netlify/functions/_lib/senhas-programado.mjs	10	Lance	//   { consumidas: int, atualizadoEm: ISO, ultimoLance: { edicaoId, em } }
BACKEND	TEXTO-UI	desafio-gut/frontend/netlify/functions/_lib/senhas-programado.mjs	55	lances	message: "Todas as senhas on-chain já foram consumidas em lances programados — adquira ou converta mais (Art. 20).",
BACKEND	IDENTIFICADOR	desafio-gut/frontend/netlify/functions/_lib/senhas-programado.mjs	65	Lance	ultimoLance: { edicaoId, em: atualizadoEm },
BACKEND	COMENTARIO	desafio-gut/frontend/netlify/functions/_lib/signer.mjs	5	Lance	//   · _lib/contract.mjs        (adicionarSenhas, comprometerLance)
BACKEND	COMENTARIO	desafio-gut/frontend/netlify/functions/_lib/signer.mjs	6	lances	//   · consolidar-lances.mjs     (consolidarResultado + recibo EIP-712)
BACKEND	COMENTARIO	desafio-gut/frontend/netlify/functions/_lib/signer.mjs	158	lances	* a concorrência de nonces (lances simultâneos) e o Paymaster subsidia o gás.
BACKEND	COMENTARIO	desafio-gut/frontend/netlify/functions/_lib/signer.mjs	167	Leilao	* (iniciar/aceitarTransferenciaCoordenacao) — Leilao.sol NÃO é alterado.
BACKEND	COMENTARIO	desafio-gut/frontend/netlify/functions/_lib/signer.mjs	227	lances	*   em consolidar-lances.mjs) e `wait()` → recibo {hash, blockNumber, gasUsed}.
BACKEND	COMENTARIO	desafio-gut/frontend/netlify/functions/_lib/simulador.mjs	4	lance	//   vencedor = MENOR valor cuja contagem == 1 (lance único mais baixo).
BACKEND	COMENTARIO	desafio-gut/frontend/netlify/functions/_lib/simulador.mjs	5	Lance	// Função PURA (apurarMenorLanceUnico) testável sem IO + wrapper que lê o Blob
BACKEND	COMENTARIO	desafio-gut/frontend/netlify/functions/_lib/simulador.mjs	6	lances	// de lances (simularVencedorMenorLance). Sem dependências externas (D2).
BACKEND	COMENTARIO	desafio-gut/frontend/netlify/functions/_lib/simulador.mjs	6	Lance	// de lances (simularVencedorMenorLance). Sem dependências externas (D2).
BACKEND	COMENTARIO	desafio-gut/frontend/netlify/functions/_lib/simulador.mjs	8	lances	// Blob "lances-relampago": chave = edicaoId, valor = { lances: [
BACKEND	COMENTARIO	desafio-gut/frontend/netlify/functions/_lib/simulador.mjs	8	lances	// Blob "lances-relampago": chave = edicaoId, valor = { lances: [
BACKEND	IDENTIFICADOR	desafio-gut/frontend/netlify/functions/_lib/simulador.mjs	13	LANCES	const BLOB_LANCES = "lances-relampago";
BACKEND	STRING-TECNICA	desafio-gut/frontend/netlify/functions/_lib/simulador.mjs	13	lances	const BLOB_LANCES = "lances-relampago";
BACKEND	COMENTARIO	desafio-gut/frontend/netlify/functions/_lib/simulador.mjs	22	lance	* Função PURA — apura o menor lance único a partir de uma lista de lances.
BACKEND	COMENTARIO	desafio-gut/frontend/netlify/functions/_lib/simulador.mjs	22	lances	* Função PURA — apura o menor lance único a partir de uma lista de lances.
BACKEND	COMENTARIO	desafio-gut/frontend/netlify/functions/_lib/simulador.mjs	26	lances	* @param {Array<{endereco?:string, valorCentavos:number, nomeExibicao?:string}>} lances
BACKEND	COMENTARIO	desafio-gut/frontend/netlify/functions/_lib/simulador.mjs	29	Lances	*   valorCentavos: number|null, totalLances: number, lancesUnicos: number
BACKEND	COMENTARIO	desafio-gut/frontend/netlify/functions/_lib/simulador.mjs	29	lances	*   valorCentavos: number|null, totalLances: number, lancesUnicos: number
BACKEND	IDENTIFICADOR	desafio-gut/frontend/netlify/functions/_lib/simulador.mjs	32	Lance	export function apurarMenorLanceUnico(lances) {
BACKEND	IDENTIFICADOR	desafio-gut/frontend/netlify/functions/_lib/simulador.mjs	32	lances	export function apurarMenorLanceUnico(lances) {
BACKEND	IDENTIFICADOR	desafio-gut/frontend/netlify/functions/_lib/simulador.mjs	33	lances	const lista = Array.isArray(lances) ? lances : [];
BACKEND	IDENTIFICADOR	desafio-gut/frontend/netlify/functions/_lib/simulador.mjs	33	lances	const lista = Array.isArray(lances) ? lances : [];
BACKEND	IDENTIFICADOR	desafio-gut/frontend/netlify/functions/_lib/simulador.mjs	34	Lances	const totalLances = lista.length;
BACKEND	IDENTIFICADOR	desafio-gut/frontend/netlify/functions/_lib/simulador.mjs	47	lances	let lancesUnicos = 0;
BACKEND	IDENTIFICADOR	desafio-gut/frontend/netlify/functions/_lib/simulador.mjs	50	lances	lancesUnicos++;
BACKEND	IDENTIFICADOR	desafio-gut/frontend/netlify/functions/_lib/simulador.mjs	56	Lances	return { ok: false, vencedorEndereco: null, vencedorNome: null, valorCentavos: null, totalLances, lancesUnicos: 0 };
BACKEND	IDENTIFICADOR	desafio-gut/frontend/netlify/functions/_lib/simulador.mjs	56	lances	return { ok: false, vencedorEndereco: null, vencedorNome: null, valorCentavos: null, totalLances, lancesUnicos: 0 };
BACKEND	IDENTIFICADOR	desafio-gut/frontend/netlify/functions/_lib/simulador.mjs	64	Lances	totalLances,
BACKEND	IDENTIFICADOR	desafio-gut/frontend/netlify/functions/_lib/simulador.mjs	65	lances	lancesUnicos,
BACKEND	COMENTARIO	desafio-gut/frontend/netlify/functions/_lib/simulador.mjs	78	lances	* Lê os lances do Blob da edição e apura o menor lance único. Fail-soft:
BACKEND	COMENTARIO	desafio-gut/frontend/netlify/functions/_lib/simulador.mjs	78	lance	* Lê os lances do Blob da edição e apura o menor lance único. Fail-soft:
BACKEND	IDENTIFICADOR	desafio-gut/frontend/netlify/functions/_lib/simulador.mjs	82	Lance	export async function simularVencedorMenorLance(edicaoId) {
BACKEND	IDENTIFICADOR	desafio-gut/frontend/netlify/functions/_lib/simulador.mjs	84	lances	let lances = [];
BACKEND	IDENTIFICADOR	desafio-gut/frontend/netlify/functions/_lib/simulador.mjs	86	LANCES	const store = getStore({ name: BLOB_LANCES, consistency: "strong" });
BACKEND	IDENTIFICADOR	desafio-gut/frontend/netlify/functions/_lib/simulador.mjs	88	lances	lances = Array.isArray(doc?.lances) ? doc.lances : [];
BACKEND	IDENTIFICADOR	desafio-gut/frontend/netlify/functions/_lib/simulador.mjs	88	lances	lances = Array.isArray(doc?.lances) ? doc.lances : [];
BACKEND	IDENTIFICADOR	desafio-gut/frontend/netlify/functions/_lib/simulador.mjs	88	lances	lances = Array.isArray(doc?.lances) ? doc.lances : [];
BACKEND	STRING-TECNICA	desafio-gut/frontend/netlify/functions/_lib/simulador.mjs	90	lances	console.warn("[simulador] leitura de lances falhou:", err?.message);
BACKEND	IDENTIFICADOR	desafio-gut/frontend/netlify/functions/_lib/simulador.mjs	91	Lances	return { ok: false, erro: true, edicaoId: id, totalLances: 0, lancesUnicos: 0 };
BACKEND	IDENTIFICADOR	desafio-gut/frontend/netlify/functions/_lib/simulador.mjs	91	lances	return { ok: false, erro: true, edicaoId: id, totalLances: 0, lancesUnicos: 0 };
BACKEND	IDENTIFICADOR	desafio-gut/frontend/netlify/functions/_lib/simulador.mjs	93	Lance	return { ...apurarMenorLanceUnico(lances), edicaoId: id };
BACKEND	IDENTIFICADOR	desafio-gut/frontend/netlify/functions/_lib/simulador.mjs	93	lances	return { ...apurarMenorLanceUnico(lances), edicaoId: id };
BACKEND	COMENTARIO	desafio-gut/frontend/netlify/functions/_lib/system-state.mjs	7	lances	// opt-in EXPLÍCITO — nunca bloquear lances por falha de leitura do Blob). A
BACKEND	COMENTARIO	desafio-gut/frontend/netlify/functions/_lib/system-state.mjs	11	lance	// lance-relampago.mjs / lance-programado.mjs (gate — ITEM 8).
BACKEND	COMENTARIO	desafio-gut/frontend/netlify/functions/_lib/system-state.mjs	11	lance	// lance-relampago.mjs / lance-programado.mjs (gate — ITEM 8).
BACKEND	COMENTARIO	desafio-gut/frontend/netlify/functions/_lib/troco-senhas.mjs	10	Leilao	// Porquê off-chain: as senhas on-chain (contrato LeilaoGUT) NÃO expiram e o
BACKEND	COMENTARIO	desafio-gut/frontend/netlify/functions/_lib/troco-senhas.mjs	12	lances	// A ponte para lances on-chain converte troco -> saldoSenhas on-demand (FIFO),
BACKEND-TESTES	STRING-TECNICA	desafio-gut/frontend/netlify/functions/_tests/biconomy-handshake.test.mjs	121	Leilao	const domain = { name: "LeilaoGUT", version: "1", chainId: 1, verifyingContract: "0x" + "11".repeat(20) };
BACKEND-TESTES	TEXTO-UI	desafio-gut/frontend/netlify/functions/_tests/chatbot-dispatch.test.mjs	71	lance	test('"qual o lance mínimo?" → null (RAG)', async () => {
BACKEND-TESTES	TEXTO-UI	desafio-gut/frontend/netlify/functions/_tests/chatbot-dispatch.test.mjs	72	lance	const resp = await tratarIntentEdicoes(reqVazio, "qual o lance mínimo?", "visitante", null);
BACKEND-TESTES	STRING-TECNICA	desafio-gut/frontend/netlify/functions/_tests/kms-handshake.test.mjs	71	Leilao	const domain = { name: "LeilaoGUT", version: "1", chainId: 1, verifyingContract: "0x" + "11".repeat(20) };
BACKEND-TESTES	TEXTO-UI	desafio-gut/frontend/netlify/functions/_tests/mc28-keyperbid.test.mjs	40	lances	test("gravarBid: 150 lances concorrentes do MESMO utilizador → 150 chaves distintas, zero perda", async () => {
BACKEND-TESTES	TEXTO-UI	desafio-gut/frontend/netlify/functions/_tests/mc28-keyperbid.test.mjs	50	lances	assert.equal(lidos.length, N, "todos os 150 lances devem persistir (sem sobrescrita)");
BACKEND-TESTES	TEXTO-UI	desafio-gut/frontend/netlify/functions/_tests/mc28-keyperbid.test.mjs	53	lances	test("listarBids: paginação + paralelismo lê TODOS os 1500 lances em < 5s", async () => {
BACKEND-TESTES	TEXTO-UI	desafio-gut/frontend/netlify/functions/_tests/mc28-keyperbid.test.mjs	79	lances	assert.equal(lidos.length, 1, "o marcador :consolidado NÃO entra na lista de lances");
BACKEND-TESTES	COMENTARIO	desafio-gut/frontend/netlify/functions/_tests/mc28-seguranca.test.mjs	4	lance	// Cobre (SEGMENTO 7.3): compatibilidade EVM do hash, apuração do menor lance
BACKEND-TESTES	STRING-TECNICA	desafio-gut/frontend/netlify/functions/_tests/mc28-seguranca.test.mjs	29	lances	before(async () => { mod = await import("../consolidar-lances.mjs"); });
BACKEND-TESTES	COMENTARIO	desafio-gut/frontend/netlify/functions/_tests/mc28-seguranca.test.mjs	47	lance	// ── 2. Apuração do menor lance único (Artigo VIII) ──────────────────────────
BACKEND-TESTES	TEXTO-UI	desafio-gut/frontend/netlify/functions/_tests/mc28-seguranca.test.mjs	58	lance	test("apurarMenorUnico: sem lance único → null", () => {
BACKEND-TESTES	TEXTO-UI	desafio-gut/frontend/netlify/functions/_tests/mc28-seguranca.test.mjs	66	lances	test("consolidar-lances: requisição não-admin é rejeitada (guardAdmin)", async () => {
BACKEND-TESTES	TEXTO-UI	desafio-gut/frontend/netlify/functions/_tests/mc28-seguranca.test.mjs	75	lances	test("consolidar-lances: fora de mainnet é bloqueado (409)", async () => {
BACKEND-TESTES	TEXTO-UI	desafio-gut/frontend/netlify/functions/_tests/mc28-seguranca.test.mjs	83	lances	test("consolidar-lances: edição já consolidada responde idempotente (sem reenvio)", async () => {
BACKEND-TESTES	COMENTARIO	desafio-gut/frontend/netlify/functions/_tests/mc30-integracao.test.mjs	6	Lance	// Cobre SEG5.1 (adicionarSenhas) e SEG5.2 (comprometerLance) end-to-end através
BACKEND-TESTES	IDENTIFICADOR	desafio-gut/frontend/netlify/functions/_tests/mc30-integracao.test.mjs	29	Lance	async comprometerLance(idEdicao, lancador, hash) {
BACKEND-TESTES	STRING-TECNICA	desafio-gut/frontend/netlify/functions/_tests/mc30-integracao.test.mjs	30	Lance	chamadas.push(["comprometerLance", idEdicao, lancador, hash]);
BACKEND-TESTES	TEXTO-UI	desafio-gut/frontend/netlify/functions/_tests/mc30-integracao.test.mjs	58	Lance	test("SEG5.2: comprometerLanceOnchain assina via fachada e chama comprometerLance", async () => {
BACKEND-TESTES	TEXTO-UI	desafio-gut/frontend/netlify/functions/_tests/mc30-integracao.test.mjs	58	Lance	test("SEG5.2: comprometerLanceOnchain assina via fachada e chama comprometerLance", async () => {
BACKEND-TESTES	IDENTIFICADOR	desafio-gut/frontend/netlify/functions/_tests/mc30-integracao.test.mjs	61	Lance	const r = await contract.comprometerLanceOnchain("R-1", "0x1111111111111111111111111111111111111111", hash);
BACKEND-TESTES	STRING-TECNICA	desafio-gut/frontend/netlify/functions/_tests/mc30-integracao.test.mjs	63	Lance	assert.deepEqual(chamadas.find((c) => c[0] === "comprometerLance"),
BACKEND-TESTES	STRING-TECNICA	desafio-gut/frontend/netlify/functions/_tests/mc30-integracao.test.mjs	64	Lance	["comprometerLance", "R-1", "0x1111111111111111111111111111111111111111", hash]);
BACKEND-TESTES	COMENTARIO	desafio-gut/frontend/netlify/functions/_tests/mc302-integracao.test.mjs	7	Lance	// funções privilegiadas (adicionarSenhas, comprometerLance, consolidarResultado,
BACKEND-TESTES	TEXTO-UI	desafio-gut/frontend/netlify/functions/_tests/mc302-integracao.test.mjs	83	Lance	"function comprometerLance(string idEdicao, address lancador, bytes32 hashLance)",
BACKEND-TESTES	TEXTO-UI	desafio-gut/frontend/netlify/functions/_tests/mc302-integracao.test.mjs	83	Lance	"function comprometerLance(string idEdicao, address lancador, bytes32 hashLance)",
BACKEND-TESTES	COMENTARIO	desafio-gut/frontend/netlify/functions/_tests/mc302-integracao.test.mjs	102	lances	// bundler (essencial p/ provider.waitForTransaction em consolidar-lances.mjs).
BACKEND-TESTES	TEXTO-UI	desafio-gut/frontend/netlify/functions/_tests/mc302-integracao.test.mjs	116	Lance	test("ITEM 6.2: comprometerLance → UserOp com calldata correto", async () => {
BACKEND-TESTES	IDENTIFICADOR	desafio-gut/frontend/netlify/functions/_tests/mc302-integracao.test.mjs	119	Lance	const hashLance = "0x" + "ab".repeat(32);
BACKEND-TESTES	IDENTIFICADOR	desafio-gut/frontend/netlify/functions/_tests/mc302-integracao.test.mjs	120	Lance	await contrato.comprometerLance("R-1", lancador, hashLance);
BACKEND-TESTES	IDENTIFICADOR	desafio-gut/frontend/netlify/functions/_tests/mc302-integracao.test.mjs	120	Lance	await contrato.comprometerLance("R-1", lancador, hashLance);
BACKEND-TESTES	STRING-TECNICA	desafio-gut/frontend/netlify/functions/_tests/mc302-integracao.test.mjs	122	Lance	assert.equal(parsed.name, "comprometerLance");
BACKEND-TESTES	IDENTIFICADOR	desafio-gut/frontend/netlify/functions/_tests/mc302-integracao.test.mjs	125	Lance	assert.equal(parsed.args[2], hashLance);
BACKEND-TESTES	TEXTO-UI	desafio-gut/frontend/netlify/functions/_tests/mc302-integracao.test.mjs	149	lances	test("ITEM 6.5: concorrência — N lances simultâneos viram N UserOps distintas", async () => {
BACKEND-TESTES	COMENTARIO	desafio-gut/frontend/netlify/functions/_tests/mc321-data-store-supabase.test.mjs	6	lance	// e o registro imutável completo do lance em lances.payload (JSONB), com as
BACKEND-TESTES	COMENTARIO	desafio-gut/frontend/netlify/functions/_tests/mc321-data-store-supabase.test.mjs	6	lances	// e o registro imutável completo do lance em lances.payload (JSONB), com as
BACKEND-TESTES	COMENTARIO	desafio-gut/frontend/netlify/functions/_tests/mc321-data-store-supabase.test.mjs	7	lance	// colunas planas (edicao_id, endereco, hash_lance, valor_centavos) replicadas.
BACKEND-TESTES	IDENTIFICADOR	desafio-gut/frontend/netlify/functions/_tests/mc321-data-store-supabase.test.mjs	12	lances	const db = { config: new Map(), lances: [] };
BACKEND-TESTES	COMENTARIO	desafio-gut/frontend/netlify/functions/_tests/mc321-data-store-supabase.test.mjs	22	Lances	// getLances paginado: filtra por edicao_id, ordena por created_at e fatia.
BACKEND-TESTES	IDENTIFICADOR	desafio-gut/frontend/netlify/functions/_tests/mc321-data-store-supabase.test.mjs	23	lances	const all = db.lances
BACKEND-TESTES	IDENTIFICADOR	desafio-gut/frontend/netlify/functions/_tests/mc321-data-store-supabase.test.mjs	34	lances	insert(obj) { db.lances.push({ ...obj, created_at: ++seq }); return Promise.resolve({ error: null }); },
BACKEND-TESTES	IDENTIFICADOR	desafio-gut/frontend/netlify/functions/_tests/mc321-data-store-supabase.test.mjs	46	lances	beforeEach(() => { db.config.clear(); db.lances.length = 0; seq = 0; });
BACKEND-TESTES	IDENTIFICADOR	desafio-gut/frontend/netlify/functions/_tests/mc321-data-store-supabase.test.mjs	52	Leilao	isLeilaoAtivo: { ios: false, android: false, pwa: true },
BACKEND-TESTES	TEXTO-UI	desafio-gut/frontend/netlify/functions/_tests/mc321-data-store-supabase.test.mjs	63	Lance	test("addLance: devolve key, replica colunas e guarda payload completo", async () => {
BACKEND-TESTES	IDENTIFICADOR	desafio-gut/frontend/netlify/functions/_tests/mc321-data-store-supabase.test.mjs	64	lance	const lance = {
BACKEND-TESTES	IDENTIFICADOR	desafio-gut/frontend/netlify/functions/_tests/mc321-data-store-supabase.test.mjs	65	lance	lanceId: "l1", edicaoId: "R-1", endereco: ADDR, valorCentavos: 4242,
BACKEND-TESTES	IDENTIFICADOR	desafio-gut/frontend/netlify/functions/_tests/mc321-data-store-supabase.test.mjs	68	Lance	const key = await store.addLance("R-1", lance);
BACKEND-TESTES	IDENTIFICADOR	desafio-gut/frontend/netlify/functions/_tests/mc321-data-store-supabase.test.mjs	68	lance	const key = await store.addLance("R-1", lance);
BACKEND-TESTES	IDENTIFICADOR	desafio-gut/frontend/netlify/functions/_tests/mc321-data-store-supabase.test.mjs	71	lances	assert.equal(db.lances.length, 1);
BACKEND-TESTES	IDENTIFICADOR	desafio-gut/frontend/netlify/functions/_tests/mc321-data-store-supabase.test.mjs	72	lances	const row = db.lances[0];
BACKEND-TESTES	IDENTIFICADOR	desafio-gut/frontend/netlify/functions/_tests/mc321-data-store-supabase.test.mjs	75	lance	assert.equal(row.hash_lance, "0xabc");          // ← commitmentHash
BACKEND-TESTES	TEXTO-UI	desafio-gut/frontend/netlify/functions/_tests/mc321-data-store-supabase.test.mjs	83	Lance	test("addLance legado (sem commitmentHash) → hash_lance null, ainda persiste", async () => {
BACKEND-TESTES	TEXTO-UI	desafio-gut/frontend/netlify/functions/_tests/mc321-data-store-supabase.test.mjs	83	lance	test("addLance legado (sem commitmentHash) → hash_lance null, ainda persiste", async () => {
BACKEND-TESTES	IDENTIFICADOR	desafio-gut/frontend/netlify/functions/_tests/mc321-data-store-supabase.test.mjs	84	Lance	const key = await store.addLance("R-1", { endereco: ADDR, valorCentavos: 10 });
BACKEND-TESTES	IDENTIFICADOR	desafio-gut/frontend/netlify/functions/_tests/mc321-data-store-supabase.test.mjs	86	lances	assert.equal(db.lances[0].hash_lance, null);
BACKEND-TESTES	IDENTIFICADOR	desafio-gut/frontend/netlify/functions/_tests/mc321-data-store-supabase.test.mjs	86	lance	assert.equal(db.lances[0].hash_lance, null);
BACKEND-TESTES	IDENTIFICADOR	desafio-gut/frontend/netlify/functions/_tests/mc321-data-store-supabase.test.mjs	87	lances	assert.equal(db.lances[0].valor_centavos, 10);
BACKEND-TESTES	TEXTO-UI	desafio-gut/frontend/netlify/functions/_tests/mc321-data-store-supabase.test.mjs	90	Lance	test("addLance sem endereco/lancador lança erro", async () => {
BACKEND-TESTES	IDENTIFICADOR	desafio-gut/frontend/netlify/functions/_tests/mc321-data-store-supabase.test.mjs	91	Lance	await assert.rejects(() => store.addLance("R-1", { valorCentavos: 1 }), /sem endereco\/lancador/);
BACKEND-TESTES	TEXTO-UI	desafio-gut/frontend/netlify/functions/_tests/mc321-data-store-supabase.test.mjs	94	Lances	test("getLances devolve payloads na ordem cronológica, fiéis ao registro", async () => {
BACKEND-TESTES	IDENTIFICADOR	desafio-gut/frontend/netlify/functions/_tests/mc321-data-store-supabase.test.mjs	95	Lance	await store.addLance("R-1", { endereco: ADDR, valorCentavos: 1, nomeExibicao: "A" });
BACKEND-TESTES	IDENTIFICADOR	desafio-gut/frontend/netlify/functions/_tests/mc321-data-store-supabase.test.mjs	96	Lance	await store.addLance("R-1", { endereco: ADDR, valorCentavos: 2, nomeExibicao: "B" });
BACKEND-TESTES	IDENTIFICADOR	desafio-gut/frontend/netlify/functions/_tests/mc321-data-store-supabase.test.mjs	97	Lance	await store.addLance("R-2", { endereco: ADDR, valorCentavos: 9, nomeExibicao: "X" }); // outra edição
BACKEND-TESTES	IDENTIFICADOR	desafio-gut/frontend/netlify/functions/_tests/mc321-data-store-supabase.test.mjs	99	lances	const lances = await store.getLances("R-1");
BACKEND-TESTES	IDENTIFICADOR	desafio-gut/frontend/netlify/functions/_tests/mc321-data-store-supabase.test.mjs	99	Lances	const lances = await store.getLances("R-1");
BACKEND-TESTES	IDENTIFICADOR	desafio-gut/frontend/netlify/functions/_tests/mc321-data-store-supabase.test.mjs	100	lances	assert.equal(lances.length, 2);
BACKEND-TESTES	IDENTIFICADOR	desafio-gut/frontend/netlify/functions/_tests/mc321-data-store-supabase.test.mjs	101	lances	assert.deepEqual(lances.map((l) => l.nomeExibicao), ["A", "B"]);
BACKEND-TESTES	IDENTIFICADOR	desafio-gut/frontend/netlify/functions/_tests/mc321-data-store-supabase.test.mjs	102	lances	assert.equal(lances[0].valorCentavos, 1);
BACKEND-TESTES	IDENTIFICADOR	desafio-gut/frontend/netlify/functions/_tests/mc321-data-store-supabase.test.mjs	103	lances	assert.ok(lances[0].key); // key preservada no payload
BACKEND-TESTES	TEXTO-UI	desafio-gut/frontend/netlify/functions/_tests/mc321-data-store-supabase.test.mjs	106	Lances	test("getLances pagina >1000 lances sem truncar (K1/MC33) — 2500 inteiros", async () => {
BACKEND-TESTES	TEXTO-UI	desafio-gut/frontend/netlify/functions/_tests/mc321-data-store-supabase.test.mjs	106	lances	test("getLances pagina >1000 lances sem truncar (K1/MC33) — 2500 inteiros", async () => {
BACKEND-TESTES	IDENTIFICADOR	desafio-gut/frontend/netlify/functions/_tests/mc321-data-store-supabase.test.mjs	109	lances	db.lances.push({
BACKEND-TESTES	IDENTIFICADOR	desafio-gut/frontend/netlify/functions/_tests/mc321-data-store-supabase.test.mjs	112	lance	hash_lance: null,
BACKEND-TESTES	IDENTIFICADOR	desafio-gut/frontend/netlify/functions/_tests/mc321-data-store-supabase.test.mjs	118	lances	const lances = await store.getLances("R-1");
BACKEND-TESTES	IDENTIFICADOR	desafio-gut/frontend/netlify/functions/_tests/mc321-data-store-supabase.test.mjs	118	Lances	const lances = await store.getLances("R-1");
BACKEND-TESTES	IDENTIFICADOR	desafio-gut/frontend/netlify/functions/_tests/mc321-data-store-supabase.test.mjs	119	lances	assert.equal(lances.length, N, "deve devolver TODOS os 2500 (leitura exaustiva)");
BACKEND-TESTES	IDENTIFICADOR	desafio-gut/frontend/netlify/functions/_tests/mc321-data-store-supabase.test.mjs	121	lances	const valores = lances.map((l) => l.valorCentavos);
BACKEND-TESTES	COMENTARIO	desafio-gut/frontend/netlify/functions/_tests/mc33-load.mjs	10	Lance	// Para cada N: dispara N addLance concorrentes contra Supabase, lê com getLances
BACKEND-TESTES	COMENTARIO	desafio-gut/frontend/netlify/functions/_tests/mc33-load.mjs	10	Lances	// Para cada N: dispara N addLance concorrentes contra Supabase, lê com getLances
BACKEND-TESTES	IDENTIFICADOR	desafio-gut/frontend/netlify/functions/_tests/mc33-load.mjs	15	Lance	import { addLance, getLances } from "../_lib/data-store-supabase.mjs";
BACKEND-TESTES	IDENTIFICADOR	desafio-gut/frontend/netlify/functions/_tests/mc33-load.mjs	15	Lances	import { addLance, getLances } from "../_lib/data-store-supabase.mjs";
BACKEND-TESTES	STRING-TECNICA	desafio-gut/frontend/netlify/functions/_tests/mc33-load.mjs	17	lances	import { apurarMenorUnico } from "../consolidar-lances.mjs";
BACKEND-TESTES	COMENTARIO	desafio-gut/frontend/netlify/functions/_tests/mc33-load.mjs	24	lance	*  => menor lance único esperado = 2, vencedor = endereço do lance i=2. */
BACKEND-TESTES	COMENTARIO	desafio-gut/frontend/netlify/functions/_tests/mc33-load.mjs	24	lance	*  => menor lance único esperado = 2, vencedor = endereço do lance i=2. */
BACKEND-TESTES	IDENTIFICADOR	desafio-gut/frontend/netlify/functions/_tests/mc33-load.mjs	26	lances	const lances = [];
BACKEND-TESTES	IDENTIFICADOR	desafio-gut/frontend/netlify/functions/_tests/mc33-load.mjs	28	lances	lances.push({
BACKEND-TESTES	IDENTIFICADOR	desafio-gut/frontend/netlify/functions/_tests/mc33-load.mjs	29	lance	lanceId: `mc33-${i}`,
BACKEND-TESTES	IDENTIFICADOR	desafio-gut/frontend/netlify/functions/_tests/mc33-load.mjs	37	lances	return lances;
BACKEND-TESTES	IDENTIFICADOR	desafio-gut/frontend/netlify/functions/_tests/mc33-load.mjs	62	Lance	const { results, erros } = await runPool(dataset, conc, (l) => addLance(edicaoId, l));
BACKEND-TESTES	IDENTIFICADOR	desafio-gut/frontend/netlify/functions/_tests/mc33-load.mjs	69	Lances	const lidos = await getLances(edicaoId);
BACKEND-TESTES	COMENTARIO	desafio-gut/frontend/netlify/functions/_tests/mc33-load.mjs	78	lances	// Limpeza: apagar lances de teste e confirmar 0 restantes.
BACKEND-TESTES	STRING-TECNICA	desafio-gut/frontend/netlify/functions/_tests/mc33-load.mjs	80	lances	await sb.from("lances").delete().eq("edicao_id", edicaoId);
BACKEND-TESTES	STRING-TECNICA	desafio-gut/frontend/netlify/functions/_tests/mc33-load.mjs	81	lances	const { count: restante } = await sb.from("lances")
BACKEND-TESTES	COMENTARIO	desafio-gut/frontend/netlify/functions/_tests/mc33-rls.mjs	8	lances	// B1 leitura anónima de lances  → DEVE devolver [] (RLS sem policy SELECT p/ anon)
BACKEND-TESTES	COMENTARIO	desafio-gut/frontend/netlify/functions/_tests/mc33-rls.mjs	9	lances	// B2 escrita anónima de lances  → DEVE ser bloqueada (401/403)
BACKEND-TESTES	COMENTARIO	desafio-gut/frontend/netlify/functions/_tests/mc33-rls.mjs	39	lances	// B1 — leitura anónima de lances → 200 + array vazio
BACKEND-TESTES	TEXTO-UI	desafio-gut/frontend/netlify/functions/_tests/mc33-rls.mjs	41	lances	const r = await req("GET", "lances?limit=1", ANON);
BACKEND-TESTES	TEXTO-UI	desafio-gut/frontend/netlify/functions/_tests/mc33-rls.mjs	43	lances	todasOk &= reg("B1", "GET lances (anon)", "200 + []", `${r.status} ${Array.isArray(r.json) ? `len=${r.json.length}` : r.txt}`, vazio);
BACKEND-TESTES	COMENTARIO	desafio-gut/frontend/netlify/functions/_tests/mc33-rls.mjs	46	lances	// B2 — escrita anónima de lances → 401/403 (bloqueado por RLS)
BACKEND-TESTES	STRING-TECNICA	desafio-gut/frontend/netlify/functions/_tests/mc33-rls.mjs	48	lances	const r = await req("POST", "lances", ANON, NOVO);
BACKEND-TESTES	TEXTO-UI	desafio-gut/frontend/netlify/functions/_tests/mc33-rls.mjs	50	lances	todasOk &= reg("B2", "POST lances (anon)", "401/403", `${r.status} ${r.txt}`, bloqueado);
BACKEND-TESTES	TEXTO-UI	desafio-gut/frontend/netlify/functions/_tests/mc33-rls.mjs	56	lances	const r = await req("GET", "lances?limit=1", SERVICE);
BACKEND-TESTES	TEXTO-UI	desafio-gut/frontend/netlify/functions/_tests/mc33-rls.mjs	57	lances	todasOk &= reg("B3a", "GET lances (service_role)", "200", `${r.status}`, r.status === 200);
BACKEND-TESTES	STRING-TECNICA	desafio-gut/frontend/netlify/functions/_tests/mc33-rls.mjs	62	lances	const r = await req("POST", "lances", SERVICE, NOVO);
BACKEND-TESTES	TEXTO-UI	desafio-gut/frontend/netlify/functions/_tests/mc33-rls.mjs	64	lances	todasOk &= reg("B3b", "POST lances (service_role)", "201", `${r.status}`, criado);
BACKEND-TESTES	TEXTO-UI	desafio-gut/frontend/netlify/functions/_tests/mc33-rls.mjs	66	lances	await req("DELETE", `lances?edicao_id=eq.MC33-RLS-PROBE`, SERVICE);
BACKEND-TESTES	TEXTO-UI	desafio-gut/frontend/netlify/functions/_tests/mc33-rls.mjs	67	lances	const v = await req("GET", `lances?edicao_id=eq.MC33-RLS-PROBE&select=id`, SERVICE);
BACKEND-TESTES	COMENTARIO	desafio-gut/frontend/netlify/functions/_tests/mc361-saldo-rs.test.mjs	2	lance	// Cobre o caminho usado pelo fluxo de lance (lance-relampago → debitarSaldoRs):
BACKEND-TESTES	COMENTARIO	desafio-gut/frontend/netlify/functions/_tests/mc361-saldo-rs.test.mjs	2	lance	// Cobre o caminho usado pelo fluxo de lance (lance-relampago → debitarSaldoRs):
BACKEND-TESTES	TEXTO-UI	desafio-gut/frontend/netlify/functions/_tests/mc361-saldo-rs.test.mjs	57	lance	test("débito com saldo suficiente (fluxo de lance) debita", async () => {
BACKEND-TESTES	STRING-TECNICA	desafio-gut/frontend/netlify/functions/_tests/mc361-saldo-rs.test.mjs	59	lance	const d = await saldo.debitarSaldoRs({ endereco: ADDR, valorCentavos: 400, motivo: "lance-R1" });
BACKEND-TESTES	STRING-TECNICA	desafio-gut/frontend/netlify/functions/_tests/mc361-saldo-rs.test.mjs	67	lance	const d = await saldo.debitarSaldoRs({ endereco: ADDR, valorCentavos: 500, motivo: "lance-R1" });
BACKEND-TESTES	TEXTO-UI	desafio-gut/frontend/netlify/functions/_tests/mc361-saldo-rs.test.mjs	73	lance	test("reembolso devolve ao saldo (compensação pós-falha de lance)", async () => {
BACKEND-TESTES	STRING-TECNICA	desafio-gut/frontend/netlify/functions/_tests/mc361-saldo-rs.test.mjs	75	lance	await saldo.debitarSaldoRs({ endereco: ADDR, valorCentavos: 1000, motivo: "lance-R1" });
BACKEND-TESTES	STRING-TECNICA	desafio-gut/frontend/netlify/functions/_tests/mc361-saldo-rs.test.mjs	77	lance	const r = await saldo.reembolsarSaldoRs({ endereco: ADDR, valorCentavos: 1000, motivo: "lance-falhou" });
BACKEND-TESTES	COMENTARIO	desafio-gut/frontend/netlify/functions/_tests/mc39171-p0-fixes.test.mjs	4	lances	// B-P0-1: purge-lances.mjs era destrutivo SEM autenticação. Agora exige guardAdmin
BACKEND-TESTES	COMENTARIO	desafio-gut/frontend/netlify/functions/_tests/mc39171-p0-fixes.test.mjs	14	lances	let getStoreCalls = 0;     // quantas vezes purge-lances abriu um Blob store
BACKEND-TESTES	STRING-TECNICA	desafio-gut/frontend/netlify/functions/_tests/mc39171-p0-fixes.test.mjs	45	lances	purge   = await import("../purge-lances.mjs");
BACKEND-TESTES	COMENTARIO	desafio-gut/frontend/netlify/functions/_tests/mc39171-p0-fixes.test.mjs	57	lances	// ── B-P0-1: purge-lances exige admin ANTES de qualquer operação destrutiva ──
BACKEND-TESTES	TEXTO-UI	desafio-gut/frontend/netlify/functions/_tests/mc39171-p0-fixes.test.mjs	58	lances	test("purge-lances: requisição não-admin é rejeitada (guardAdmin) sem tocar nos Blobs", async () => {
BACKEND-TESTES	TEXTO-UI	desafio-gut/frontend/netlify/functions/_tests/mc39171-p0-fixes.test.mjs	67	lances	test("purge-lances: admin autorizado prossegue e responde ok", async () => {
BACKEND-TESTES	TEXTO-UI	desafio-gut/frontend/netlify/functions/_tests/mc39171-p0-fixes.test.mjs	78	lances	test("purge-lances: método != POST → 405", async () => {
BACKEND-TESTES	IDENTIFICADOR	desafio-gut/frontend/netlify/functions/_tests/mc72-conta-delete.test.mjs	91	lances	lances: [{ endereco: ALVO, valor_centavos: 100 }, { endereco: ALVO, valor_centavos: 200 }, { endereco: OUTRO }],
BACKEND-TESTES	STRING-TECNICA	desafio-gut/frontend/netlify/functions/_tests/mc72-conta-delete.test.mjs	104	lance	"lance-idem": new Map([["idemA", { endereco: ALVO }], ["idemB", { endereco: OUTRO }]]),
BACKEND-TESTES	IDENTIFICADOR	desafio-gut/frontend/netlify/functions/_tests/mc72-conta-delete.test.mjs	117	lances	assert.equal(m.supabase.deletado.lances, 2);
BACKEND-TESTES	IDENTIFICADOR	desafio-gut/frontend/netlify/functions/_tests/mc72-conta-delete.test.mjs	125	lances	assert.equal(tabelas.lances.length, 3);
BACKEND-TESTES	IDENTIFICADOR	desafio-gut/frontend/netlify/functions/_tests/mc72-conta-delete.test.mjs	142	lances	assert.equal(tabelas.lances.length, 1);
BACKEND-TESTES	IDENTIFICADOR	desafio-gut/frontend/netlify/functions/_tests/mc72-conta-delete.test.mjs	143	lances	assert.equal(tabelas.lances[0].endereco, OUTRO);
BACKEND-TESTES	STRING-TECNICA	desafio-gut/frontend/netlify/functions/_tests/mc72-conta-delete.test.mjs	153	lance	assert.equal(stores["lance-idem"].has("idemA"), false);
BACKEND-TESTES	STRING-TECNICA	desafio-gut/frontend/netlify/functions/_tests/mc72-conta-delete.test.mjs	154	lance	assert.equal(stores["lance-idem"].has("idemB"), true);
BACKEND-TESTES	IDENTIFICADOR	desafio-gut/frontend/netlify/functions/_tests/mc72-conta-delete.test.mjs	193	lances	assert.equal(tabelas.lances.length, 1);
BACKEND-TESTES	TEXTO-UI	desafio-gut/frontend/netlify/functions/_tests/mc8820-guto-personalidades.test.mjs	34	lance	for (const params of [{ trecho: "" }, { trecho: "O lance vencedor e o menor valor unico." }]) {
BACKEND-TESTES	TEXTO-UI	desafio-gut/frontend/netlify/functions/_tests/mc8820-guto-personalidades.test.mjs	78	lance	const jaConvidou = "Funciona assim: vence o menor lance unico. Que tal criar uma conta e dar um lance?";
BACKEND-TESTES	TEXTO-UI	desafio-gut/frontend/netlify/functions/_tests/mc8820-guto-personalidades.test.mjs	78	lance	const jaConvidou = "Funciona assim: vence o menor lance unico. Que tal criar uma conta e dar um lance?";
BACKEND-TESTES	TEXTO-UI	desafio-gut/frontend/netlify/functions/_tests/mc8820-guto-personalidades.test.mjs	86	lance	const semConvite = "O lance vencedor e o menor valor que aparece uma unica vez.";
BACKEND-TESTES	COMENTARIO	desafio-gut/frontend/netlify/functions/_tests/mc8843-estado-edicao.test.mjs	81	leilão	//    que o leilão abrir). Sem isto, o corpo de derivação nunca seria exercido.
BACKEND-TESTES	STRING-TECNICA	desafio-gut/frontend/netlify/functions/_tests/mc8843-estado-edicao.test.mjs	85	leilao	mock.module("../../../src/lib/leilaoLock.js", {
BACKEND-TESTES	COMENTARIO	desafio-gut/frontend/netlify/functions/_tests/mc8843-estado-edicao.test.mjs	133	Lances	// A R-1 é servida ao Dashboard/TabelaLances como { id } + o veredito do
BACKEND-TESTES	STRING-TECNICA	desafio-gut/frontend/netlify/functions/_tests/mc8843-estado-edicao.test.mjs	149	leilao	mock.module("../../../src/lib/leilaoLock.js", {
BACKEND-TESTES	STRING-TECNICA	desafio-gut/frontend/netlify/functions/_tests/mc8843-estado-edicao.test.mjs	166	Lances	"components/TabelaLances.jsx",
BACKEND-TESTES	STRING-TECNICA	desafio-gut/frontend/netlify/functions/_tests/mc8843-estado-edicao.test.mjs	167	Lance	"components/CardLance.jsx",
BACKEND-TESTES	STRING-TECNICA	desafio-gut/frontend/netlify/functions/_tests/mc8843-estado-edicao.test.mjs	190	Lances	["components/TabelaLances.jsx",         /["']🟢 Ativo["']/,                                  '"🟢 Ativo" cru (B4)'],
BACKEND-TESTES	IDENTIFICADOR	desafio-gut/frontend/netlify/functions/_tests/mc8843-estado-edicao.test.mjs	197	Leilão	["components/glass/AuctionStatusBar.jsx", /🔴 Leilão encerrado/,                             '"Leilão encerrado" cru'],
BACKEND-TESTES	TEXTO-UI	desafio-gut/frontend/netlify/functions/_tests/mc8843-estado-edicao.test.mjs	197	Leilão	["components/glass/AuctionStatusBar.jsx", /🔴 Leilão encerrado/,                             '"Leilão encerrado" cru'],
BACKEND-TESTES	STRING-TECNICA	desafio-gut/frontend/netlify/functions/_tests/mc8843-estado-edicao.test.mjs	198	Lance	["components/CardLance.jsx",            /🔴 Edição encerrada/,                               '"Edição encerrada" cru'],
BACKEND-TESTES	TEXTO-UI	desafio-gut/frontend/netlify/functions/_tests/mc8843-estado-edicao.test.mjs	205	leilão	test("a Vitrine não anuncia leilão ao vivo enquanto o cronómetro diz EM BREVE", () => {
BACKEND-TESTES	IDENTIFICADOR	desafio-gut/frontend/netlify/functions/_tests/mc891-admin-stats.test.mjs	58	lances	lances: [],
BACKEND-TESTES	IDENTIFICADOR	desafio-gut/frontend/netlify/functions/_tests/mc891-admin-stats.test.mjs	73	lances	cotas: erro, saldo_rs: erro, saldo_rs_creditos: erro, lances: erro, fila_tarefas: erro,
BACKEND-TESTES	IDENTIFICADOR	desafio-gut/frontend/netlify/functions/_tests/mc891-admin-stats.test.mjs	95	lances	lances:   [{ endereco: b }],
BACKEND-TESTES	IDENTIFICADOR	desafio-gut/frontend/netlify/functions/_tests/mc891-admin-stats.test.mjs	125	lances	saldo_rs: [], saldo_rs_creditos: [], lances: [], fila_tarefas: [],
BACKEND-TESTES	IDENTIFICADOR	desafio-gut/frontend/netlify/functions/_tests/mc891-admin-stats.test.mjs	146	lances	saldo_rs_creditos: [], lances: [], fila_tarefas: [],
BACKEND-TESTES	IDENTIFICADOR	desafio-gut/frontend/netlify/functions/_tests/mc891-admin-stats.test.mjs	157	lances	cotas: [], saldo_rs: [], lances: [], fila_tarefas: [],
BACKEND-TESTES	IDENTIFICADOR	desafio-gut/frontend/netlify/functions/_tests/mc891-admin-stats.test.mjs	172	lances	cotas: [], saldo_rs: [], saldo_rs_creditos: [], lances: [],
BACKEND-TESTES	TEXTO-UI	desafio-gut/frontend/netlify/functions/_tests/mc892-guto-metricas.test.mjs	71	lances	["volume de lances",           "dados_mercado"],
BACKEND-TESTES	IDENTIFICADOR	desafio-gut/frontend/netlify/functions/_tests/mc892-guto-metricas.test.mjs	174	lance	assert.doesNotMatch(corpo, /obterSaldoEoa|eth_getBalance/,
BACKEND-TESTES	IDENTIFICADOR	desafio-gut/frontend/netlify/functions/_tests/mc892-guto-metricas.test.mjs	184	lances	utilizadores: { comAtividade: 5, fontes: { cotas: 7, saldo: 5, creditos: 18, lances: 0 } },
BACKEND-TESTES	IDENTIFICADOR	desafio-gut/frontend/netlify/functions/_tests/mc8940-gate-cota.test.mjs	34	Lance	verificarLanceAuth: async () => ({ endereco: jwtEndereco }),
BACKEND-TESTES	COMENTARIO	desafio-gut/frontend/netlify/functions/_tests/mc9111-programado.test.mjs	1	lances	// MC91.11 — Testes do ledger de consumo de senhas em lances programados.
BACKEND-TESTES	TEXTO-UI	desafio-gut/frontend/netlify/functions/_tests/mc9111-programado.test.mjs	47	lance	test("consumo: 1 lance consome 1 senha e persiste", async () => {
BACKEND-TESTES	IDENTIFICADOR	desafio-gut/frontend/netlify/functions/_tests/mc9111-programado.test.mjs	58	Lance	assert.equal(lido.ultimoLance.edicaoId, "PROG-1");
BACKEND-TESTES	COMENTARIO	desafio-gut/frontend/netlify/functions/_tests/mc9111-programado.test.mjs	63	lances	// saldo on-chain = 2 → 2 lances ok, 3º recusado
BACKEND-TESTES	COMENTARIO	desafio-gut/frontend/netlify/functions/_tests/mc9112-integracao-lance.test.mjs	1	lance	// MC91.12 — Teste de INTEGRACAO do handler lance-relampago (fluxo corrigido).
BACKEND-TESTES	COMENTARIO	desafio-gut/frontend/netlify/functions/_tests/mc9112-integracao-lance.test.mjs	2	lance	// Executar: node --experimental-test-module-mocks --test mc9112-integracao-lance.test.mjs
BACKEND-TESTES	COMENTARIO	desafio-gut/frontend/netlify/functions/_tests/mc9112-integracao-lance.test.mjs	6	Lance	//      consumo no ledger; mantem a blindagem (comprometerLance + addLance).
BACKEND-TESTES	COMENTARIO	desafio-gut/frontend/netlify/functions/_tests/mc9112-integracao-lance.test.mjs	6	Lance	//      consumo no ledger; mantem a blindagem (comprometerLance + addLance).
BACKEND-TESTES	IDENTIFICADOR	desafio-gut/frontend/netlify/functions/_tests/mc9112-integracao-lance.test.mjs	23	Lance	let chamadasAddLance = 0;
BACKEND-TESTES	IDENTIFICADOR	desafio-gut/frontend/netlify/functions/_tests/mc9112-integracao-lance.test.mjs	39	Lance	mock.module("../_lib/jwt.mjs", { namedExports: { verificarLanceAuth: async () => ({ endereco: TEST_ADDR }) } });
BACKEND-TESTES	IDENTIFICADOR	desafio-gut/frontend/netlify/functions/_tests/mc9112-integracao-lance.test.mjs	44	Lance	mock.module("../_lib/notificacoes-usuario.mjs", { namedExports: { registrarEventosDeLance: async () => {} } });
BACKEND-TESTES	IDENTIFICADOR	desafio-gut/frontend/netlify/functions/_tests/mc9112-integracao-lance.test.mjs	46	Lance	namedExports: { addLance: async (e, r) => { chamadasAddLance += 1; return `key-${e}-${r.lanceId}`; } },
BACKEND-TESTES	IDENTIFICADOR	desafio-gut/frontend/netlify/functions/_tests/mc9112-integracao-lance.test.mjs	46	Lance	namedExports: { addLance: async (e, r) => { chamadasAddLance += 1; return `key-${e}-${r.lanceId}`; } },
BACKEND-TESTES	STRING-TECNICA	desafio-gut/frontend/netlify/functions/_tests/mc9112-integracao-lance.test.mjs	46	lance	namedExports: { addLance: async (e, r) => { chamadasAddLance += 1; return `key-${e}-${r.lanceId}`; } },
BACKEND-TESTES	IDENTIFICADOR	desafio-gut/frontend/netlify/functions/_tests/mc9112-integracao-lance.test.mjs	50	Lance	comprometerLanceOnchain: async () => { chamadasCompromete += 1; return {}; },
BACKEND-TESTES	STRING-TECNICA	desafio-gut/frontend/netlify/functions/_tests/mc9112-integracao-lance.test.mjs	68	lance	const mod = await import("../lance-relampago.mjs");
BACKEND-TESTES	COMENTARIO	desafio-gut/frontend/netlify/functions/_tests/mc9112-integracao-lance.test.mjs	77	lance	url: "http://localhost/.netlify/functions/lance-relampago",
BACKEND-TESTES	IDENTIFICADOR	desafio-gut/frontend/netlify/functions/_tests/mc9112-integracao-lance.test.mjs	85	Lance	chamadasAddLance = 0;
BACKEND-TESTES	IDENTIFICADOR	desafio-gut/frontend/netlify/functions/_tests/mc9112-integracao-lance.test.mjs	91	Lance	const bodyLance = (edicaoId = "PROG-1", valorCentavos = 50) => ({
BACKEND-TESTES	IDENTIFICADOR	desafio-gut/frontend/netlify/functions/_tests/mc9112-integracao-lance.test.mjs	98	Lance	const resp = await handler(fakeReq(bodyLance("PROG-1", 50)));
BACKEND-TESTES	TEXTO-UI	desafio-gut/frontend/netlify/functions/_tests/mc9112-integracao-lance.test.mjs	106	Lance	assert.equal(chamadasCompromete, 1, "blindagem (comprometerLance) deve rodar");
BACKEND-TESTES	IDENTIFICADOR	desafio-gut/frontend/netlify/functions/_tests/mc9112-integracao-lance.test.mjs	107	Lance	assert.equal(chamadasAddLance, 1, "key-per-bid (addLance) deve rodar");
BACKEND-TESTES	TEXTO-UI	desafio-gut/frontend/netlify/functions/_tests/mc9112-integracao-lance.test.mjs	107	Lance	assert.equal(chamadasAddLance, 1, "key-per-bid (addLance) deve rodar");
BACKEND-TESTES	IDENTIFICADOR	desafio-gut/frontend/netlify/functions/_tests/mc9112-integracao-lance.test.mjs	119	Lance	const resp = await handler(fakeReq(bodyLance("PROG-1", 50)));
BACKEND-TESTES	IDENTIFICADOR	desafio-gut/frontend/netlify/functions/_tests/mc9112-integracao-lance.test.mjs	132	Lance	const resp = await handler(fakeReq(bodyLance("R-1", 50)));
BACKEND-TESTES	IDENTIFICADOR	desafio-gut/frontend/netlify/functions/_tests/mc9112-integracao-lance.test.mjs	149	Lance	const resp = await handler(fakeReq(bodyLance("R-1", 999999)));
BACKEND-TESTES	IDENTIFICADOR	desafio-gut/frontend/netlify/functions/_tests/mc9112-integracao-lance.test.mjs	159	Lance	const resp = await handler(fakeReq(bodyLance("R-1", 10)));
BACKEND-TESTES	STRING-TECNICA	desafio-gut/frontend/netlify/functions/_tests/test-conversao-e2e-mc1581.mjs	59	lance	const conv = await ref.registrarConversao(vinculo, { nomeIndicado: "Ana", contexto: "primeiro-lance" });
BACKEND-TESTES	TEXTO-UI	desafio-gut/frontend/netlify/functions/_tests/test-intents-mc1581.mjs	34	lance	["qual o lance mínimo?", null],
FRONTEND	TEXTO-UI	desafio-gut/frontend/index.html	7	Lance	<title>DesafioGUT — O Menor Lance Único Ganha</title>
FRONTEND	TEXTO-UI	desafio-gut/frontend/index.html	8	lance	<meta name="description" content="DesafioGUT · Grupo União e Trabalho — E-commerce via Dropshipping. Dê seu lance: o menor valor único vence. Grátis para se cadastrar. Vi
FRONTEND	TEXTO-UI	desafio-gut/frontend/index.html	9	Lance	<meta property="og:title" content="DesafioGUT — O Menor Lance Único Ganha" />
FRONTEND	TEXTO-UI	desafio-gut/frontend/index.html	10	lance	<meta property="og:description" content="Dê seu lance no DesafioGUT. Menor valor único ganha o produto. Grupo União e Trabalho · CNPJ 23.040.066/0001-00." />
FRONTEND	TEXTO-UI	desafio-gut/frontend/index.html	22	Lance	<meta name="twitter:title" content="DesafioGUT — O Menor Lance Único Ganha" />
FRONTEND	TEXTO-UI	desafio-gut/frontend/index.html	23	lance	<meta name="twitter:description" content="Dê seu lance no DesafioGUT. Menor valor único ganha o produto." />
BANCO	COMENTARIO	desafio-gut/frontend/supabase/migrations/20260620_amend_jsonb_payload.sql	7	Leilao	--      ({ isLeilaoAtivo:{ios,android,pwa}, isPagamentoNativoAtivo:{...} }), lido
BANCO	COMENTARIO	desafio-gut/frontend/supabase/migrations/20260620_amend_jsonb_payload.sql	11	lances	--   2. lances.payload (JSONB): o registro de lance é mais rico que as colunas
BANCO	COMENTARIO	desafio-gut/frontend/supabase/migrations/20260620_amend_jsonb_payload.sql	11	lance	--   2. lances.payload (JSONB): o registro de lance é mais rico que as colunas
BANCO	COMENTARIO	desafio-gut/frontend/supabase/migrations/20260620_amend_jsonb_payload.sql	12	lance	--      planas (lanceId, nomeExibicao, saldoAntes/DepoisCentavos, processadoEm,
BANCO	COMENTARIO	desafio-gut/frontend/supabase/migrations/20260620_amend_jsonb_payload.sql	15	lance	--      (edicao_id, endereco, hash_lance, valor_centavos) ficam para índices/queries.
BANCO	COMENTARIO	desafio-gut/frontend/supabase/migrations/20260620_amend_jsonb_payload.sql	17	lances	--   3. lances.hash_lance deixa de ser NOT NULL: o caminho legado (Sepolia/local)
BANCO	COMENTARIO	desafio-gut/frontend/supabase/migrations/20260620_amend_jsonb_payload.sql	17	lance	--   3. lances.hash_lance deixa de ser NOT NULL: o caminho legado (Sepolia/local)
BANCO	COMENTARIO	desafio-gut/frontend/supabase/migrations/20260620_amend_jsonb_payload.sql	18	lance	--      não produz commitment on-chain; só mainnet preenche hash_lance.
BANCO	IDENTIFICADOR	desafio-gut/frontend/supabase/migrations/20260620_amend_jsonb_payload.sql	24	lances	ALTER TABLE lances ADD COLUMN IF NOT EXISTS payload JSONB;
BANCO	IDENTIFICADOR	desafio-gut/frontend/supabase/migrations/20260620_amend_jsonb_payload.sql	25	lances	ALTER TABLE lances ALTER COLUMN hash_lance DROP NOT NULL;
BANCO	IDENTIFICADOR	desafio-gut/frontend/supabase/migrations/20260620_amend_jsonb_payload.sql	25	lance	ALTER TABLE lances ALTER COLUMN hash_lance DROP NOT NULL;
BANCO	COMENTARIO	desafio-gut/frontend/supabase/migrations/20260620_schema_definitivo.sql	8	lances	-- Tabelas: produtos, lojistas, lances, config_remota.
BANCO	COMENTARIO	desafio-gut/frontend/supabase/migrations/20260620_schema_definitivo.sql	10	lances	-- exclusiva do service_role (backend) em lances/lojistas/config_remota.
BANCO	COMENTARIO	desafio-gut/frontend/supabase/migrations/20260620_schema_definitivo.sql	32	lances	-- Tabela de lances
BANCO	IDENTIFICADOR	desafio-gut/frontend/supabase/migrations/20260620_schema_definitivo.sql	33	lances	CREATE TABLE IF NOT EXISTS lances (
BANCO	IDENTIFICADOR	desafio-gut/frontend/supabase/migrations/20260620_schema_definitivo.sql	37	lance	hash_lance VARCHAR(66) NOT NULL,
BANCO	IDENTIFICADOR	desafio-gut/frontend/supabase/migrations/20260620_schema_definitivo.sql	50	lances	CREATE INDEX IF NOT EXISTS idx_lances_edicao_id ON lances(edicao_id);
BANCO	IDENTIFICADOR	desafio-gut/frontend/supabase/migrations/20260620_schema_definitivo.sql	50	lances	CREATE INDEX IF NOT EXISTS idx_lances_edicao_id ON lances(edicao_id);
BANCO	IDENTIFICADOR	desafio-gut/frontend/supabase/migrations/20260620_schema_definitivo.sql	51	lances	CREATE INDEX IF NOT EXISTS idx_lances_endereco ON lances(endereco);
BANCO	IDENTIFICADOR	desafio-gut/frontend/supabase/migrations/20260620_schema_definitivo.sql	51	lances	CREATE INDEX IF NOT EXISTS idx_lances_endereco ON lances(endereco);
BANCO	IDENTIFICADOR	desafio-gut/frontend/supabase/migrations/20260620_schema_definitivo.sql	56	lances	ALTER TABLE lances ENABLE ROW LEVEL SECURITY;
BANCO	IDENTIFICADOR	desafio-gut/frontend/supabase/migrations/20260620_schema_definitivo.sql	61	lances	CREATE POLICY "Acesso total exclusivo service_role" ON lances FOR ALL TO service_role USING (true) WITH CHECK (true);
BANCO	COMENTARIO	desafio-gut/frontend/supabase/migrations/20260621_cotas_schema.sql	12	lance	-- saldo-rs/troco (fluxo dinheiro/lance) ficam para MC36.1.
BANCO	COMENTARIO	desafio-gut/frontend/supabase/migrations/20260621_enable_realtime_config.sql	4	lances	-- seguro, sem risco anti-sniping/MC28). NÃO inclui `lances` — a RLS oculta lances
BANCO	COMENTARIO	desafio-gut/frontend/supabase/migrations/20260621_enable_realtime_config.sql	4	lances	-- seguro, sem risco anti-sniping/MC28). NÃO inclui `lances` — a RLS oculta lances
BANCO	COMENTARIO	desafio-gut/frontend/supabase/migrations/20260621_enable_realtime_config.sql	6	lance	-- o "menor lance único". `edicoes`/`notificacoes` não existem como tabelas Supabase.
BANCO	COMENTARIO	desafio-gut/frontend/supabase/migrations/20260621_saldo_troco_wallet_schema.sql	6	lance	-- semântica, incl. o fluxo de lance via saldoRs). Mapeamento Blob → tabela:
BANCO	COMENTARIO	desafio-gut/frontend/supabase/migrations/20260629_indices_escalabilidade.sql	4	lances	-- SCHEMA-VÁLIDO (verificado): lances(id, edicao_id, endereco, hash_lance,
BANCO	COMENTARIO	desafio-gut/frontend/supabase/migrations/20260629_indices_escalabilidade.sql	4	lance	-- SCHEMA-VÁLIDO (verificado): lances(id, edicao_id, endereco, hash_lance,
BANCO	COMENTARIO	desafio-gut/frontend/supabase/migrations/20260629_indices_escalabilidade.sql	6	lances	-- `consolidado` em lances (apuração é on-chain) → o índice parcial vai em cotas.vendida.
BANCO	COMENTARIO	desafio-gut/frontend/supabase/migrations/20260629_indices_escalabilidade.sql	13	lances	-- Item 25 — composto para listagem cronológica de lances por edição (ORDER BY created_at).
BANCO	IDENTIFICADOR	desafio-gut/frontend/supabase/migrations/20260629_indices_escalabilidade.sql	14	lances	CREATE INDEX IF NOT EXISTS idx_lances_edicao_created
BANCO	IDENTIFICADOR	desafio-gut/frontend/supabase/migrations/20260629_indices_escalabilidade.sql	15	lances	ON lances (edicao_id, created_at DESC);
BANCO	COMENTARIO	desafio-gut/frontend/supabase/migrations/20260629_indices_escalabilidade.sql	17	lance	-- Item 25b — composto para apuração "menor lance único" por edição (Art. VIII).
BANCO	IDENTIFICADOR	desafio-gut/frontend/supabase/migrations/20260629_indices_escalabilidade.sql	18	lances	CREATE INDEX IF NOT EXISTS idx_lances_edicao_valor
BANCO	IDENTIFICADOR	desafio-gut/frontend/supabase/migrations/20260629_indices_escalabilidade.sql	19	lances	ON lances (edicao_id, valor_centavos);
BANCO	COMENTARIO	desafio-gut/frontend/supabase/migrations/20260629_materialized_views.sql	5	lances	--   lances(edicao_id, valor_centavos, created_at, ...); cotas(categoria, vendida, ...).
BANCO	COMENTARIO	desafio-gut/frontend/supabase/migrations/20260629_materialized_views.sql	8	lances	-- backend-only (como lances/cotas) — REVOKE de anon/authenticated, GRANT só service_role.
BANCO	COMENTARIO	desafio-gut/frontend/supabase/migrations/20260629_materialized_views.sql	11	lances	-- ── MV 1: lances agregados por edição (apuração/relatório) ──────────────────
BANCO	IDENTIFICADOR	desafio-gut/frontend/supabase/migrations/20260629_materialized_views.sql	12	lances	DROP MATERIALIZED VIEW IF EXISTS mv_lances_por_edicao;
BANCO	IDENTIFICADOR	desafio-gut/frontend/supabase/migrations/20260629_materialized_views.sql	13	lances	CREATE MATERIALIZED VIEW mv_lances_por_edicao AS
BANCO	IDENTIFICADOR	desafio-gut/frontend/supabase/migrations/20260629_materialized_views.sql	16	lances	COUNT(*)                  AS total_lances,
BANCO	IDENTIFICADOR	desafio-gut/frontend/supabase/migrations/20260629_materialized_views.sql	18	lance	MAX(created_at)           AS ultimo_lance_em
BANCO	IDENTIFICADOR	desafio-gut/frontend/supabase/migrations/20260629_materialized_views.sql	19	lances	FROM lances
BANCO	IDENTIFICADOR	desafio-gut/frontend/supabase/migrations/20260629_materialized_views.sql	23	lances	CREATE UNIQUE INDEX IF NOT EXISTS idx_mv_lances_edicao ON mv_lances_por_edicao (edicao_id);
BANCO	IDENTIFICADOR	desafio-gut/frontend/supabase/migrations/20260629_materialized_views.sql	23	lances	CREATE UNIQUE INDEX IF NOT EXISTS idx_mv_lances_edicao ON mv_lances_por_edicao (edicao_id);
BANCO	IDENTIFICADOR	desafio-gut/frontend/supabase/migrations/20260629_materialized_views.sql	38	lances	REFRESH MATERIALIZED VIEW mv_lances_por_edicao;
BANCO	IDENTIFICADOR	desafio-gut/frontend/supabase/migrations/20260629_materialized_views.sql	42	lances	REVOKE ALL ON mv_lances_por_edicao FROM anon, authenticated;
BANCO	IDENTIFICADOR	desafio-gut/frontend/supabase/migrations/20260629_materialized_views.sql	44	lances	GRANT SELECT ON mv_lances_por_edicao TO service_role;
BANCO	COMENTARIO	desafio-gut/frontend/supabase/migrations/20260629_materialized_views.sql	48	lances	--   SELECT cron.schedule('refresh-mv-lances', '*/5 * * * *',
BANCO	COMENTARIO	desafio-gut/frontend/supabase/migrations/20260629_materialized_views.sql	49	lances	--     $$REFRESH MATERIALIZED VIEW CONCURRENTLY mv_lances_por_edicao$$);
BANCO	COMENTARIO	desafio-gut/frontend/supabase/migrations/20260629_materialized_views.sql	56	lances	-- `lances` é o único candidato a particionamento por range(created_at), mas no
BANCO	COMENTARIO	desafio-gut/frontend/supabase/migrations/20260629_materialized_views.sql	58	lances	-- Reavaliar quando lances ultrapassar ~10M linhas; então recriar como PARTITION BY
CONTRATO	IDENTIFICADOR	desafio-gut/contracts/Leilao.sol	4	Leilao	contract LeilaoGUT {
CONTRATO	COMENTARIO	desafio-gut/contracts/Leilao.sol	8	lances	// [H-01] Limite máximo de lances únicos por edição (anti-DoS)
CONTRATO	IDENTIFICADOR	desafio-gut/contracts/Leilao.sol	9	LANCES	uint256 public constant MAX_LANCES_UNICOS = 10_000;
CONTRATO	IDENTIFICADOR	desafio-gut/contracts/Leilao.sol	16	lances	mapping(uint256 => address) lances;
CONTRATO	COMENTARIO	desafio-gut/contracts/Leilao.sol	24	Lance	// Aditivo e zero-regressão: as funções legadas (darLance/apurarVencedor) e a
CONTRATO	IDENTIFICADOR	desafio-gut/contracts/Leilao.sol	34	lances	mapping(string => mapping(address => bytes32)) public lancesComprometidos;
CONTRATO	IDENTIFICADOR	desafio-gut/contracts/Leilao.sol	44	Lance	event LanceDado(
CONTRATO	IDENTIFICADOR	desafio-gut/contracts/Leilao.sol	56	Lance	event LanceComprometido(string idEdicao, address indexed lancador, bytes32 hashLance);
CONTRATO	IDENTIFICADOR	desafio-gut/contracts/Leilao.sol	56	Lance	event LanceComprometido(string idEdicao, address indexed lancador, bytes32 hashLance);
CONTRATO	COMENTARIO	desafio-gut/contracts/Leilao.sol	70	lances	// [M-01] Impede reuso de ID — evita lances residuais de edições anteriores
CONTRATO	IDENTIFICADOR	desafio-gut/contracts/Leilao.sol	87	Lance	function darLance(string memory idEdicao, uint256 valorEmCentavos) public {
CONTRATO	TEXTO-UI	desafio-gut/contracts/Leilao.sol	89	Lance	require(valorEmCentavos >= 1, "Lance minimo e R$ 0,01"); // Artigo XXIII
CONTRATO	IDENTIFICADOR	desafio-gut/contracts/Leilao.sol	99	LANCES	e.listaDeValores.length < MAX_LANCES_UNICOS,
CONTRATO	TEXTO-UI	desafio-gut/contracts/Leilao.sol	100	lances	"Limite de lances unicos desta edicao atingido"
CONTRATO	IDENTIFICADOR	desafio-gut/contracts/Leilao.sol	105	lances	e.lances[valorEmCentavos] = msg.sender;
CONTRATO	IDENTIFICADOR	desafio-gut/contracts/Leilao.sol	109	Lance	emit LanceDado(idEdicao, msg.sender, valorEmCentavos, jaExistia, block.timestamp);
CONTRATO	IDENTIFICADOR	desafio-gut/contracts/Leilao.sol	123	lances	ganhador = e.lances[v];
CONTRATO	COMENTARIO	desafio-gut/contracts/Leilao.sol	142	lances	// ── MC28.1: Blindagem de privacidade dos lances (Anti-Bot) ─────────────────
CONTRATO	IDENTIFICADOR	desafio-gut/contracts/Leilao.sol	148	Lance	function comprometerLance(string memory idEdicao, address lancador, bytes32 hashLance)
CONTRATO	IDENTIFICADOR	desafio-gut/contracts/Leilao.sol	148	Lance	function comprometerLance(string memory idEdicao, address lancador, bytes32 hashLance)
CONTRATO	IDENTIFICADOR	desafio-gut/contracts/Leilao.sol	152	lances	lancesComprometidos[idEdicao][lancador] = hashLance;
CONTRATO	IDENTIFICADOR	desafio-gut/contracts/Leilao.sol	152	Lance	lancesComprometidos[idEdicao][lancador] = hashLance;
CONTRATO	IDENTIFICADOR	desafio-gut/contracts/Leilao.sol	153	Lance	emit LanceComprometido(idEdicao, lancador, hashLance);
CONTRATO	IDENTIFICADOR	desafio-gut/contracts/Leilao.sol	153	Lance	emit LanceComprometido(idEdicao, lancador, hashLance);
CONTRATO	COMENTARIO	desafio-gut/contracts/Leilao.sol	156	lance	// [ITEM 1.4] Consolidação O(1). A coordenação calcula o menor lance único
CONTRATO	COMENTARIO	desafio-gut/contracts/Leilao.sol	159	leilão	// edicaoNonce++ queima o nonce do leilão → anti-replay nativo on-chain.
DOCS	TEXTO-DOC	docs/analise-programacao-junho-2026.md	18	leilão	- Tipo de leilão: **Relâmpago** (Bronze/Prata, 30min–1h) ou **Programado** (Ouro/Diamante, ciclos de 24h)
DOCS	TEXTO-DOC	docs/analise-programacao-junho-2026.md	95	leilões	"benefit": "Isenção total da taxa de compra de fichas na primeira participação em leilões Bronze ou Prata",
DOCS	TEXTO-DOC	docs/analise-programacao-junho-2026.md	146	lance	min_lance_brl: number;  // R$ 0,01 padrão (Art. XXIII)
DOCS	TEXTO-DOC	docs/analise-programacao-junho-2026.md	162	lance	menor_lance?: number;   // em centavos
DOCS	TEXTO-DOC	docs/analise-programacao-junho-2026.md	218	Leilão	| RT-05 | **Leilão Programado (Ouro/Diamante)** — ciclos de 24h, reset automático às 00:00, fixo no topo | P0 | Média | Parcialmente pronto |
DOCS	TEXTO-DOC	docs/analise-programacao-junho-2026.md	219	Leilão	| RT-06 | **Leilão Relâmpago (Bronze/Prata)** — 30min a 1h, seção "Oportunidade Agora" | P0 | Média | Parcialmente pronto |
DOCS	COMENTARIO	docs/analise-programacao-junho-2026.md	253	leilões	**Resolução**: Os 10 Bônus são **Vouchers de Networking gerados pelo cliente Diamante**. Não são um tier separado. O Diamante gera um código único de convite; o indicado 
DOCS	TEXTO-DOC	docs/analise-programacao-junho-2026.md	258	lances	2. **Operação Interna (Fichas)**: Mercado Pago (`desafiogut@gmail.com`). **Automatizado via Webhook** para liberação imediata de lances.
DOCS	TEXTO-DOC	docs/analise-programacao-junho-2026.md	270	Leilao	├── ✅ Contrato LeilaoGUT deployado (Sepolia, 0x59A7...)
DOCS	TEXTO-DOC	docs/analise-programacao-junho-2026.md	271	Lance	├── ✅ Pipeline PIX → adicionarSenhas → darLance funcionando
DOCS	COMENTARIO	docs/auditoria-contrato.md	1	Leilao	# Auditoria de Segurança — LeilaoGUT.sol
DOCS	TEXTO-DOC	docs/auditoria-contrato.md	4	Leilao	> Contrato: `desafio-gut/contracts/Leilao.sol` (90 linhas, Solidity ^0.8.0)
DOCS	TEXTO-DOC	docs/auditoria-contrato.md	11	Leilao	O contrato `LeilaoGUT` implementa a lógica de leilão "menor lance único" em Solidity. Por não armazenar ETH diretamente (o pagamento de senhas é off-chain via PIX), o vet
DOCS	TEXTO-DOC	docs/auditoria-contrato.md	11	leilão	O contrato `LeilaoGUT` implementa a lógica de leilão "menor lance único" em Solidity. Por não armazenar ETH diretamente (o pagamento de senhas é off-chain via PIX), o vet
DOCS	TEXTO-DOC	docs/auditoria-contrato.md	11	lance	O contrato `LeilaoGUT` implementa a lógica de leilão "menor lance único" em Solidity. Por não armazenar ETH diretamente (o pagamento de senhas é off-chain via PIX), o vet
DOCS	TEXTO-DOC	docs/auditoria-contrato.md	27	lances	├── Edicao: nome, ativa, prazo, listaDeValores[], lances[v→addr], contagem[v→uint]
DOCS	TEXTO-DOC	docs/auditoria-contrato.md	29	Lance	└── Função pública: darLance
DOCS	TEXTO-DOC	docs/auditoria-contrato.md	33	lance	- Artigo VIII: vence o menor lance único (`contagem[v] == 1 && v < menorUnico`)
DOCS	TEXTO-DOC	docs/auditoria-contrato.md	34	lance	- Artigo XXIII: lance mínimo 1 centavo
DOCS	TEXTO-DOC	docs/auditoria-contrato.md	47	Lance	| `darLance` | nenhum (público) | Usuário com saldo | Lances + saldo | MÉDIO — design intencional |
DOCS	TEXTO-DOC	docs/auditoria-contrato.md	47	Lances	| `darLance` | nenhum (público) | Usuário com saldo | Lances + saldo | MÉDIO — design intencional |
DOCS	COMENTARIO	docs/auditoria-contrato.md	65	Leilao	**Localização**: `Leilao.sol:80`
DOCS	COMENTARIO	docs/auditoria-contrato.md	71	lance	**Descrição**: `listaDeValores` cresce 1 item por lance único sem nenhum limite máximo. Se o número de valores únicos crescer suficientemente, a função `apurarVencedor` e
DOCS	TEXTO-DOC	docs/auditoria-contrato.md	74	lances	- Custo por iteração: ~800 gas (2× SLOAD de `contagem[v]` + `lances[v]`)
DOCS	TEXTO-DOC	docs/auditoria-contrato.md	76	lances	- Iterações máximas antes de DoS: ~37.500 lances únicos
DOCS	TEXTO-DOC	docs/auditoria-contrato.md	77	leilão	- Em um leilão normal: improvável. Em ataque coordenado (alguém com muitas senhas fazendo spam de valores únicos): viável.
DOCS	TEXTO-DOC	docs/auditoria-contrato.md	81	lances	2. Atacante submete lances em valores 1, 2, 3, ..., N — todos únicos.
DOCS	TEXTO-DOC	docs/auditoria-contrato.md	91	LANCES	uint256 public constant MAX_LANCES_UNICOS = 10_000;
DOCS	TEXTO-DOC	docs/auditoria-contrato.md	93	Lance	function darLance(...) public {
DOCS	TEXTO-DOC	docs/auditoria-contrato.md	99	LANCES	e.listaDeValores.length < MAX_LANCES_UNICOS,
DOCS	TEXTO-DOC	docs/auditoria-contrato.md	100	lances	"Limite de lances unicos atingido para esta edicao"
DOCS	COMENTARIO	docs/auditoria-contrato.md	110	Lances	### [M-01] Estado da Edição Não Resetado ao Re-Abrir — Lances Obsoletos Persistem
DOCS	COMENTARIO	docs/auditoria-contrato.md	116	Leilao	**Localização**: `Leilao.sol:39-45`
DOCS	COMENTARIO	docs/auditoria-contrato.md	124	lances	// ⚠️ listaDeValores, lances, contagem NÃO são resetados
DOCS	COMENTARIO	docs/auditoria-contrato.md	129	lances	**Descrição**: Se a coordenação chamar `abrirEdicao("R-1", ...)` duas vezes com o mesmo `idEdicao`, a segunda chamada reabre a edição mas mantém todos os lances anteriore
DOCS	TEXTO-DOC	docs/auditoria-contrato.md	132	lance	1. Edição "R-1" corre. Usuário A faz lance único de 42 centavos — o menor.
DOCS	TEXTO-DOC	docs/auditoria-contrato.md	134	lance	3. `listaDeValores` ainda contém o lance de 42 de A. A ainda aparece como `lances[42]`.
DOCS	TEXTO-DOC	docs/auditoria-contrato.md	134	lances	3. `listaDeValores` ainda contém o lance de 42 de A. A ainda aparece como `lances[42]`.
DOCS	TEXTO-DOC	docs/auditoria-contrato.md	135	lances	4. Novos usuários fazem lances. Se ninguém fizer lance de 42 na 2ª rodada, A vence automaticamente — sem ter participado.
DOCS	TEXTO-DOC	docs/auditoria-contrato.md	135	lance	4. Novos usuários fazem lances. Se ninguém fizer lance de 42 na 2ª rodada, A vence automaticamente — sem ter participado.
DOCS	COMENTARIO	docs/auditoria-contrato.md	137	leilão	**Impacto**: Resultado incorreto do leilão se IDs de edição forem reutilizados. Risco real para o negócio: usuário pode reclamar vitória indevida.
DOCS	COMENTARIO	docs/auditoria-contrato.md	144	lances	// Limpar lances anteriores se a edição já foi usada
DOCS	TEXTO-DOC	docs/auditoria-contrato.md	148	lances	delete e.lances[v];
DOCS	COMENTARIO	docs/auditoria-contrato.md	182	Leilao	**Localização**: `Leilao.sol:29-31`
DOCS	COMENTARIO	docs/auditoria-contrato.md	223	Leilao	**Localização**: `Leilao.sol:75`
DOCS	COMENTARIO	docs/auditoria-contrato.md	231	leilão	**Impacto**: Usuários precisam confiar inteiramente na coordenação para a corretude do resultado. Contradiz o propósito de ter o leilão on-chain (transparência/imutabilid
DOCS	TEXTO-DOC	docs/auditoria-contrato.md	245	lances	ganhador = e.lances[v];
DOCS	TEXTO-DOC	docs/auditoria-contrato.md	252	leilão	Isso não compromete a segurança (a função é `view` — não muda estado), e transforma o leilão em verificável por qualquer pessoa.
DOCS	COMENTARIO	docs/auditoria-contrato.md	256	Lances	### [L-01] Frontrunning Estrutural — Lances Visíveis no Mempool
DOCS	COMENTARIO	docs/auditoria-contrato.md	262	Lance	**Localização**: `darLance` — toda a função
DOCS	COMENTARIO	docs/auditoria-contrato.md	264	Lance	**Descrição**: Quando um usuário submete `darLance(idEdicao, valorEmCentavos)`, a transação fica visível no mempool antes de ser minerada. Um observador pode:
DOCS	TEXTO-DOC	docs/auditoria-contrato.md	265	lance	1. Ver o lance X submetido
DOCS	TEXTO-DOC	docs/auditoria-contrato.md	266	Lance	2. Submeter imediatamente `darLance(idEdicao, X)` com gas price maior → faz X não-único
DOCS	TEXTO-DOC	docs/auditoria-contrato.md	267	Lance	3. Submeter `darLance(idEdicao, X-1)` → torna-se o menor único
DOCS	COMENTARIO	docs/auditoria-contrato.md	274	lance	// Fase 1: Usuário submete hash do lance
DOCS	TEXTO-DOC	docs/auditoria-contrato.md	275	Lance	function commitLance(string memory idEdicao, bytes32 hashLance) public { ... }
DOCS	TEXTO-DOC	docs/auditoria-contrato.md	275	Lance	function commitLance(string memory idEdicao, bytes32 hashLance) public { ... }
DOCS	COMENTARIO	docs/auditoria-contrato.md	277	lance	// Fase 2: Usuário revela o lance após período de commit
DOCS	TEXTO-DOC	docs/auditoria-contrato.md	278	Lance	function revelarLance(string memory idEdicao, uint256 valor, bytes32 salt) public { ... }
DOCS	COMENTARIO	docs/auditoria-contrato.md	289	Leilao	**Localização**: `Leilao.sol:43, 61`
DOCS	TEXTO-DOC	docs/auditoria-contrato.md	296	leilões	Validadores Ethereum podem ajustar `block.timestamp` em até ~12 segundos. Para leilões de duração longa (horas), o impacto é negligenciável. Para leilões de duração muito
DOCS	TEXTO-DOC	docs/auditoria-contrato.md	296	leilões	Validadores Ethereum podem ajustar `block.timestamp` em até ~12 segundos. Para leilões de duração longa (horas), o impacto é negligenciável. Para leilões de duração muito
DOCS	TEXTO-DOC	docs/auditoria-contrato.md	308	lance	Quando `apurarVencedor` é chamado e o vencedor é determinado, nenhum evento é emitido. A coordenação pode verificar o resultado off-chain mas não há registro on-chain de 
DOCS	TEXTO-DOC	docs/auditoria-contrato.md	308	Lance	Quando `apurarVencedor` é chamado e o vencedor é determinado, nenhum evento é emitido. A coordenação pode verificar o resultado off-chain mas não há registro on-chain de 
DOCS	TEXTO-DOC	docs/auditoria-contrato.md	320	Leilao	contract LeilaoGUT {
DOCS	COMENTARIO	docs/auditoria-contrato.md	324	lances	// [H-01 fix] Limite máximo de lances únicos por edição
DOCS	TEXTO-DOC	docs/auditoria-contrato.md	325	LANCES	uint256 public constant MAX_LANCES_UNICOS = 10_000;
DOCS	TEXTO-DOC	docs/auditoria-contrato.md	332	lances	mapping(uint256 => address) lances;
DOCS	TEXTO-DOC	docs/auditoria-contrato.md	339	Lance	event LanceDado(
DOCS	TEXTO-DOC	docs/auditoria-contrato.md	349	Lance	event VencedorApurado(string idEdicao, address ganhador, uint256 menorLance, uint256 blockNumber);  // [I-03]
DOCS	TEXTO-DOC	docs/auditoria-contrato.md	389	Lance	function darLance(string memory idEdicao, uint256 valorEmCentavos) public {
DOCS	TEXTO-DOC	docs/auditoria-contrato.md	391	Lance	require(valorEmCentavos >= 1, "Lance minimo e R$ 0,01");
DOCS	COMENTARIO	docs/auditoria-contrato.md	399	lances	// [H-01 fix] Limite de lances únicos
DOCS	TEXTO-DOC	docs/auditoria-contrato.md	401	LANCES	e.listaDeValores.length < MAX_LANCES_UNICOS,
DOCS	TEXTO-DOC	docs/auditoria-contrato.md	402	lances	"Limite de lances unicos desta edicao atingido"
DOCS	TEXTO-DOC	docs/auditoria-contrato.md	407	lances	e.lances[valorEmCentavos] = msg.sender;
DOCS	TEXTO-DOC	docs/auditoria-contrato.md	411	Lance	emit LanceDado(idEdicao, msg.sender, valorEmCentavos, jaExistia, block.timestamp);
DOCS	TEXTO-DOC	docs/auditoria-contrato.md	423	lances	ganhador = e.lances[v];
DOCS	TEXTO-DOC	docs/auditoria-contrato.md	431	Lance	(uint256 menorLance, address ganhador) = apurarVencedor(idEdicao);
DOCS	TEXTO-DOC	docs/auditoria-contrato.md	432	Lance	emit VencedorApurado(idEdicao, ganhador, menorLance, block.number);
DOCS	TEXTO-DOC	docs/auditoria-contrato.md	453	Lances	uint256 totalLancesUnicos
DOCS	TEXTO-DOC	docs/auditoria-contrato.md	467	LANCES	| H-01 | Unbounded loop DoS | 🔴 Alta | Baixo | Adicionar `MAX_LANCES_UNICOS` em `darLance` |
DOCS	TEXTO-DOC	docs/auditoria-contrato.md	467	Lance	| H-01 | Unbounded loop DoS | 🔴 Alta | Baixo | Adicionar `MAX_LANCES_UNICOS` em `darLance` |
DOCS	TEXTO-DOC	docs/auditoria-contrato.md	484	Leilao	slither desafio-gut/contracts/Leilao.sol
DOCS	TEXTO-DOC	docs/auditoria-contrato.md	488	Leilao	myth analyze desafio-gut/contracts/Leilao.sol
DOCS	TEXTO-DOC	docs/auditoria-externa.md	21	Leilao	- **Foco do escopo**: `contracts/Leilao.sol` (LeilaoGUT) — auditoria padrão Solidity.
DOCS	TEXTO-DOC	docs/auditoria-externa.md	21	Leilao	- **Foco do escopo**: `contracts/Leilao.sol` (LeilaoGUT) — auditoria padrão Solidity.
DOCS	TEXTO-DOC	docs/auditoria-externa.md	30	lance	- **Foco do escopo**: contrato + Netlify Functions (`comprar-senhas`, `lance-relampago`, `webhook-mercadopago`, admin endpoints) + RBAC.
DOCS	TEXTO-DOC	docs/auditoria-externa.md	59	Leilao	- `contracts/Leilao.sol` (LeilaoGUT) — 100% do contrato
DOCS	TEXTO-DOC	docs/auditoria-externa.md	59	Leilao	- `contracts/Leilao.sol` (LeilaoGUT) — 100% do contrato
DOCS	TEXTO-DOC	docs/auditoria-externa.md	60	Leilao	- Invariantes documentadas em `tests/fuzzing/LeilaoGUT.sol` (MC4) como base
DOCS	TEXTO-DOC	docs/auditoria-externa.md	61	Leilao	- Testes Foundry em `tests/foundry/LeilaoGUT.t.sol` (MC4) como prova de cobertura
DOCS	TEXTO-DOC	docs/auditoria-externa.md	74	lance	- Endpoints críticos: `comprar-senhas.mjs`, `lance-relampago.mjs`, `webhook-mercadopago.mjs`, `admin-aprovacao.mjs`, `wallet.mjs`, `voucher.mjs`, `auth-admin.mjs`, `auth-
DOCS	TEXTO-DOC	docs/auditoria-externa.md	120	leilão	- [ ] **README do contrato** — explica modelo de leilão, papéis (coordenação/cliente/user), eventos emitidos
DOCS	COMENTARIO	docs/auditoria-frontend-vs-spec.md	23	leilão	**Gap dominante:** o frontend atual implementa um **único leilão R-1** (`/mercado`) com toggle `flash`/`programado`, enquanto a spec descreve uma plataforma de **4 slots 
DOCS	COMENTARIO	docs/auditoria-frontend-vs-spec.md	23	lance	**Gap dominante:** o frontend atual implementa um **único leilão R-1** (`/mercado`) com toggle `flash`/`programado`, enquanto a spec descreve uma plataforma de **4 slots 
DOCS	TEXTO-DOC	docs/auditoria-frontend-vs-spec.md	35	leilões	| REQ-01 (publicidade + leilões) | ⚠️ PARCIAL | `pages/MercadoLances.jsx` (só leilões) | Lado leilão existe; **camada de publicidade (banners) ausente**. |
DOCS	TEXTO-DOC	docs/auditoria-frontend-vs-spec.md	35	Lances	| REQ-01 (publicidade + leilões) | ⚠️ PARCIAL | `pages/MercadoLances.jsx` (só leilões) | Lado leilão existe; **camada de publicidade (banners) ausente**. |
DOCS	TEXTO-DOC	docs/auditoria-frontend-vs-spec.md	35	leilões	| REQ-01 (publicidade + leilões) | ⚠️ PARCIAL | `pages/MercadoLances.jsx` (só leilões) | Lado leilão existe; **camada de publicidade (banners) ausente**. |
DOCS	TEXTO-DOC	docs/auditoria-frontend-vs-spec.md	35	leilão	| REQ-01 (publicidade + leilões) | ⚠️ PARCIAL | `pages/MercadoLances.jsx` (só leilões) | Lado leilão existe; **camada de publicidade (banners) ausente**. |
DOCS	COMENTARIO	docs/auditoria-frontend-vs-spec.md	49	Leilão	### §3.1 — Tipos de Leilão
DOCS	TEXTO-DOC	docs/auditoria-frontend-vs-spec.md	54	Lances	| REQ-10 (reset 00:00) | ❌ AUSENTE | (ausente) | Reset hoje é manual via botão "Nova Rodada" (`MercadoLances.jsx:444` → `handleNovaRodada`). Não há cron/timer 00:00. |
DOCS	TEXTO-DOC	docs/auditoria-frontend-vs-spec.md	62	Lances	| REQ-13 (Desktop grid 4 slots) | ❌ AUSENTE | (ausente) | `MercadoLances.jsx:394-444` tem grid 1fr/1.6fr (CardLance + TabelaLances), **não 4 slots**. |
DOCS	TEXTO-DOC	docs/auditoria-frontend-vs-spec.md	62	Lance	| REQ-13 (Desktop grid 4 slots) | ❌ AUSENTE | (ausente) | `MercadoLances.jsx:394-444` tem grid 1fr/1.6fr (CardLance + TabelaLances), **não 4 slots**. |
DOCS	TEXTO-DOC	docs/auditoria-frontend-vs-spec.md	62	Lances	| REQ-13 (Desktop grid 4 slots) | ❌ AUSENTE | (ausente) | `MercadoLances.jsx:394-444` tem grid 1fr/1.6fr (CardLance + TabelaLances), **não 4 slots**. |
DOCS	TEXTO-DOC	docs/auditoria-frontend-vs-spec.md	72	lances	| REQ-18 (Netlify Blob `wallet:{cliente_id}`) | ❌ AUSENTE | (ausente) | Stores existentes: `lances-relampago`, `lance-idem`, `saldo-rs:{address}`, `mp-aprovados`. **Não h
DOCS	TEXTO-DOC	docs/auditoria-frontend-vs-spec.md	72	lance	| REQ-18 (Netlify Blob `wallet:{cliente_id}`) | ❌ AUSENTE | (ausente) | Stores existentes: `lances-relampago`, `lance-idem`, `saldo-rs:{address}`, `mp-aprovados`. **Não h
DOCS	TEXTO-DOC	docs/auditoria-frontend-vs-spec.md	95	lance	| REQ-26 (isenção taxa fichas 1ª participação) | ❌ AUSENTE | (ausente) | Sem flag "primeira participação" nem desconto no `lance-relampago.mjs`. |
DOCS	TEXTO-DOC	docs/auditoria-frontend-vs-spec.md	111	Lance	1. **Auth + assinatura on-chain via Privy** (`AppContext.jsx`, `CardLance.jsx`, `utils/web3.js`) — todo o fluxo Privy → switchChain → EIP-191 → `darLance` está validado e
DOCS	TEXTO-DOC	docs/auditoria-frontend-vs-spec.md	111	Lance	1. **Auth + assinatura on-chain via Privy** (`AppContext.jsx`, `CardLance.jsx`, `utils/web3.js`) — todo o fluxo Privy → switchChain → EIP-191 → `darLance` está validado e
DOCS	TEXTO-DOC	docs/auditoria-frontend-vs-spec.md	112	lance	2. **Pipeline PIX → débito → lance** (`netlify/functions/iniciar-pagamento.mjs` + `webhook-mercadopago.mjs` + `lance-relampago.mjs`) — modelo de idempotência via `lance-i
DOCS	TEXTO-DOC	docs/auditoria-frontend-vs-spec.md	112	lance	2. **Pipeline PIX → débito → lance** (`netlify/functions/iniciar-pagamento.mjs` + `webhook-mercadopago.mjs` + `lance-relampago.mjs`) — modelo de idempotência via `lance-i
DOCS	TEXTO-DOC	docs/auditoria-frontend-vs-spec.md	112	lance	2. **Pipeline PIX → débito → lance** (`netlify/functions/iniciar-pagamento.mjs` + `webhook-mercadopago.mjs` + `lance-relampago.mjs`) — modelo de idempotência via `lance-i
DOCS	TEXTO-DOC	docs/auditoria-frontend-vs-spec.md	113	lances	3. **Persistência Blob com consistência forte** — padrão `getStore({ name, consistency: "strong" })` já estabelecido (ex: `lances-flash.mjs:13`) é exatamente o que REQ-18
DOCS	TEXTO-DOC	docs/auditoria-frontend-vs-spec.md	114	lances	4. **Reset versionado de localStorage + Blob purge** (`AppContext.jsx:88-115` + `purge-lances.mjs`) — mecânica criada nas sessões anteriores serve para zerar estado entre
DOCS	TEXTO-DOC	docs/auditoria-frontend-vs-spec.md	115	Leilao	5. **Estado tipoLeilao + DURACAO** (`AppContext.jsx:44-49`, `15-18`) — pode generalizar para `tipoSlot ∈ {Bronze, Prata, Ouro, Diamante}` com `DURACAO[tipoSlot]`.
DOCS	TEXTO-DOC	docs/auditoria-frontend-vs-spec.md	127	Leilao	- REQ-10 (reset 00:00 programado): adicionar effect em `AppContext` que detecta virada de dia UTC-3 e dispara `handleNovaRodada` quando `tipoLeilao === "programado"`.
DOCS	TEXTO-DOC	docs/auditoria-frontend-vs-spec.md	138	lance	- Hook de débito `usarSaldoWallet({ valor, motivo })` reutilizando padrão de `debitarSaldoRs` (`lance-relampago.mjs:114`).
DOCS	TEXTO-DOC	docs/backup-blobs.md	19	lance	| Stores cobertos | `audit`, `audit-admin`, `lance-idem`, `pedidos`, `webhook-mp`, `consent-log`, `admin-refresh`, `fingerprint` |
DOCS	TEXTO-DOC	docs/backup-blobs.md	171	lance	| Backup só captura snapshots — não cobre lance perdido entre runs | RPO 24h é aceito; lances on-chain têm fonte autoritativa em Sepolia (recuperáveis via event log) |
DOCS	TEXTO-DOC	docs/backup-blobs.md	171	lances	| Backup só captura snapshots — não cobre lance perdido entre runs | RPO 24h é aceito; lances on-chain têm fonte autoritativa em Sepolia (recuperáveis via event log) |
DOCS	TEXTO-DOC	docs/chatbot/regulamento.md	11	leilões	O DESAFIOGUT é uma plataforma híbrida operada pelo Grupo União e Trabalho (CNPJ 23.040.066/0001-00, Manaus/AM). Combina publicidade rotativa por cotas (banners no site e 
DOCS	TEXTO-DOC	docs/chatbot/regulamento.md	11	Lance	O DESAFIOGUT é uma plataforma híbrida operada pelo Grupo União e Trabalho (CNPJ 23.040.066/0001-00, Manaus/AM). Combina publicidade rotativa por cotas (banners no site e 
DOCS	TEXTO-DOC	docs/chatbot/regulamento.md	11	lances	O DESAFIOGUT é uma plataforma híbrida operada pelo Grupo União e Trabalho (CNPJ 23.040.066/0001-00, Manaus/AM). Combina publicidade rotativa por cotas (banners no site e 
DOCS	TEXTO-DOC	docs/chatbot/regulamento.md	11	lance	O DESAFIOGUT é uma plataforma híbrida operada pelo Grupo União e Trabalho (CNPJ 23.040.066/0001-00, Manaus/AM). Combina publicidade rotativa por cotas (banners no site e 
DOCS	COMENTARIO	docs/chatbot/regulamento.md	15	Leilão	## 2. Regras de Leilão
DOCS	TEXTO-DOC	docs/chatbot/regulamento.md	19	lances	Vence o **menor valor monetário** que aparece **exatamente 1 vez** na lista de lances da rodada. Lances repetidos (mesmo valor enviado por duas ou mais pessoas) são marca
DOCS	TEXTO-DOC	docs/chatbot/regulamento.md	19	Lances	Vence o **menor valor monetário** que aparece **exatamente 1 vez** na lista de lances da rodada. Lances repetidos (mesmo valor enviado por duas ou mais pessoas) são marca
DOCS	TEXTO-DOC	docs/chatbot/regulamento.md	23	Lance	- **Lance mínimo:** R$ 0,01 (1 centavo).
DOCS	TEXTO-DOC	docs/chatbot/regulamento.md	24	Lance	- **Lance máximo:** R$ 9.999,99 (999.999 centavos).
DOCS	TEXTO-DOC	docs/chatbot/regulamento.md	29	lance	| Modalidade | Tier | Duração | Onde roda | Custo por lance |
DOCS	TEXTO-DOC	docs/chatbot/regulamento.md	31	lances	| **Relâmpago (Flash)** | Bronze, Prata | 30 minutos a 1 hora (configurável) | Off-chain (Netlify Blob `lances-relampago:{idEdicao}`) | R$ 0,02 (debita saldo R$ off-chain
DOCS	TEXTO-DOC	docs/chatbot/regulamento.md	32	Leilao	| **Programado** | Ouro, Diamante | 24 horas, reset automático às 00:00 | On-chain (contrato `LeilaoGUT`) | 1 senha (R$ 2,00) consumida on-chain |
DOCS	TEXTO-DOC	docs/chatbot/regulamento.md	40	lance	Cada lance gera um hash **Argon2id** off-chain (via `hash-wasm`) como prova de intenção imutável. Antes da transação on-chain, o usuário assina a mensagem `DESAFIOGUT-AUT
DOCS	TEXTO-DOC	docs/chatbot/regulamento.md	40	lance	Cada lance gera um hash **Argon2id** off-chain (via `hash-wasm`) como prova de intenção imutável. Antes da transação on-chain, o usuário assina a mensagem `DESAFIOGUT-AUT
DOCS	TEXTO-DOC	docs/chatbot/regulamento.md	40	Lance	Cada lance gera um hash **Argon2id** off-chain (via `hash-wasm`) como prova de intenção imutável. Antes da transação on-chain, o usuário assina a mensagem `DESAFIOGUT-AUT
DOCS	TEXTO-DOC	docs/chatbot/regulamento.md	44	lances	Limite de 5 lances por minuto por carteira e cooldown de 3 segundos entre lances consecutivos (token bucket client-side em `utils/rateLimiter.js`). Limite complementar se
DOCS	TEXTO-DOC	docs/chatbot/regulamento.md	44	lances	Limite de 5 lances por minuto por carteira e cooldown de 3 segundos entre lances consecutivos (token bucket client-side em `utils/rateLimiter.js`). Limite complementar se
DOCS	TEXTO-DOC	docs/chatbot/regulamento.md	44	lances	Limite de 5 lances por minuto por carteira e cooldown de 3 segundos entre lances consecutivos (token bucket client-side em `utils/rateLimiter.js`). Limite complementar se
DOCS	COMENTARIO	docs/chatbot/regulamento.md	89	Lance	### 4.3 Lance Relâmpago
DOCS	TEXTO-DOC	docs/chatbot/regulamento.md	92	lance	- Custo: o próprio valor do lance (em centavos).
DOCS	TEXTO-DOC	docs/chatbot/regulamento.md	152	Leilao	Contrato `LeilaoGUT` revisado em 7 ondas com 4 findings críticos resolvidos. Constantes anti-DoS: `MAX_LANCES_UNICOS = 10.000`. Transferência de coordenação em duas etapa
DOCS	TEXTO-DOC	docs/chatbot/regulamento.md	152	LANCES	Contrato `LeilaoGUT` revisado em 7 ondas com 4 findings críticos resolvidos. Constantes anti-DoS: `MAX_LANCES_UNICOS = 10.000`. Transferência de coordenação em duas etapa
DOCS	COMENTARIO	docs/chatbot/regulamento.md	156	leilão	### 8.1 Como participo do leilão?
DOCS	TEXTO-DOC	docs/chatbot/regulamento.md	159	Lance	3. Para Lance Relâmpago: deposite via PIX (Mercado Pago) e use o saldo R$.
DOCS	TEXTO-DOC	docs/chatbot/regulamento.md	160	Lance	4. Para Lance Programado: compre senhas (R$ 2,00 cada) e use no Mercado de Lances.
DOCS	TEXTO-DOC	docs/chatbot/regulamento.md	160	Lances	4. Para Lance Programado: compre senhas (R$ 2,00 cada) e use no Mercado de Lances.
DOCS	TEXTO-DOC	docs/chatbot/regulamento.md	163	lance	Vence o **menor valor que aparece exatamente uma vez** (Artigo VIII). Se você der lance de R$ 0,07 e ninguém mais der R$ 0,07, e R$ 0,07 for o menor valor único, você gan
DOCS	TEXTO-DOC	docs/chatbot/regulamento.md	166	lance	R$ 2,00 (Artigo 20). Cada senha vale 1 lance no Leilão Programado.
DOCS	TEXTO-DOC	docs/chatbot/regulamento.md	166	Leilão	R$ 2,00 (Artigo 20). Cada senha vale 1 lance no Leilão Programado.
DOCS	TEXTO-DOC	docs/chatbot/regulamento.md	188	Lance	O saldo R$ off-chain pode ser usado para Lance Relâmpago ou trocado por senhas. Para reembolso, contate `desafiogut01@gmail.com` (processo manual conforme política).
DOCS	COMENTARIO	docs/chatbot/regulamento.md	190	Lances	### 8.11 Lances repetidos contam?
DOCS	TEXTO-DOC	docs/chatbot/regulamento.md	191	lances	Não vencem. Se dois ou mais participantes mandam exatamente o mesmo valor, esses lances são marcados como `repetido: true` e excluídos do cálculo do vencedor.
DOCS	COMENTARIO	docs/chatbot/regulamento.md	193	lance	### 8.12 E se ninguém der lance único?
DOCS	COMENTARIO	docs/chatbot/regulamento.md	196	leilão	### 8.13 Quando o leilão Programado é resetado?
DOCS	COMENTARIO	docs/chatbot/regulamento.md	220	leilão	### 8.21 Posso participar de mais de um leilão ao mesmo tempo?
DOCS	TEXTO-DOC	docs/chatbot/regulamento.md	221	lances	Sim. Relâmpago e Programado rodam em paralelo e usam saldos distintos (R$ off-chain vs senhas on-chain). Você pode ter lances ativos nos dois ao mesmo tempo.
DOCS	COMENTARIO	docs/chatbot/regulamento.md	229	lances	### 8.24 Onde encontro meus lances anteriores?
DOCS	TEXTO-DOC	docs/chatbot/regulamento.md	230	Lances	Na rota `/carteira` → seção "Meus Lances" lista os últimos lances feitos com a carteira conectada. Para o histórico on-chain completo, consulte Etherscan em `https://sepo
DOCS	TEXTO-DOC	docs/chatbot/regulamento.md	230	lances	Na rota `/carteira` → seção "Meus Lances" lista os últimos lances feitos com a carteira conectada. Para o histórico on-chain completo, consulte Etherscan em `https://sepo
DOCS	TEXTO-DOC	docs/chatbot/regulamento.md	233	Lance	Não. As senhas são vinculadas ao endereço que comprou e só podem ser usadas pelo próprio endereço via `darLance`. Não há função de transferência implementada no contrato.
DOCS	TEXTO-DOC	docs/cloudflare-waf-setup.md	197	lance	- **JS Challenge bloqueia clientes sem JS** — afeta wallets externos batendo direto na API. Quando o usuário usar carteira injetada (MetaMask) chamando `/.netlify/functio
DOCS	TEXTO-DOC	docs/configuracao-admin-token.md	128	Leilao	- **Não dá acesso on-chain** — o contrato `LeilaoGUT` continua protegido pelas chaves Privy de cada usuário.
DOCS	TEXTO-DOC	docs/configuracao-admin-token.md	130	lances	Mitigação imediata se houver suspeita de vazamento: rotacionar (passo 4) **e** rodar `/.netlify/functions/purge-lances` (e similares de manutenção) para zerar dados sujos
DOCS	COMENTARIO	docs/configuracao-cron-reset.md	4	leilão	**Aplica-se a:** leilão **Programado** (Ouro/Diamante · ciclos de 24h).
DOCS	COMENTARIO	docs/configuracao-cron-reset.md	5	lances	**Modo:** MVP off-chain — apura vencedor a partir do snapshot off-chain de lances do programado, persiste resultado, limpa estado local. **Re-abertura on-chain segue manu
DOCS	TEXTO-DOC	docs/configuracao-cron-reset.md	28	Lances	"qtdLances": 42,
DOCS	TEXTO-DOC	docs/configuracao-cron-reset.md	116	lances	- ❌ **NÃO** mexe nos lances do **flash** (apenas no `programado`).
DOCS	TEXTO-DOC	docs/configuracao-cron-reset.md	131	Lances	| `ultimo-reset-programado:R-1` | `{ ultimaDataIso, ultimoEm, qtdLancesApurados, vencedorEndereco }` — flag de idempotência. |
DOCS	TEXTO-DOC	docs/configuracao-cron-reset.md	132	lances	| `lances-programado:R-1` | **Apagado pelo reset.** Próximas rodadas começam vazias. |
DOCS	TEXTO-DOC	docs/design-system-desafiogut-final.md	2	leilão	> **Dark Luxury × Auction Tension** — Navy void encontra laranja de fogo. Clube VIP brasileiro que cobra centavos e entrega emoção de leilão.
DOCS	TEXTO-DOC	docs/design-system-desafiogut-final.md	42	Lances	| Mercado/Lances | Tensão + Ação | Orange CTAs pulsantes, countdown em destaque |
DOCS	TEXTO-DOC	docs/design-system-desafiogut-final.md	163	lance	- **text-balance** em todos os headings — `text-wrap: balance`
DOCS	TEXTO-DOC	docs/design-system-desafiogut-final.md	163	lance	- **text-balance** em todos os headings — `text-wrap: balance`
DOCS	TEXTO-DOC	docs/design-system-desafiogut-final.md	257	lance	.input-lance {
DOCS	TEXTO-DOC	docs/design-system-desafiogut-final.md	265	lance	.input-lance::placeholder { color: #3d4f8a; }
DOCS	TEXTO-DOC	docs/design-system-desafiogut-final.md	266	lance	.input-lance:focus { border-color: #ff6b35; box-shadow: 0 0 0 3px rgba(255,107,53,0.18); }
DOCS	TEXTO-DOC	docs/design-system-desafiogut-final.md	277	lance	text-wrap: balance;
DOCS	TEXTO-DOC	docs/design-system-desafiogut-final.md	407	Lances	| Lances (nav) | `Target` | 22px |
DOCS	TEXTO-DOC	docs/design-system-desafiogut-final.md	414	Lance	| Lance único | `Zap` | 20px |
DOCS	TEXTO-DOC	docs/design-system-desafiogut-final.md	482	lance	| **Utility** | ✅ Core job (dar lance) direto | Onboarding deve mostrar valor em <10s |
DOCS	TEXTO-DOC	docs/design-system-desafiogut-final.md	508	lance	h1, h2, h3, .screen-title { text-wrap: balance; }
DOCS	TEXTO-DOC	docs/design-system-desafiogut-final.md	522	lance	6. **`text-wrap: balance`** em headings, `text-pretty` em parágrafos
DOCS	COMENTARIO	docs/design-system-desafiogut-final.md	540	leilão	*Score Final: 94/100 — Dark Luxury Premium com tensão de leilão. Pipeline completo: 4 skills, WCAG AA, IxDF audit, L2 animations, OhMySkills Luxury editorial precision.*
DOCS	COMENTARIO	docs/DESIGN.md	215	Lance	### Input — Lance
DOCS	TEXTO-DOC	docs/DESIGN.md	218	lance	.input-lance {
DOCS	TEXTO-DOC	docs/DESIGN.md	227	lance	.input-lance::placeholder { color: var(--text-faint); }
DOCS	TEXTO-DOC	docs/DESIGN.md	228	lance	.input-lance:focus { border-color: var(--orange); box-shadow: 0 0 0 3px rgba(255,149,0,0.20); }
DOCS	TEXTO-DOC	docs/DESIGN.md	314	Lances	| Lances (nav) | `Target` | active: `--orange` |
DOCS	TEXTO-DOC	docs/DESIGN.md	320	Lance	| Lance | `Zap` | `--orange` |
DOCS	TEXTO-DOC	docs/DESIGN.md	363	lance	h1, h2, h3 { text-wrap: balance; }
DOCS	TEXTO-DOC	docs/diagnostico-estado-atual.md	17	lances	| `gut_lances_r1` | 19 (constante `LS_LANCES`), 20, 66, 129, 364 | ✅ Já gated por `MOCK_MODE` — em produção (`!MOCK_MODE`): nunca lida (linha 64 retorna `[]`), nunca escr
DOCS	TEXTO-DOC	docs/diagnostico-estado-atual.md	17	LANCES	| `gut_lances_r1` | 19 (constante `LS_LANCES`), 20, 66, 129, 364 | ✅ Já gated por `MOCK_MODE` — em produção (`!MOCK_MODE`): nunca lida (linha 64 retorna `[]`), nunca escr
DOCS	COMENTARIO	docs/diagnostico-estado-atual.md	40	LANCES	#### Constante `LANCES_MOCK` (linhas 41-46)
DOCS	TEXTO-DOC	docs/diagnostico-estado-atual.md	42	lances	- Array com 4 lances fake (Ana Souza, Carlos B., Fernanda L., João P.).
DOCS	TEXTO-DOC	docs/diagnostico-estado-atual.md	58	lances	| `lances` | `[]` (linha 64) ✅ |
DOCS	TEXTO-DOC	docs/diagnostico-estado-atual.md	59	lances	| `lancesFlash` | `[]` (linha 70) ✅ |
DOCS	TEXTO-DOC	docs/diagnostico-estado-atual.md	72	lances	| Outros valores | KPIs, vencedor, timer | ✅ Calculados a partir do contexto (zeram em produção sem lances) |
DOCS	TEXTO-DOC	docs/diagnostico-estado-atual.md	91	Lance	- Botão "⚡ Lance Relâmpago" (linha 383) → navigate `/mercado` ✅
DOCS	COMENTARIO	docs/diagnostico-estado-atual.md	111	Lances	### 1.4 `src/pages/MercadoLances.jsx` (linhas 384-417)
DOCS	COMENTARIO	docs/diagnostico-estado-atual.md	116	Lance	### 1.5 `src/components/CardLance.jsx`
DOCS	TEXTO-DOC	docs/diagnostico-estado-atual.md	121	Lance	| Texto botão "🎫 Confirmar Lance (−1 ficha)" | 336 | apenas se `MOCK_MODE && isProgramado` ✅ |
DOCS	TEXTO-DOC	docs/diagnostico-estado-atual.md	122	Lance	| Texto botão "🎫 Confirmar Lance (−1 senha)" | 338 | em produção programado ✅ |
DOCS	TEXTO-DOC	docs/diagnostico-estado-atual.md	145	lances	1. **localStorage persistente entre deploys**: o navegador do usuário ainda guarda `gut_lances_r1`, `gut_carteira_flash`, etc. de versões antigas com MOCK_MODE=true. `lim
DOCS	TEXTO-DOC	docs/diagnostico-estado-atual.md	160	Leilão	| **Leilão Programado: ciclos 24h, reset 00:00, fixo no topo** | ⚠️ Parcial | `DURACAO.programado = 1800s` (30 min) no AppContext — **diverge** da spec (86400s = 24h). Nã
DOCS	TEXTO-DOC	docs/diagnostico-estado-atual.md	161	Leilão	| **Leilão Relâmpago: 30 min a 1 hora** | ⚠️ Parcial | `DURACAO.flash = 300s` (5 min) — **diverge** da spec (1800–3600s). |
DOCS	COMENTARIO	docs/diagnostico-estado-atual.md	190	LANCES	### 🚨 Risco crítico 2: Remover `LANCES_MOCK` quebra MOCK_MODE
DOCS	TEXTO-DOC	docs/diagnostico-estado-atual.md	193	LANCES	> "Remova LANCES_MOCK do estado inicial em AppContext.jsx (produção = [])"
DOCS	COMENTARIO	docs/diagnostico-estado-atual.md	195	LANCES	**Estado atual**: o estado inicial já é `[]` em produção (linha 64: `if (!MOCK_MODE) return []`). `LANCES_MOCK` só é usado dentro do bloco `MOCK_MODE === true`. Removê-lo
DOCS	COMENTARIO	docs/diagnostico-estado-atual.md	199	LANCES	**Mitigação proposta**: manter a constante em uma flag explícita (`if (MOCK_MODE) export const LANCES_MOCK = [...]`) ou movê-la para um arquivo `mocks/lances.mock.js` imp
DOCS	COMENTARIO	docs/diagnostico-estado-atual.md	199	lances	**Mitigação proposta**: manter a constante em uma flag explícita (`if (MOCK_MODE) export const LANCES_MOCK = [...]`) ou movê-la para um arquivo `mocks/lances.mock.js` imp
DOCS	TEXTO-DOC	docs/diagnostico-estado-atual.md	241	LANCES	6. `LANCES_MOCK` permanece — apenas se a equipe quiser MOCK_MODE para dev local.
DOCS	COMENTARIO	docs/disaster-recovery.md	26	Lances	**Impacto:** App totalmente fora do ar. Lances on-chain ainda possíveis via Etherscan direto (workaround user-side).
DOCS	COMENTARIO	docs/disaster-recovery.md	30	Lances	**Sintomas:** `wallet.getEthereumProvider()` ou `provider.send()` retornam timeout/erro 5xx. Frontend log `"failed to fetch from Alchemy"`. Lances não enviam, saldo `null
DOCS	COMENTARIO	docs/disaster-recovery.md	34	Lance	**Impacto:** Frontend funciona, mas darLance/apurarVencedor falham. Pedidos PIX continuam (operação independente da chain).
DOCS	TEXTO-DOC	docs/disaster-recovery.md	123	lance	4. [ ] Validar em ~3 min: abrir o site, fazer 1 lance de teste, confirmar tx em Etherscan.
DOCS	TEXTO-DOC	docs/especificacao-extraida.md	15	leilão	| **REQ-01** | §1 | REGRA | Plataforma híbrida: publicidade (banners) **+** vendas por leilão (relâmpago e programado). |
DOCS	COMENTARIO	docs/especificacao-extraida.md	29	Leilão	## §3.1 — Tipos de Leilão
DOCS	TEXTO-DOC	docs/especificacao-extraida.md	33	Leilão	| **REQ-09** | §3.1 | REGRA | Leilão **Programado** (Ouro/Diamante): ciclos de **24 horas**, fixado no topo da página principal. |
DOCS	TEXTO-DOC	docs/especificacao-extraida.md	34	Leilão	| **REQ-10** | §3.1 | REGRA | Leilão Programado: **reset automático às 00:00**. |
DOCS	TEXTO-DOC	docs/especificacao-extraida.md	35	Leilão	| **REQ-11** | §3.1 | REGRA | Leilão **Relâmpago** (Bronze/Prata): duração **30 min a 1 hora**. |
DOCS	TEXTO-DOC	docs/especificacao-extraida.md	36	Leilão	| **REQ-12** | §3.1 | UI | Leilão Relâmpago exibido em seção "Oportunidade Agora". |
DOCS	TEXTO-DOC	docs/especificacao-extraida.md	60	lances	| **REQ-21** | §5.2 | BE | **Operação Interna (Fichas)**: Mercado Pago → `desafiogut@gmail.com`. **Automatizado via webhook** para liberação imediata de lances. |
DOCS	TEXTO-DOC	docs/especificacao-extraida.md	75	leilões	| **REQ-26** | §7 | REGRA | Indicado: **isenção total** da taxa de compra de fichas na **primeira participação** em leilões Bronze ou Prata. |
DOCS	TEXTO-DOC	docs/explanation/regras-de-negocio.md	14	leilão	2. **Vendas por leilão de menor lance único**: Usuários competem para ser o primeiro a colocar o menor valor que aparece **exatamente uma vez** no total de lances.
DOCS	TEXTO-DOC	docs/explanation/regras-de-negocio.md	14	lance	2. **Vendas por leilão de menor lance único**: Usuários competem para ser o primeiro a colocar o menor valor que aparece **exatamente uma vez** no total de lances.
DOCS	TEXTO-DOC	docs/explanation/regras-de-negocio.md	14	lances	2. **Vendas por leilão de menor lance único**: Usuários competem para ser o primeiro a colocar o menor valor que aparece **exatamente uma vez** no total de lances.
DOCS	COMENTARIO	docs/explanation/regras-de-negocio.md	20	Lance	## A Regra Central — Menor Lance Único (Artigo VIII)
DOCS	TEXTO-DOC	docs/explanation/regras-de-negocio.md	22	lances	> "Vence o menor valor em centavos que apareça exatamente 1 (uma) vez no universo de lances registrados na edição."
DOCS	TEXTO-DOC	docs/explanation/regras-de-negocio.md	26	Lance	| Lance (centavos) | Quantas vezes aparece | Status |
DOCS	TEXTO-DOC	docs/explanation/regras-de-negocio.md	33	lance	O lance de **5 centavos (R$ 0,05)** vence pois é o menor que aparece exatamente uma vez.
DOCS	COMENTARIO	docs/explanation/regras-de-negocio.md	48	lances	**Bronze não exclusiva**: múltiplos clientes Bronze podem ter lances em andamento no mesmo horário — cada um em sua própria edição.
DOCS	COMENTARIO	docs/explanation/regras-de-negocio.md	54	Leilão	## Tipos de Leilão
DOCS	COMENTARIO	docs/explanation/regras-de-negocio.md	56	Leilão	### Leilão Programado (Ouro / Diamante)
DOCS	COMENTARIO	docs/explanation/regras-de-negocio.md	61	Leilão	### Leilão Relâmpago (Bronze / Prata)
DOCS	COMENTARIO	docs/explanation/regras-de-negocio.md	91	lance	**Senha** = unidade de participação. Cada lance consome 1 senha.
DOCS	COMENTARIO	docs/explanation/regras-de-negocio.md	107	leilões	### Compra de Fichas (participação em leilões)
DOCS	TEXTO-DOC	docs/explanation/regras-de-negocio.md	121	leilões	- Recebe **isenção total da taxa de compra de fichas** na **primeira participação** em leilões Bronze ou Prata.
DOCS	TEXTO-DOC	docs/explanation/regras-de-negocio.md	156	lances	Toda a lógica de lances e apuração do vencedor está no contrato `LeilaoGUT` na blockchain Sepolia. Isso significa:
DOCS	TEXTO-DOC	docs/explanation/regras-de-negocio.md	156	Leilao	Toda a lógica de lances e apuração do vencedor está no contrato `LeilaoGUT` na blockchain Sepolia. Isso significa:
DOCS	TEXTO-DOC	docs/explanation/regras-de-negocio.md	158	lances	- Os lances são **imutáveis** após registro on-chain.
DOCS	TEXTO-DOC	docs/explanation/regras-de-negocio.md	160	lances	- A coordenação **não pode alterar lances** — só pode abrir edições e creditar senhas.
DOCS	TEXTO-DOC	docs/explanation/regras-de-negocio.md	161	lance	- O hash Argon2id gerado off-chain antes de cada lance serve como prova de intenção imutável, complementando a transparência on-chain.
DOCS	TEXTO-DOC	docs/growth-viral.md	7	Leilao	Cada usuário do DesafioGUT recebe automaticamente um **código de indicação pessoal** no formato `IND-XXXXXX` (3 letras prefixo + 6 caracteres alfanuméricos maiúsculos). A
DOCS	TEXTO-DOC	docs/growth-viral.md	14	Leilao	4. **Conversão = primeira compra.** Quando o indicado executa `POST /comprar-senhas` com sucesso on-chain, o hook MC10 detecta o vínculo, marca `referral-convertido:{codi
DOCS	TEXTO-DOC	docs/how-to-guides/como-comprar-senhas.md	4	leilões	> **Público**: Usuário já cadastrado que quer participar de leilões
DOCS	TEXTO-DOC	docs/how-to-guides/como-comprar-senhas.md	11	lance	Cada lance consome **1 senha** (ficha). Senhas custam **R$ 2,00** cada via PIX pelo Mercado Pago. O crédito é automático após confirmação do pagamento.
DOCS	TEXTO-DOC	docs/how-to-guides/como-comprar-senhas.md	32	Leilao	Após o pagamento aprovado, o Webhook do Mercado Pago credita as senhas automaticamente em sua carteira on-chain (contrato `LeilaoGUT` na rede Sepolia).
DOCS	TEXTO-DOC	docs/how-to-guides/como-comprar-senhas.md	42	lance	- **Antes de lançar** — o formulário de lance mostra o saldo e desabilita o botão se saldo = 0
DOCS	COMENTARIO	docs/how-to-guides/como-comprar-senhas.md	51	leilão	**Posso usar o saldo em qualquer leilão?**
DOCS	TEXTO-DOC	docs/how-to-guides/como-comprar-senhas.md	52	leilões	Senhas são válidas para **leilões Programados** (Ouro e Diamante, ciclos de 24h). Leilões Relâmpago (Bronze e Prata) usam um saldo separado de crédito flash.
DOCS	TEXTO-DOC	docs/how-to-guides/como-comprar-senhas.md	52	Leilões	Senhas são válidas para **leilões Programados** (Ouro e Diamante, ciclos de 24h). Leilões Relâmpago (Bronze e Prata) usam um saldo separado de crédito flash.
DOCS	TEXTO-DOC	docs/how-to-guides/como-comprar-senhas.md	65	leilao	→ [Referência do contrato: função `saldoSenhas`](../reference/contrato-leilao-abi.md#saldosenhas)
DOCS	TEXTO-DOC	docs/incident-response.md	79	lances	- Categoria de dados afetados (e-mail, endereço wallet, histórico de lances)
DOCS	TEXTO-DOC	docs/inventario-remocao.md	22	lance	| 2 | `src/entities/lance/index.js` | Constantes + função | `LANCE_MIN_CENTAVOS/MAX` (já em `lance-relampago.mjs:20-21`); `centavosToDisplay` (não usado) |
DOCS	TEXTO-DOC	docs/inventario-remocao.md	22	LANCE	| 2 | `src/entities/lance/index.js` | Constantes + função | `LANCE_MIN_CENTAVOS/MAX` (já em `lance-relampago.mjs:20-21`); `centavosToDisplay` (não usado) |
DOCS	TEXTO-DOC	docs/inventario-remocao.md	22	lance	| 2 | `src/entities/lance/index.js` | Constantes + função | `LANCE_MIN_CENTAVOS/MAX` (já em `lance-relampago.mjs:20-21`); `centavosToDisplay` (não usado) |
DOCS	TEXTO-DOC	docs/inventario-remocao.md	25	lance	| 5 | `src/features/lance/index.js` | Re-export | Re-exporta `CardLance` e `TabelaLances` |
DOCS	TEXTO-DOC	docs/inventario-remocao.md	25	Lance	| 5 | `src/features/lance/index.js` | Re-export | Re-exporta `CardLance` e `TabelaLances` |
DOCS	TEXTO-DOC	docs/inventario-remocao.md	25	Lances	| 5 | `src/features/lance/index.js` | Re-export | Re-exporta `CardLance` e `TabelaLances` |
DOCS	TEXTO-DOC	docs/inventario-remocao.md	40	Lances	src/pages/MercadoLances.jsx:4: import CardLance      from "../components/CardLance.jsx";
DOCS	TEXTO-DOC	docs/inventario-remocao.md	40	Lance	src/pages/MercadoLances.jsx:4: import CardLance      from "../components/CardLance.jsx";
DOCS	TEXTO-DOC	docs/inventario-remocao.md	40	Lance	src/pages/MercadoLances.jsx:4: import CardLance      from "../components/CardLance.jsx";
DOCS	TEXTO-DOC	docs/inventario-remocao.md	41	Lances	src/pages/MercadoLances.jsx:5: import TabelaLances   from "../components/TabelaLances.jsx";
DOCS	TEXTO-DOC	docs/inventario-remocao.md	41	Lances	src/pages/MercadoLances.jsx:5: import TabelaLances   from "../components/TabelaLances.jsx";
DOCS	TEXTO-DOC	docs/inventario-remocao.md	41	Lances	src/pages/MercadoLances.jsx:5: import TabelaLances   from "../components/TabelaLances.jsx";
DOCS	TEXTO-DOC	docs/inventario-remocao.md	43	Lance	src/components/CardLance.jsx:5: import { Card } from "@/components/ui/card";
DOCS	TEXTO-DOC	docs/inventario-remocao.md	44	Lance	src/components/CardLance.jsx:6: import { cn }   from "@/lib/utils";
DOCS	TEXTO-DOC	docs/inventario-remocao.md	56	Lances	- `src/pages/MercadoLances.jsx` — regra explícita.
DOCS	TEXTO-DOC	docs/inventario-remocao.md	59	Lance	- `src/components/{CardLance,TabelaLances,TermosConsentimento,ComprarFichasModal}.jsx` — todos com consumidores diretos.
DOCS	TEXTO-DOC	docs/inventario-remocao.md	59	Lances	- `src/components/{CardLance,TabelaLances,TermosConsentimento,ComprarFichasModal}.jsx` — todos com consumidores diretos.
DOCS	TEXTO-DOC	docs/inventario-remocao.md	70	lance	| `auth-lance.mjs` | `CardLance.jsx:90`, `MinhaCarteira.jsx:82` |
DOCS	TEXTO-DOC	docs/inventario-remocao.md	70	Lance	| `auth-lance.mjs` | `CardLance.jsx:90`, `MinhaCarteira.jsx:82` |
DOCS	TEXTO-DOC	docs/inventario-remocao.md	74	lance	| `lance-relampago.mjs` | `CardLance.jsx:150` |
DOCS	TEXTO-DOC	docs/inventario-remocao.md	74	Lance	| `lance-relampago.mjs` | `CardLance.jsx:150` |
DOCS	TEXTO-DOC	docs/inventario-remocao.md	75	lances	| `lances-flash.mjs` | `AppContext.jsx:143` |
DOCS	TEXTO-DOC	docs/inventario-remocao.md	76	lances	| `purge-lances.mjs` | `AppContext.jsx:111` |
DOCS	TEXTO-DOC	docs/inventario-remocao.md	91	lance	- O conteúdo dos `entities/` é redundante (duplica constantes já presentes em `AppContext.jsx` e `lance-relampago.mjs`); os demais são apenas re-exports.
DOCS	TEXTO-DOC	docs/lgpd-politica-retencao.md	12	lance	| **Logs de auditoria** | `audit-*`, `lance-idem`, `admin-audit` | **13 meses** | Marco Civil da Internet, art. 15 | Obrigação legal de manter logs de acesso por 6 meses;
DOCS	TEXTO-DOC	docs/lgpd-politica-retencao.md	17	lances	| **Endereço on-chain + lances** | Sepolia testnet (`LeilaoGUT`) | **Imutável** | Natureza da blockchain | Dados imutáveis na rede pública; titular é informado no termo d
DOCS	TEXTO-DOC	docs/lgpd-politica-retencao.md	17	Leilao	| **Endereço on-chain + lances** | Sepolia testnet (`LeilaoGUT`) | **Imutável** | Natureza da blockchain | Dados imutáveis na rede pública; titular é informado no termo d
DOCS	TEXTO-DOC	docs/lgpd-politica-retencao.md	43	lances	A autorização é granular: o próprio titular (owner) ou um admin podem disparar. Resposta inclui: saldo R$, wallet, cotas, adesão, vouchers, lances on-chain do endereço, r
DOCS	TEXTO-DOC	docs/lgpd-politica-retencao.md	80	Leilao	- Coordenação operacional: gerenciada pelo address `coordenacao()` no contrato `LeilaoGUT`.
DOCS	TEXTO-DOC	docs/limpeza-pre-auditoria.md	18	lance	- `src/components/*` (lógica de lance, auth, PIX)
DOCS	TEXTO-DOC	docs/limpeza-pre-auditoria.md	84	Leilao	| `desafio-gut/contracts/Leilao.sol` | ✅ KEEP | Contrato ativo |
DOCS	TEXTO-DOC	docs/limpeza-pre-auditoria.md	148	Lance	| `src/components/CardLance.jsx` | ✅ KEEP | **INTOCÁVEL** |
DOCS	TEXTO-DOC	docs/limpeza-pre-auditoria.md	149	Lances	| `src/components/TabelaLances.jsx` | ✅ KEEP | **INTOCÁVEL** |
DOCS	TEXTO-DOC	docs/limpeza-pre-auditoria.md	160	Lances	| `src/pages/MercadoLances.jsx` | ✅ KEEP | |
DOCS	TEXTO-DOC	docs/limpeza-pre-auditoria.md	236	Lance	src/components/CardLance.jsx  ← lance on-chain
DOCS	TEXTO-DOC	docs/limpeza-pre-auditoria.md	236	lance	src/components/CardLance.jsx  ← lance on-chain
DOCS	TEXTO-DOC	docs/limpeza-pre-auditoria.md	237	Lances	src/components/TabelaLances.jsx
DOCS	TEXTO-DOC	docs/mainnet-prerequisites.md	4	Leilao	> deploy do contrato `LeilaoGUT` na Mainnet. Não envolve código — apenas configuração no Netlify.
DOCS	TEXTO-DOC	docs/mapa-navegacao.md	14	Lances	/mercado                MercadoLances       (leilão R-1 — produção validada)
DOCS	TEXTO-DOC	docs/mapa-navegacao.md	14	leilão	/mercado                MercadoLances       (leilão R-1 — produção validada)
DOCS	TEXTO-DOC	docs/mapa-navegacao.md	16	lances	/ativos                 MeusAtivos          (histórico de lances)
DOCS	TEXTO-DOC	docs/mapa-navegacao.md	26	Lances	- 7 links no `NAV_ITEMS`: Dashboard / Minha Carteira / Mercado de Lances / **Vitrine (4 Slots)** / Meus Ativos / Segurança / Configurações.
DOCS	TEXTO-DOC	docs/mapa-navegacao.md	32	Lances	- 3 tabs principais: **Início** (`/`) · **Lances** (`/mercado`) · **Carteira** (`/carteira`).
DOCS	TEXTO-DOC	docs/mapa-navegacao.md	45	Lance	| **MinhaCarteira** | "Comprar Fichas" · "Trocar por Senhas" · "Ir para Lance Relâmpago" · "Aceito DesafioGUT" (se !connected) · WalletCard "↻ Atualizar" · VoucherPanel "
DOCS	TEXTO-DOC	docs/mapa-navegacao.md	46	Lances	| **MercadoLances** | "Confirmar Lance" · "🔄 Nova Rodada" (overlay vencedor) · "⚡ Entrar" (header AuthArea) · toggle `Modo: Relâmpago/Programado` | — (autocontido — sem 
DOCS	TEXTO-DOC	docs/mapa-navegacao.md	46	Lance	| **MercadoLances** | "Confirmar Lance" · "🔄 Nova Rodada" (overlay vencedor) · "⚡ Entrar" (header AuthArea) · toggle `Modo: Relâmpago/Programado` | — (autocontido — sem 
DOCS	TEXTO-DOC	docs/mapa-navegacao.md	46	Leilão	| **MercadoLances** | "Confirmar Lance" · "🔄 Nova Rodada" (overlay vencedor) · "⚡ Entrar" (header AuthArea) · toggle `Modo: Relâmpago/Programado` | — (autocontido — sem 
DOCS	TEXTO-DOC	docs/mapa-navegacao.md	47	leilão	| **Vitrine** | 4× "Participar do leilão →" (SlotCards) | `/mercado` (TODOS os 4 slots vão pro mesmo destino) | — | — |
DOCS	TEXTO-DOC	docs/mapa-navegacao.md	48	lance	| **MeusAtivos** | Filtros (Todos/Únicos/Repetidos) + CTA "Aceito DesafioGUT — Entrar" (se !connected) | — (autocontido) | "Nenhum lance encontrado" (sem CTA para dar lan
DOCS	TEXTO-DOC	docs/mapa-navegacao.md	48	lance	| **MeusAtivos** | Filtros (Todos/Únicos/Repetidos) + CTA "Aceito DesafioGUT — Entrar" (se !connected) | — (autocontido) | "Nenhum lance encontrado" (sem CTA para dar lan
DOCS	TEXTO-DOC	docs/mapa-navegacao.md	60	Lances	| **I-03** | 🟡 | CTA labels divergentes | Botão de login tem **5 labels diferentes** no app: "⚡ Aceito o DesafioGUT" (Sidebar/BottomNav) · "⚡ Entrar" (MercadoLances) · "
DOCS	TEXTO-DOC	docs/mapa-navegacao.md	60	lances	| **I-03** | 🟡 | CTA labels divergentes | Botão de login tem **5 labels diferentes** no app: "⚡ Aceito o DesafioGUT" (Sidebar/BottomNav) · "⚡ Entrar" (MercadoLances) · "
DOCS	TEXTO-DOC	docs/mapa-navegacao.md	60	Lances	| **I-03** | 🟡 | CTA labels divergentes | Botão de login tem **5 labels diferentes** no app: "⚡ Aceito o DesafioGUT" (Sidebar/BottomNav) · "⚡ Entrar" (MercadoLances) · "
DOCS	TEXTO-DOC	docs/mapa-navegacao.md	62	Lances	| **I-05** | 🟡 | Labels de rota | Mesma rota tem 3 nomes: Sidebar "Mercado de Lances" · BottomNav "Lances" · Dashboard atalho "Dar Lance" · path `/mercado` | `Sidebar.js
DOCS	TEXTO-DOC	docs/mapa-navegacao.md	62	Lances	| **I-05** | 🟡 | Labels de rota | Mesma rota tem 3 nomes: Sidebar "Mercado de Lances" · BottomNav "Lances" · Dashboard atalho "Dar Lance" · path `/mercado` | `Sidebar.js
DOCS	TEXTO-DOC	docs/mapa-navegacao.md	62	Lance	| **I-05** | 🟡 | Labels de rota | Mesma rota tem 3 nomes: Sidebar "Mercado de Lances" · BottomNav "Lances" · Dashboard atalho "Dar Lance" · path `/mercado` | `Sidebar.js
DOCS	TEXTO-DOC	docs/mapa-navegacao.md	64	Lances	| **I-07** | 🟡 | Footers conflitantes | 4 páginas têm footer próprio (`MercadoLances`, `Vitrine`, `Dashboard`, `MeusAtivos`) com conteúdo diferente; Layout tem footer gl
DOCS	TEXTO-DOC	docs/mapa-navegacao.md	66	lances	| **I-09** | 🟡 | Empty state sem CTA | MeusAtivos com `isConnected` mas sem lances mostra "Nenhum lance encontrado" sem botão "Dar Lance" | `MeusAtivos.jsx:142-145` |
DOCS	TEXTO-DOC	docs/mapa-navegacao.md	66	lance	| **I-09** | 🟡 | Empty state sem CTA | MeusAtivos com `isConnected` mas sem lances mostra "Nenhum lance encontrado" sem botão "Dar Lance" | `MeusAtivos.jsx:142-145` |
DOCS	TEXTO-DOC	docs/mapa-navegacao.md	66	Lance	| **I-09** | 🟡 | Empty state sem CTA | MeusAtivos com `isConnected` mas sem lances mostra "Nenhum lance encontrado" sem botão "Dar Lance" | `MeusAtivos.jsx:142-145` |
DOCS	TEXTO-DOC	docs/mapa-navegacao.md	69	Lances	| **I-12** | 🟡 | A11y: páginas sem aria-label | 5 páginas têm **zero `aria-label`** em buttons: MercadoLances, MeusAtivos, Seguranca, MinhaCarteira (mostly) — botões com
DOCS	TEXTO-DOC	docs/mapa-navegacao.md	73	Lances	| **I-16** | 🔵 | Configurações sem persistência | Toggles `notifLances/notifVencedor/notifPix`, `idioma`, `tema` são `useState` local; "Salvar" só mostra toast — **nada 
DOCS	TEXTO-DOC	docs/mapa-navegacao.md	75	Lances	| **I-18** | 🔵 | Header inconsistente | MercadoLances tem header próprio (com Logo + Timer + AuthArea); demais páginas usam só o título inline. Em mobile, MercadoLances 
DOCS	TEXTO-DOC	docs/mapa-navegacao.md	75	Lances	| **I-18** | 🔵 | Header inconsistente | MercadoLances tem header próprio (com Logo + Timer + AuthArea); demais páginas usam só o título inline. Em mobile, MercadoLances 
DOCS	TEXTO-DOC	docs/mapa-navegacao.md	75	Lances	| **I-18** | 🔵 | Header inconsistente | MercadoLances tem header próprio (com Logo + Timer + AuthArea); demais páginas usam só o título inline. Em mobile, MercadoLances 
DOCS	TEXTO-DOC	docs/mapa-navegacao.md	98	Lances	│   ├─ KPI Lances Únicos      → /mercado                              │
DOCS	TEXTO-DOC	docs/mapa-navegacao.md	99	Lances	│   ├─ KPI Total Lances       → /ativos                               │
DOCS	TEXTO-DOC	docs/mapa-navegacao.md	108	lances	│   └─ Histórico lances (autocontido)                                 │
DOCS	TEXTO-DOC	docs/mapa-navegacao.md	110	Lances	│  MercadoLances (/mercado)                                           │
DOCS	TEXTO-DOC	docs/mapa-navegacao.md	111	Lance	│   ├─ CardLance (form de lance)                                      │
DOCS	TEXTO-DOC	docs/mapa-navegacao.md	111	lance	│   ├─ CardLance (form de lance)                                      │
DOCS	TEXTO-DOC	docs/mapa-navegacao.md	112	Lances	│   ├─ TabelaLances (autocontido)                                     │
DOCS	TEXTO-DOC	docs/MC39.18-escalabilidade.md	13	Leilao	O DESAFIOGUT precisa suportar 10k usuários simultâneos quando o contrato LeilaoGUT
DOCS	TEXTO-DOC	docs/MC39.18-escalabilidade.md	49	lances	5. Índices compostos/parciais ausentes em `lances` para apuração/consulta (itens 25,26).
DOCS	TEXTO-DOC	docs/MC39.18-escalabilidade.md	107	Lances	1  List Virtualization (react-window)            P1  [PEND]    sem react-window; usar p/ TabelaLances/notificações
DOCS	TEXTO-DOC	docs/MC39.18-escalabilidade.md	110	Lances	4  React.memo + useCallback + useMemo            P1  [PARC]    aplicar em listas com dados de API (TabelaLances, Vitrine, Corporativo)
DOCS	TEXTO-DOC	docs/MC39.18-escalabilidade.md	112	Lances	6  useDeferredValue + useTransition              P1  [PEND]    listas grandes com filtros (MercadoLances, MeusAtivos)
DOCS	TEXTO-DOC	docs/MC39.18-escalabilidade.md	133	lances	23 Particionamento (Range) lances/transacoes     P1  [PEND]    por data (mensal); ganho real só com volume alto
DOCS	TEXTO-DOC	docs/MC39.18-escalabilidade.md	135	lances	25 Índices compostos                             P0  [PEND]    atuais são single-column; criar (edicao_id, created_at) em lances
DOCS	TEXTO-DOC	docs/MC39.18-escalabilidade.md	136	lances	26 Índices parciais                              P0  [PEND]    WHERE não-consolidado (lances ativos)
DOCS	TEXTO-DOC	docs/MC39.18-escalabilidade.md	139	lances	29 Materialized Views (relatórios)               P1  [PEND]    ex.: total de lances por edição; refresh agendado
DOCS	TEXTO-DOC	docs/MC39.18-escalabilidade.md	182	lances	criar: CREATE INDEX CONCURRENTLY idx_lances_edicao_created ON lances(edicao_id, created_at DESC)
DOCS	TEXTO-DOC	docs/MC39.18-escalabilidade.md	182	lances	criar: CREATE INDEX CONCURRENTLY idx_lances_edicao_created ON lances(edicao_id, created_at DESC)
DOCS	TEXTO-DOC	docs/MC39.18-escalabilidade.md	185	lances	crit: EXPLAIN ANALYZE da consulta de lances usa Index Scan, não Seq Scan
DOCS	TEXTO-DOC	docs/MC39.18-escalabilidade.md	187	lances	criar: CREATE INDEX ... ON lances(edicao_id) WHERE consolidado = false
DOCS	TEXTO-DOC	docs/MC39.18-escalabilidade.md	204	Lances	lazy: páginas Admin*, Corporativo*, MercadoLances, DetalheProduto, SejaNossoParceiro
DOCS	TEXTO-DOC	docs/MC39.18-escalabilidade.md	241	lances	21 N+1 pontual                      [C]  1 commit  dep:—    paralelizar loops admin-aprovacao:106/consolidar-lances/corporativo-analytics
DOCS	TEXTO-DOC	docs/MC39.18-escalabilidade.md	255	Lances	4  React.memo/useCallback/useMemo   [C]  2 commits dep:—    listas com dados de API (TabelaLances, Vitrine, Corporativo*)
DOCS	TEXTO-DOC	docs/MC39.18-escalabilidade.md	257	Lances	6  useDeferredValue/useTransition   [C]  1 commit  dep:—    filtros de listas grandes (MercadoLances/MeusAtivos)
DOCS	TEXTO-DOC	docs/MC39.18-escalabilidade.md	259	Lances	1  List Virtualization              [C]  1-2 commit dep:—    react-window OU content-visibility:auto em TabelaLances/notificações
DOCS	TEXTO-DOC	docs/MC39.18-escalabilidade.md	264	lances	29 Materialized Views               [C]  1-2 commit dep:38   views de relatório (lances por edição); refresh agendado (pg_cron)
DOCS	TEXTO-DOC	docs/MC39.18-escalabilidade.md	266	lances	23 Particionamento (Range)          [C]  2 commits dep:38   lances/transacoes por mês
DOCS	TEXTO-DOC	docs/MC39.18-escalabilidade.md	271	lances	de `lances` pode ainda ser baixo → criar índices (ONDA 1) primeiro; partitioning como
DOCS	TEXTO-DOC	docs/MC39.18-escalabilidade.md	279	lances	crit: lances/webhooks/e-mails processados com retry; DLQ p/ falhas
DOCS	TEXTO-DOC	docs/MC89.10-DIAGNOSTICO.txt	31	lances	consolidar-lances.mjs · purge-lances.mjs · cron-reset-programado.mjs
DOCS	TEXTO-DOC	docs/MC89.10-DIAGNOSTICO.txt	31	lances	consolidar-lances.mjs · purge-lances.mjs · cron-reset-programado.mjs
DOCS	TEXTO-DOC	docs/MC89.10-PLANO.txt	173	lances	consolidar-lances    (POST)           ✗         ✓         ✓
DOCS	TEXTO-DOC	docs/MC89.10-PLANO.txt	174	lances	purge-lances         (POST)           ✗         ✓         ✓
DOCS	TEXTO-DOC	docs/MC89.13-DIAGNOSTICO.txt	44	lances	lances (Supabase):
DOCS	TEXTO-DOC	docs/MC89.13-DIAGNOSTICO.txt	45	lances	→ 0 linhas. Os lances vivem em Blobs (relâmpago) ou no contrato (programado).
DOCS	TEXTO-DOC	docs/MC89.13-DIAGNOSTICO.txt	64	Lances	❌ Lances: dispersos em Blobs + contrato — não consolidável em SQL
DOCS	TEXTO-DOC	docs/MC89.13-DIAGNOSTICO.txt	84	lances	- Os lances NÃO são consolidados (é um MC próprio — D3 do MC89.5).
DOCS	TEXTO-DOC	docs/MC89.13-PLANO.txt	144	lance	- comprar-senhas.mjs, lance-relampago.mjs, iniciar-pagamento.mjs
DOCS	TEXTO-DOC	docs/MC89.13-PLANO.txt	213	Lances	⚠️ Lances:      "Indisponível — os lances relâmpago estão em Netlify Blobs e
DOCS	TEXTO-DOC	docs/MC89.13-PLANO.txt	213	lances	⚠️ Lances:      "Indisponível — os lances relâmpago estão em Netlify Blobs e
DOCS	TEXTO-DOC	docs/MC89.13-RELATORIO.txt	8	lances	tabela `lances` do Supabase está vazia — os lances vivem em Blobs ou no contrato.
DOCS	TEXTO-DOC	docs/MC89.13-RELATORIO.txt	8	lances	tabela `lances` do Supabase está vazia — os lances vivem em Blobs ou no contrato.
DOCS	TEXTO-DOC	docs/MC89.13-RELATORIO.txt	14	lances	Não existe sistema de presença, não existe `usuarios_bloqueio`, e os lances não
DOCS	TEXTO-DOC	docs/MC89.17-PLANO.txt	9	lance	`marcarLidas(endereco)` — atualiza. Tipos: lance_unico, perdeu_exclusividade,
DOCS	TEXTO-DOC	docs/MC89.17-PLANO.txt	12	lances	(edições, lances, sistema) e devolve notificações agregadas. NÃO é emissão —
DOCS	TEXTO-DOC	docs/MC89.27-DIAGNOSTICO.txt	115	lance	• CONTRATO = ""  → leitura de saldo de senhas e envio de lance falham.
DOCS	TEXTO-DOC	docs/MC89.29-RELATORIO.txt	116	lance	Menor lance único vence · Art. 8 Modo: ⚡ R..."
DOCS	TEXTO-DOC	docs/MC89.32-DIAGNOSTICO.txt	135	lances	lances ............... 0
DOCS	TEXTO-DOC	docs/MC89.32-DIAGNOSTICO.txt	142	lances	❌ NÃO HÁ LISTAS LONGAS. Ver 4.2. Zero lances, sete cotas.
DOCS	TEXTO-DOC	docs/MC89.33-COMUM-DIAGNOSTICO.txt	33	Lance	478 ms   conteúdo do Dashboard ("Edição Ativa" / "Menor Lance")
DOCS	TEXTO-DOC	docs/MC89.33-COMUM-DIAGNOSTICO.txt	55	lances	6    200   lances-flash?edicaoId=R-1
DOCS	TEXTO-DOC	docs/MC89.33-COMUM-DIAGNOSTICO.txt	58	lances	3320    200   lances-flash
DOCS	TEXTO-DOC	docs/MC89.33-COMUM-DIAGNOSTICO.txt	88	lances	lances-flash    8× em 25 s   ≈ 3,3 s   ≈ 18 pedidos/min
DOCS	TEXTO-DOC	docs/MC89.33-COMUM-DIAGNOSTICO.txt	94	lances	3.1 — `lances-flash` a 3 s ESTÁ CORRETO E NÃO DEVE SER MEXIDO ÀS CEGAS.
DOCS	TEXTO-DOC	docs/MC89.33-COMUM-DIAGNOSTICO.txt	99	leilão	DESENHADO para o momento em que o produto acontece — um leilão ao vivo.
DOCS	TEXTO-DOC	docs/MC89.33-COMUM-DIAGNOSTICO.txt	111	lances	3.3 — `lances-flash` NÃO TEM RATE LIMIT NO SERVIDOR.
DOCS	TEXTO-DOC	docs/MC89.33-COMUM-DIAGNOSTICO.txt	112	lances	Os imports de netlify/functions/lances-flash.mjs são só blobs, validate e cors
DOCS	TEXTO-DOC	docs/MC89.33-COMUM-DIAGNOSTICO.txt	123	lances	Carteira       lances-flash, referral×2, analytics, saldo-rs
DOCS	TEXTO-DOC	docs/MC89.33-COMUM-DIAGNOSTICO.txt	147	lances	saldo-rs · notificacoes · cotas · auth-user · lances-flash · edicoes
DOCS	TEXTO-DOC	docs/MC89.33-COMUM-DIAGNOSTICO.txt	162	leilão	"Polling 3 s → 5 s"  ⚠️ VER §3.1 — os 3 s são o desenho correto com leilão a decorrer.
DOCS	TEXTO-DOC	docs/MC89.33-CORPORATIVO-DIAGNOSTICO.txt	26	lances	t=0     edicoes, analytics, lances-flash
DOCS	TEXTO-DOC	docs/MC89.33-CORPORATIVO-DIAGNOSTICO.txt	96	lances	(lances-flash 18 + saldo-rs 12 + notificacoes 6).
DOCS	TEXTO-DOC	docs/MC89.33-CORPORATIVO-DIAGNOSTICO.txt	98	lances	`lances-flash` vive no AppContext e NÃO depende da rota — continua a correr
DOCS	TEXTO-DOC	docs/MC89.33-CORPORATIVO-DIAGNOSTICO.txt	99	leilão	a 3 s para um lojista que nem sequer está a ver o leilão. Isto é gasto
DOCS	TEXTO-DOC	docs/MC89.33-CORPORATIVO-DIAGNOSTICO.txt	119	leilão	adicionais a arrancar a frio na primeira visita, e um polling de leilão que ele
DOCS	TEXTO-DOC	docs/MC89.33-PLANO.txt	72	LEILÃO	P0-4 — NÃO POLLAR O LEILÃO PARA QUEM NÃO O ESTÁ A VER   [corporativo]
DOCS	TEXTO-DOC	docs/MC89.33-PLANO.txt	74	lances	`lances-flash` corre a 3 s a partir do AppContext, INDEPENDENTE da rota. Um
DOCS	TEXTO-DOC	docs/MC89.33-PLANO.txt	75	leilão	lojista em /corporativo paga 18 pedidos/min de um leilão que não está a ver.
DOCS	TEXTO-DOC	docs/MC89.33-PLANO.txt	76	leilão	Proposto: condicionar o polling à rota/visibilidade do leilão.
DOCS	TEXTO-DOC	docs/MC89.33-PLANO.txt	78	leilão	A DECORRER): os 3 s são o desenho correto do MC88.31 para um leilão ao vivo, que
DOCS	TEXTO-DOC	docs/MC89.33-PLANO.txt	124	lances	P2 — RATE LIMIT EM FALTA NO `lances-flash`     [robustez, não performance]
DOCS	TEXTO-DOC	docs/MC89.33-PLANO.txt	126	lances	`netlify/functions/lances-flash.mjs` não importa `aplicarRateLimit`. É o
DOCS	TEXTO-DOC	docs/MC89.33-PLANO.txt	137	lances	Virtualização de listas ....... não há listas longas (0 lances, 7 cotas).
DOCS	TEXTO-DOC	docs/MC89.33-RELATORIO.txt	49	lances	lances-flash 18/min · saldo-rs 12/min · notificacoes 6/min
DOCS	TEXTO-DOC	docs/MC89.33-RELATORIO.txt	50	lances	· lances-flash a 3 s está CORRETO (verifiquei o prazo: edição a decorrer,
DOCS	TEXTO-DOC	docs/MC89.33-RELATORIO.txt	51	leilão	faltavam 23 min). É o desenho do MC88.31 para leilão ao vivo.
DOCS	TEXTO-DOC	docs/MC89.33-RELATORIO.txt	54	lances	· lances-flash não tem rate limit no servidor.
DOCS	TEXTO-DOC	docs/MC89.33-RELATORIO.txt	81	lances	· `lances-flash` continua a pollar a 3 s a partir do AppContext mesmo em
DOCS	TEXTO-DOC	docs/MC89.33-RELATORIO.txt	82	leilão	/corporativo: o lojista paga 18 pedidos/min de um leilão que não está a ver.
DOCS	TEXTO-DOC	docs/MC89.33-RELATORIO.txt	90	lances	Virtualização de listas ........ não há listas longas (0 lances, 7 cotas).
DOCS	TEXTO-DOC	docs/MC89.33-RELATORIO.txt	93	leilão	Polling 3 s → 5 s .............. recusado: 3 s é o desenho correto com leilão
DOCS	TEXTO-DOC	docs/MC89.33-RELATORIO.txt	107	leilão	P0-4  Não pollar o leilão para quem não o está a ver   [corporativo]
DOCS	TEXTO-DOC	docs/MC89.33-RELATORIO.txt	111	lances	P2    Rate limit em falta no lances-flash
DOCS	TEXTO-DOC	docs/MC89.35-PLANO.txt	13	leilão	pinta o Dashboard de leilão. O diagnóstico provou que essa afirmação é falsa
DOCS	TEXTO-DOC	docs/MC89.35-PLANO.txt	33	lances	KPIs de lances e o saldo de senhas de outro produto. Acrescenta uma camada
DOCS	TEXTO-DOC	docs/MC89.36-VALIDACAO.txt	17	Lances	DASHBOARD COMUM → texto "Lances Únicos" ou "Total de Lances" no DOM
DOCS	TEXTO-DOC	docs/MC89.36-VALIDACAO.txt	17	Lances	DASHBOARD COMUM → texto "Lances Únicos" ou "Total de Lances" no DOM
DOCS	TEXTO-DOC	docs/MC89.36-VALIDACAO.txt	22	Lances	texto "Lances Únicos" no DOM e confirmei que a sonda passou a acusar
DOCS	TEXTO-DOC	docs/MC89.42-DIAGNOSTICO.txt	59	Lances	Lances .................. ❌       ❌        tabela `lances` = 0 (é on-chain)
DOCS	TEXTO-DOC	docs/MC89.42-DIAGNOSTICO.txt	59	lances	Lances .................. ❌       ❌        tabela `lances` = 0 (é on-chain)
DOCS	TEXTO-DOC	docs/MC89.42-DIAGNOSTICO.txt	67	Lances	⇒ 8 de 10 cobertas de ponta a ponta. As lacunas são "Lances" e a profundidade
DOCS	TEXTO-DOC	docs/MC89.42-DIAGNOSTICO.txt	151	lances	lances ...........  0 (on-chain)   produtos .  0 (vivem em Blobs)
DOCS	TEXTO-DOC	docs/MC89.42-PLANO.txt	46	Lances	P2-A  Lances — ver §5, tem uma razão estrutural para ficar por último
DOCS	TEXTO-DOC	docs/MC89.42-PLANO.txt	69	lances	(b) ALARGAR A VISTA a mais fontes (lances on-chain, notificações).
DOCS	TEXTO-DOC	docs/MC89.42-PLANO.txt	135	LANCES	5. P2-A — LANCES: PORQUE FICA PARA O FIM
DOCS	TEXTO-DOC	docs/MC89.42-PLANO.txt	137	lances	A tabela `lances` tem 0 linhas: os lances vivem ON-CHAIN. Uma página de lances
DOCS	TEXTO-DOC	docs/MC89.42-PLANO.txt	137	lances	A tabela `lances` tem 0 linhas: os lances vivem ON-CHAIN. Uma página de lances
DOCS	TEXTO-DOC	docs/MC89.42-PLANO.txt	137	lances	A tabela `lances` tem 0 linhas: os lances vivem ON-CHAIN. Uma página de lances
DOCS	TEXTO-DOC	docs/MC89.42-PLANO.txt	144	lance	⇒ E "cancelar um lance" pode nem ser possível: se o lance está no contrato, o
DOCS	TEXTO-DOC	docs/MC89.42-PLANO.txt	144	lance	⇒ E "cancelar um lance" pode nem ser possível: se o lance está no contrato, o
DOCS	TEXTO-DOC	docs/MC89.42-PLANO.txt	164	lances	MC89.47+ Exportação, níveis de admin, e lances depois de §5 estar respondido.
DOCS	TEXTO-DOC	docs/MC89.42-PLANO.txt	171	lances	Em produção há 0 logs, 0 bloqueios, 0 notificações, 0 lances, 0 produtos e 7
DOCS	TEXTO-DOC	docs/MC89.42-PLANO.txt	189	lances	· Não desenha a página de lances — ver §5.
DOCS	TEXTO-DOC	docs/MC89.42-PLANO.txt	202	lance	3. §5: o contrato permite cancelar um lance? Sem isso não desenho a página.
DOCS	TEXTO-DOC	docs/MC89.42-RELATORIO.txt	86	lances	P2   Exportação · níveis de admin · lances
DOCS	TEXTO-DOC	docs/MC89.42-RELATORIO.txt	106	lances	0 lances, 0 produtos, e 7 "utilizadores" que são registos de teste.
DOCS	TEXTO-DOC	docs/MC89.42-RELATORIO.txt	129	lance	3. O contrato permite CANCELAR um lance? Sem essa resposta não desenho a página
DOCS	TEXTO-DOC	docs/MC89.42-RELATORIO.txt	130	lances	de lances: eles vivem on-chain, e há a regra de não carregar `ethers` no
DOCS	TEXTO-DOC	docs/MC89.47-BRANCHES-CANDIDATAS.txt	15	lances	chore/mc17.3.1.2.1-logs  docs/mc33-flip-done  docs/mc34-automacao  docs/mc56  feat/mc15.3-login  feat/mc15.4  feat/mc15.4.2  feat/mc15.4.3  feat/mc15.5.1  feat/mc15.6.1  
DOCS	TEXTO-DOC	docs/MC89.47-DEPENDABOT.txt	69	lance	fluxo de lance (login Privy → darLance → saldo) antes do merge.
DOCS	TEXTO-DOC	docs/MC89.47-DEPENDABOT.txt	69	Lance	fluxo de lance (login Privy → darLance → saldo) antes do merge.
DOCS	TEXTO-DOC	docs/MC89.47-RELATORIO.txt	43	lances	(admin-aprovacao, admin-list, banners, chatbot, consolidar-lances,
DOCS	TEXTO-DOC	docs/MC89.47-RELATORIO.txt	45	lances	purge-lances, renovacao-adesao, schedule, voucher, wallet, purge-logs)
DOCS	TEXTO-DOC	docs/MC89.48-DIAGNOSTICO-SUPABASE.txt	37	lances	lances ...................  0
DOCS	TEXTO-DOC	docs/MC89.48-EVIDENCIAS.txt	62	lances	FASE A (carga): 50/100/200/1500/2500 lances -> 0 erros, keys unicas,
DOCS	TEXTO-DOC	docs/MC89.49-POS-DEPLOY.txt	88	Leilao	recursos-app ......... 200  1,72s  {"plataforma":"pwa","isLeilaoAtivo":true,...}
DOCS	TEXTO-DOC	docs/MC89.5-ENDPOINTS.txt	72	lances	Saída : identificação, saldo R$, cotas, créditos, débitos, lances RELÂMPAGO
DOCS	TEXTO-DOC	docs/MC89.5-ENDPOINTS.txt	74	lances	⚠ NÃO inclui saldo de senhas (é on-chain) nem lances programados (on-chain).
DOCS	TEXTO-DOC	docs/MC89.5-FLUXOS.txt	111	lances	admin_top_utilizadores   "quem são os 5 com mais lances"    → vw_utilizadores
DOCS	TEXTO-DOC	docs/MC89.5-MAPA.txt	116	lances	lances                  on    0     ⚠️ VAZIA — ver ACHADO A-3
DOCS	TEXTO-DOC	docs/MC89.5-MAPA.txt	143	lances	lances(id uuid, edicao_id, endereco, hash_lance, valor_centavos, created_at,
DOCS	TEXTO-DOC	docs/MC89.5-MAPA.txt	143	lance	lances(id uuid, edicao_id, endereco, hash_lance, valor_centavos, created_at,
DOCS	TEXTO-DOC	docs/MC89.5-MAPA.txt	164	LANCES	bids:bid:{edicao}:{end}:{r}  LANCES (Key-Per-Bid, MC28.1) (bids-store.mjs:13)
DOCS	TEXTO-DOC	docs/MC89.5-MAPA.txt	193	lance	([[desafiogut-mc4931-lance-relampago]]). E passar o DIRETÓRIO em vez do glob
DOCS	TEXTO-DOC	docs/MC89.5-MAPA.txt	215	lances	e `lances` não têm coluna de e-mail nenhuma.
DOCS	TEXTO-DOC	docs/MC89.5-MAPA.txt	221	lances	A-3 — Os lances estão em DOIS sítios, e nenhum deles é a tabela `lances`.
DOCS	TEXTO-DOC	docs/MC89.5-MAPA.txt	221	lances	A-3 — Os lances estão em DOIS sítios, e nenhum deles é a tabela `lances`.
DOCS	TEXTO-DOC	docs/MC89.5-MAPA.txt	222	lances	Evidência: Supabase `lances` = 0 linhas. `bids-store.mjs` (Blobs, Key-Per-Bid)
DOCS	TEXTO-DOC	docs/MC89.5-MAPA.txt	223	lances	é usado por consolidar-lances.mjs e data-store-blobs.mjs. `lance-relampago.mjs`
DOCS	TEXTO-DOC	docs/MC89.5-MAPA.txt	223	lance	é usado por consolidar-lances.mjs e data-store-blobs.mjs. `lance-relampago.mjs`
DOCS	TEXTO-DOC	docs/MC89.5-MAPA.txt	224	Lance	usa addLance() → data-store → backend configurado. O lance PROGRAMADO nem
DOCS	TEXTO-DOC	docs/MC89.5-MAPA.txt	224	lance	usa addLance() → data-store → backend configurado. O lance PROGRAMADO nem
DOCS	TEXTO-DOC	docs/MC89.5-MAPA.txt	225	Lance	passa pelo backend: vai direto ao contrato (darLance) e só é visto por eventos.
DOCS	TEXTO-DOC	docs/MC89.5-MAPA.txt	226	lances	Consequência: "histórico de lances do utilizador" (Tela 2) não é uma consulta —
DOCS	TEXTO-DOC	docs/MC89.5-PLANO.txt	130	lances	mostra "—" e a tela explica porquê (A-2); lances programados declarados como
DOCS	TEXTO-DOC	docs/MC89.5-RELATORIO.txt	23	lances	admins, sessões, log de decisões, aprovações com PII, e os próprios lances.
DOCS	TEXTO-DOC	docs/MC89.5-RELATORIO.txt	64	lances	log-decisoes, notificacoes, bids (lances), schedule, system-state.
DOCS	TEXTO-DOC	docs/MC89.5-RELATORIO.txt	80	lances	A-3  Os lances estão em dois sítios, e nenhum é a tabela `lances` (0 linhas):
DOCS	TEXTO-DOC	docs/MC89.5-RELATORIO.txt	80	lances	A-3  Os lances estão em dois sítios, e nenhum é a tabela `lances` (0 linhas):
DOCS	TEXTO-DOC	docs/MC89.5-RELATORIO.txt	82	lances	⇒ "histórico de lances" não é uma consulta; são três fontes (D3).
DOCS	TEXTO-DOC	docs/MC89.5-TABELAS.txt	65	lances	lances_n              int   ⚠ conta SÓ os lances relâmpago em Postgres
DOCS	TEXTO-DOC	docs/MC89.5-TABELAS.txt	65	lances	lances_n              int   ⚠ conta SÓ os lances relâmpago em Postgres
DOCS	TEXTO-DOC	docs/MC89.5-TABELAS.txt	74	lances	lances.endereco
DOCS	TEXTO-DOC	docs/MC89.5-TABELAS.txt	90	lances	idx_lances_endereco              btree (endereco)
DOCS	TEXTO-DOC	docs/MC89.5-TABELAS.txt	100	lance	quebrar um lance — está certo.
DOCS	TEXTO-DOC	docs/MC89.5-TABELAS.txt	161	lance	lance-relampago, iniciar-pagamento). Sem isso, "bloquear" é decorativo.
DOCS	TEXTO-DOC	docs/MC89.5-TABELAS.txt	258	lances	saldo_rs_debitos, lances ou fila_tarefas — exceto para ACRESCENTAR índices.
DOCS	TEXTO-DOC	docs/MC89.5-TELAS.txt	63	lance	crédito, lance ou cota alterada na janela. Computável, honesto, e responde à
DOCS	TEXTO-DOC	docs/MC89.5-TELAS.txt	114	lances	saldo_rs_creditos.payload->>'endereco' e lances.endereco, com agregados
DOCS	TEXTO-DOC	docs/MC89.5-TELAS.txt	179	lance	endpoints de dinheiro (comprar-senhas, lance-relampago, iniciar-pagamento).
DOCS	TEXTO-DOC	docs/MC89.5-TELAS.txt	197	lances	Histórico de lances       ⚠ TRÊS FONTES (achado A-3):
DOCS	TEXTO-DOC	docs/MC89.5-TELAS.txt	198	lances	· relâmpago → Supabase `lances` (0 linhas hoje)
DOCS	TEXTO-DOC	docs/MC89.5-TELAS.txt	201	lances	D3 — PROPOSTA: a Fase 2 mostra os lances RELÂMPAGO (via data-store, que já
DOCS	TEXTO-DOC	docs/MC89.5-TELAS.txt	202	lances	abstrai os dois backends) e escreve no ecrã, à vista, que os lances programados
DOCS	TEXTO-DOC	docs/MC89.5-TELAS.txt	268	lances	sessões, o log e os lances vivem lá. Uma leitura de sonda
DOCS	TEXTO-DOC	docs/MC89.50-POS-MERGE.txt	94	Leilao	linha  81  "### LeilaoGUT — Ethereum MAINNET (ativo)"
DOCS	TEXTO-DOC	docs/MC89.50-POS-MERGE.txt	96	Lance	linha 214  "enviarLance() → darLance(...) on-chain MAINNET"
DOCS	TEXTO-DOC	docs/MC89.50-POS-MERGE.txt	96	Lance	linha 214  "enviarLance() → darLance(...) on-chain MAINNET"
DOCS	TEXTO-DOC	docs/MC89.8-DIAGNOSTICO.txt	30	lances	- **Nenhum dado pessoal** (saldo, senhas, lances) visível
DOCS	TEXTO-DOC	docs/MC89.8-DIAGNOSTICO.txt	35	lances	⚠️ **ACHADO 1**: o texto menciona "Saldo de senhas", "lances", "e-mail" e
DOCS	TEXTO-DOC	docs/MC89.8-DIAGNOSTICO.txt	37	lances	tela VAI fazer, não mostram dados reais. Mas a palavras "saldo" e "lances"
DOCS	TEXTO-DOC	docs/MC89.8-DIAGNOSTICO.txt	106	Lances	A varredura por padrões encontrou `temSenhas: true` e `temLances: true` no texto
DOCS	TEXTO-DOC	docs/MC89.8-DIAGNOSTICO.txt	134	lances	3. **Texto "saldo de senhas" / "lances" nos placeholders** — falso positivo visual.
DOCS	TEXTO-DOC	docs/MC89.8-RELATORIO.txt	16	lances	de senhas" e "lances" — não são dados reais, mas ativam uma varredura textual
DOCS	TEXTO-DOC	docs/MC89.8-RELATORIO.txt	47	lances	E os placeholders EmConstrucao contêm as palavras "saldo", "senhas" e "lances"
DOCS	TEXTO-DOC	docs/MC89.8-RELATORIO.txt	49	Lances	de CDP confirmou: `temSenhas: true, temLances: true` no texto do painel,
DOCS	TEXTO-DOC	docs/MC89.9-RELATORIO.txt	20	lances	- Palavras "saldo", "senhas" e "lances" removidas dos textos:
DOCS	TEXTO-DOC	docs/MC89.9-RELATORIO.txt	23	lances	- "Histórico de lances" → "Histórico de operações"
DOCS	TEXTO-DOC	docs/MC89.9-RELATORIO.txt	29	Lances	- Scan de texto: `temSaldo: false, temSenhas: false, temLances: false`
DOCS	TEXTO-DOC	docs/MC90.2-CHECKLIST-CONFORMIDADE.txt	40	Lances	MercadoLances).
DOCS	TEXTO-DOC	docs/MC90.2-CLOSED-TESTING-GUIDE.txt	57	leilão	- Idealmente pessoas do perfil do público: participantes de leilão,
DOCS	TEXTO-DOC	docs/MC90.2-CLOSED-TESTING-GUIDE.txt	65	leilão	- Comunidades locais (grupos de leilão, dropshipping, finanças).
DOCS	TEXTO-DOC	docs/MC90.2-CLOSED-TESTING-GUIDE.txt	85	leilão	3. Visualização do leilão ativo (edição "R-1"): contagem regressiva, lista de
DOCS	TEXTO-DOC	docs/MC90.2-CLOSED-TESTING-GUIDE.txt	86	lances	lances, regra do menor lance único (Art. VIII).
DOCS	TEXTO-DOC	docs/MC90.2-CLOSED-TESTING-GUIDE.txt	86	lance	lances, regra do menor lance único (Art. VIII).
DOCS	TEXTO-DOC	docs/MC90.2-CLOSED-TESTING-GUIDE.txt	87	lance	4. Lançamento de lance: fluxo normal (formulário -> hash Argon2id ->
DOCS	TEXTO-DOC	docs/MC90.2-CLOSED-TESTING-GUIDE.txt	102	lances	atividade_utilizadores, lances etc.) — evidência para o requisito de
DOCS	TEXTO-DOC	docs/MC90.2-DATA-SAFETY-RASCUNHO.txt	58	lances	É essencial para o funcionamento do app? SIM (conta e lances).
DOCS	TEXTO-DOC	docs/MC90.2-DATA-SAFETY-RASCUNHO.txt	105	leilões	- Interações no app — SIM (navegação, visualização de leilões)
DOCS	TEXTO-DOC	docs/MC90.2-DATA-SAFETY-RASCUNHO.txt	108	lances	- Outro conteúdo gerado pelo usuário — SIM (lances com hash Argon2id,
DOCS	TEXTO-DOC	docs/MC90.2-DATA-SAFETY-RASCUNHO.txt	109	lances	histórico de lances, atividade registada em atividade_utilizadores)
DOCS	TEXTO-DOC	docs/MC90.2-DATA-SAFETY-RASCUNHO.txt	111	lances	Compartilhado? SIM — Supabase (armazenamento) e, para os lances, de forma
DOCS	TEXTO-DOC	docs/MC90.2-DATA-SAFETY-RASCUNHO.txt	113	leilões	Essencial? PARCIAL — a navegação básica não exige; participar em leilões
DOCS	TEXTO-DOC	docs/MC90.2-DATA-SAFETY-RASCUNHO.txt	114	lances	exige o registo de lances (declarar como "opcional" para interações, mas a
DOCS	TEXTO-DOC	docs/MC90.2-DATA-SAFETY-RASCUNHO.txt	115	lances	declaração oficial é feita por subcategoria: lances = essencial).
DOCS	TEXTO-DOC	docs/MC90.2-DATA-SAFETY-RASCUNHO.txt	117	lances	Eliminação? SIM (delete-account apaga lances e atividade_utilizadores;
DOCS	TEXTO-DOC	docs/MC90.2-DATA-SAFETY-RASCUNHO.txt	166	lances	- Atividade no app: SIM (Supabase; blockchain para lances).
DOCS	TEXTO-DOC	docs/MC90.2-DATA-SAFETY-RASCUNHO.txt	186	lances	- O app processa transações on-chain (lances em Ethereum mainnet) via carteira
DOCS	TEXTO-DOC	docs/MC90.2-ELIMINACAO-CONTAS.txt	35	lances	- Supabase por endereco: lances, lojistas, atividade_utilizadores (MC89.43)
DOCS	TEXTO-DOC	docs/MC90.2-ELIMINACAO-CONTAS.txt	37	lance	- Blobs por valor: lance-idem
DOCS	TEXTO-DOC	docs/MC90.2-GAP-ANALYSIS.txt	21	Lances	pages/Seguranca.jsx, pages/MercadoLances.jsx).
DOCS	TEXTO-DOC	docs/MC90.2-GAP-ANALYSIS.txt	66	lances	mecanismo interno de assinatura de lances; a compra é em R$ via PIX.
DOCS	TEXTO-DOC	docs/MC90.2-POLITICA-PRIVACIDADE-TEXTO.txt	14	Lances	pages/Seguranca.jsx, pages/MercadoLances.jsx) e registar a URL no campo
DOCS	TEXTO-DOC	docs/MC90.2-POLITICA-PRIVACIDADE-TEXTO.txt	39	leilão	O DesafioGUT é uma plataforma de leilão de "menor lance único": os utilizadores
DOCS	TEXTO-DOC	docs/MC90.2-POLITICA-PRIVACIDADE-TEXTO.txt	39	lance	O DesafioGUT é uma plataforma de leilão de "menor lance único": os utilizadores
DOCS	TEXTO-DOC	docs/MC90.2-POLITICA-PRIVACIDADE-TEXTO.txt	40	leilões	participam em leilões, lançam lances e podem adquirir produtos/senhas mediante
DOCS	TEXTO-DOC	docs/MC90.2-POLITICA-PRIVACIDADE-TEXTO.txt	40	lances	participam em leilões, lançam lances e podem adquirir produtos/senhas mediante
DOCS	TEXTO-DOC	docs/MC90.2-POLITICA-PRIVACIDADE-TEXTO.txt	51	lances	transações on-chain (lances) e prestação do serviço.
DOCS	TEXTO-DOC	docs/MC90.2-POLITICA-PRIVACIDADE-TEXTO.txt	65	lances	3.3. Atividade no app (interações, lances, histórico)
DOCS	TEXTO-DOC	docs/MC90.2-POLITICA-PRIVACIDADE-TEXTO.txt	66	lances	- Registos de interações: lances (com hash Argon2id off-chain de prova de
DOCS	TEXTO-DOC	docs/MC90.2-POLITICA-PRIVACIDADE-TEXTO.txt	72	leilões	para participar em leilões. Base legal: execução do contrato e interesse
DOCS	TEXTO-DOC	docs/MC90.2-POLITICA-PRIVACIDADE-TEXTO.txt	82	lances	- Os lances são registados no smart contract LeilaoGUT na rede Ethereum
DOCS	TEXTO-DOC	docs/MC90.2-POLITICA-PRIVACIDADE-TEXTO.txt	82	Leilao	- Os lances são registados no smart contract LeilaoGUT na rede Ethereum
DOCS	TEXTO-DOC	docs/MC90.2-POLITICA-PRIVACIDADE-TEXTO.txt	85	leilão	- Finalidade: funcionamento do leilão (pipeline de lance 100% on-chain).
DOCS	TEXTO-DOC	docs/MC90.2-POLITICA-PRIVACIDADE-TEXTO.txt	85	lance	- Finalidade: funcionamento do leilão (pipeline de lance 100% on-chain).
DOCS	TEXTO-DOC	docs/MC90.2-POLITICA-PRIVACIDADE-TEXTO.txt	115	lances	| Supabase (supabase.com) | Base de dados e armazenamento | Dados de conta, lances, histórico, atividade, saldos |
DOCS	TEXTO-DOC	docs/MC90.2-POLITICA-PRIVACIDADE-TEXTO.txt	116	lances	| Netlify (netlify.com) | Backend serverless (funções) | Dados transitórios necessários às funções (ex.: processamento de pagamento e lances) |
DOCS	TEXTO-DOC	docs/MC90.2-POLITICA-PRIVACIDADE-TEXTO.txt	161	lances	(atividade_utilizadores), lances, saldos, histórico e ficheiros associados à
DOCS	TEXTO-DOC	docs/MC90.2-REQUISITOS-2026.txt	214	lances	Privy, transações on-chain (lances) e pagamentos PIX. A política exige conta
DOCS	TEXTO-DOC	docs/MC90.2-REQUISITOS-2026.txt	240	lances	Console (pagamentos PIX via Mercado Pago + lances on-chain). Sem custo; só
DOCS	TEXTO-DOC	docs/MC90.3-LEVANTAMENTO.txt	70	Lances	- pages/MercadoLances.jsx:317
DOCS	TEXTO-DOC	docs/MC90.3-RELATORIO.txt	21	Lances	(TermosConsentimento, Seguranca, MercadoLances) — o GAP 1 fica eliminado
DOCS	TEXTO-DOC	docs/MC90.3-RELATORIO.txt	60	Lances	7. EDIT  src/pages/MercadoLances.jsx      — link footer iubenda 404 ->
DOCS	TEXTO-DOC	docs/MC90.3-VALIDACAO.txt	48	Lances	- pages/MercadoLances.jsx (footer "Privacidade")
DOCS	TEXTO-DOC	docs/MC90.4-CRIAR-APP-DADOS.txt	31	lances	on-chain (lances na Ethereum mainnet via embedded wallet Privy). A
DOCS	TEXTO-DOC	docs/MC90.4-CRIAR-APP-DADOS.txt	43	leilão	Sugestões com base no conteúdo real do app (leilão + compras + chat/social):
DOCS	TEXTO-DOC	docs/MC90.4-CRIAR-APP-DADOS.txt	46	lances	partilhar lances/público? — na prática NÃO há upload de ficheiros; os
DOCS	TEXTO-DOC	docs/MC90.4-CRIAR-APP-DADOS.txt	47	lances	lances são valores numéricos. Responder "Não" a upload/partilha de
DOCS	TEXTO-DOC	docs/MC90.4-CRIAR-APP-DADOS.txt	55	leilão	e) Violência, sexo, linguagem, jogos de azar: NÃO. O app é um leilão
DOCS	TEXTO-DOC	docs/MC90.4-CRIAR-APP-DADOS.txt	56	lance	regulamentado (menor lance único) — NÃO é jogo de azar; sem conteúdo
DOCS	TEXTO-DOC	docs/MC90.4-CRIAR-APP-DADOS.txt	99	leilão	- O questionário IARC deve refletir que NÃO há jogo de azar (o leilão de
DOCS	TEXTO-DOC	docs/MC90.4-CRIAR-APP-DADOS.txt	100	lance	menor lance único é regido por regulamento próprio e não é sorteio).
DOCS	TEXTO-DOC	docs/MC90.4-DATA-SAFETY-FINAL.txt	80	lances	Apps instalados (Não), Outro conteúdo gerado pelo usuário (Sim — lances
DOCS	TEXTO-DOC	docs/MC90.4-DATA-SAFETY-FINAL.txt	83	lances	Compartilhado: SIM — Supabase; lances também de forma pseudónima na
DOCS	TEXTO-DOC	docs/MC90.4-DATA-SAFETY-FINAL.txt	85	lances	Essencial: PARCIAL (lances: sim; interações de navegação: opcional —
DOCS	TEXTO-DOC	docs/MC90.4-DATA-SAFETY-FINAL.txt	87	lances	essencial para lances e opcional para o resto, conforme subcategoria).
DOCS	TEXTO-DOC	docs/MC90.4-DATA-SAFETY-FINAL.txt	88	lances	Criptografado: SIM. Eliminação: SIM (delete-account apaga lances e
DOCS	TEXTO-DOC	docs/MC90.4-DATA-SAFETY-FINAL.txt	126	lances	(autenticação, lances, pagamentos PIX e segurança). Nenhum dado é vendido
DOCS	TEXTO-DOC	docs/MC90.4-FICHA-LOJA.txt	12	Leilão	Leilão de menor lance único com pagamentos PIX e lances na blockchain.
DOCS	TEXTO-DOC	docs/MC90.4-FICHA-LOJA.txt	12	lance	Leilão de menor lance único com pagamentos PIX e lances na blockchain.
DOCS	TEXTO-DOC	docs/MC90.4-FICHA-LOJA.txt	12	lances	Leilão de menor lance único com pagamentos PIX e lances na blockchain.
DOCS	TEXTO-DOC	docs/MC90.4-FICHA-LOJA.txt	19	leilão	DesafioGUT é uma plataforma de leilão onde o MENOR lance único ganha: a
DOCS	TEXTO-DOC	docs/MC90.4-FICHA-LOJA.txt	19	lance	DesafioGUT é uma plataforma de leilão onde o MENOR lance único ganha: a
DOCS	TEXTO-DOC	docs/MC90.4-FICHA-LOJA.txt	20	lance	cada lance, o valor que aparece uma única vez é o vencedor (Art. VIII do
DOCS	TEXTO-DOC	docs/MC90.4-FICHA-LOJA.txt	25	leilão	- Participe do leilão ativo e lance valores em centavos.
DOCS	TEXTO-DOC	docs/MC90.4-FICHA-LOJA.txt	25	lance	- Participe do leilão ativo e lance valores em centavos.
DOCS	TEXTO-DOC	docs/MC90.4-FICHA-LOJA.txt	26	lance	- O menor lance único (que aparece exatamente uma vez) vence o item.
DOCS	TEXTO-DOC	docs/MC90.4-FICHA-LOJA.txt	33	Lances	- Lances registados no smart contract LeilaoGUT na Ethereum mainnet —
DOCS	TEXTO-DOC	docs/MC90.4-FICHA-LOJA.txt	33	Leilao	- Lances registados no smart contract LeilaoGUT na Ethereum mainnet —
DOCS	TEXTO-DOC	docs/MC90.4-FICHA-LOJA.txt	56	lance	+ logo GUTO + tagline "O menor lance único ganha"). Ação do operador
DOCS	TEXTO-DOC	docs/MC90.4-FICHA-LOJA.txt	62	Leilão	Tela 1: Home / Leilão ativo (contagem regressiva + tabela de lances)
DOCS	TEXTO-DOC	docs/MC90.4-FICHA-LOJA.txt	62	lances	Tela 1: Home / Leilão ativo (contagem regressiva + tabela de lances)
DOCS	TEXTO-DOC	docs/MC90.4-FICHA-LOJA.txt	64	lance	Tela 3: Lançamento de lance (formulário + confirmação)
DOCS	TEXTO-DOC	docs/MC90.4-FICHA-LOJA.txt	82	leilão	- Target audience: maiores de 18 anos (público-alvo de leilão/compras) —
DOCS	TEXTO-DOC	docs/MC90.4-FICHA-LOJA.txt	100	Leilão	• Leilão de menor lance único com pipeline 100% on-chain (Ethereum mainnet).
DOCS	TEXTO-DOC	docs/MC90.4-FICHA-LOJA.txt	100	lance	• Leilão de menor lance único com pipeline 100% on-chain (Ethereum mainnet).
DOCS	TEXTO-DOC	docs/MC90.4-FICHA-LOJA.txt	110	leilão	- Tags (opcionais, máx. 5): leilão, blockchain, lances, web3, pix
DOCS	TEXTO-DOC	docs/MC90.4-FICHA-LOJA.txt	110	lances	- Tags (opcionais, máx. 5): leilão, blockchain, lances, web3, pix
DOCS	TEXTO-DOC	docs/MC91.10-DIAGNOSTICO.txt	6	lances	OBJETIVO: validar o fluxo PIX -> senhas -> lances programados + carteira ->
DOCS	TEXTO-DOC	docs/MC91.10-DIAGNOSTICO.txt	7	lances	lances relampago (menor lance unico). Este documento registra o reconhecimento
DOCS	TEXTO-DOC	docs/MC91.10-DIAGNOSTICO.txt	7	lance	lances relampago (menor lance unico). Este documento registra o reconhecimento
DOCS	TEXTO-DOC	docs/MC91.10-DIAGNOSTICO.txt	22	lances	- lances-flash (GET, publico): oculta valores ate consolidar (blindagem MC28.1);
DOCS	TEXTO-DOC	docs/MC91.10-DIAGNOSTICO.txt	23	lances	R-1 com 0 lances no momento.
DOCS	TEXTO-DOC	docs/MC91.10-DIAGNOSTICO.txt	37	lance	-> comprar-senhas (POST; JWT lance-auth; {endereco, qtd}): debita R$ 2,00 x
DOCS	TEXTO-DOC	docs/MC91.10-DIAGNOSTICO.txt	39	Leilao	gas) -> saldoSenhas[usuario] += qtd (contrato LeilaoGUT mainnet
DOCS	TEXTO-DOC	docs/MC91.10-DIAGNOSTICO.txt	44	LANCES	B) LANCES (fluxo real em producao — mainnet):
DOCS	TEXTO-DOC	docs/MC91.10-DIAGNOSTICO.txt	45	Lance	CardLance.jsx: em MAINNET, TANTO "flash" QUANTO "programado" usam o MESMO
DOCS	TEXTO-DOC	docs/MC91.10-DIAGNOSTICO.txt	46	lance	ramo -> POST /lance-relampago (JWT lance-auth via /auth-lance, assinatura
DOCS	TEXTO-DOC	docs/MC91.10-DIAGNOSTICO.txt	46	lance	ramo -> POST /lance-relampago (JWT lance-auth via /auth-lance, assinatura
DOCS	TEXTO-DOC	docs/MC91.10-DIAGNOSTICO.txt	46	lance	ramo -> POST /lance-relampago (JWT lance-auth via /auth-lance, assinatura
DOCS	TEXTO-DOC	docs/MC91.10-DIAGNOSTICO.txt	50	Lance	- mainnet: comprometerLance on-chain (coordenacao assina; so o HASH do
DOCS	TEXTO-DOC	docs/MC91.10-DIAGNOSTICO.txt	53	lances	-> Fecho: consolidar-lances (admin): apura MENOR LANCE UNICO off-chain
DOCS	TEXTO-DOC	docs/MC91.10-DIAGNOSTICO.txt	53	LANCE	-> Fecho: consolidar-lances (admin): apura MENOR LANCE UNICO off-chain
DOCS	TEXTO-DOC	docs/MC91.10-DIAGNOSTICO.txt	57	lances	C) SENHAS ON-CHAIN: NENHUMA function de producao CONSOME saldoSenhas em lances.
DOCS	TEXTO-DOC	docs/MC91.10-DIAGNOSTICO.txt	58	Lance	darLance(idEdicao, valor) (que consome 1 senha) e chamado pelo frontend SO
DOCS	TEXTO-DOC	docs/MC91.10-DIAGNOSTICO.txt	59	lance	no caminho legado (Sepolia/localhost, MAINNET=false). Em mainnet o lance
DOCS	TEXTO-DOC	docs/MC91.10-DIAGNOSTICO.txt	69	lance	2) MC assume "lance programado consome 1 senha"; em mainnet o lance (programado
DOCS	TEXTO-DOC	docs/MC91.10-DIAGNOSTICO.txt	69	lance	2) MC assume "lance programado consome 1 senha"; em mainnet o lance (programado
DOCS	TEXTO-DOC	docs/MC91.10-DIAGNOSTICO.txt	71	lance	de senhas por lance e legado (Sepolia).
DOCS	TEXTO-DOC	docs/MC91.10-DIAGNOSTICO.txt	93	lances	- Custo do fluxo completo (1 compra + 2 lances + fecho opcional, 4 txs):
DOCS	TEXTO-DOC	docs/MC91.10-DIAGNOSTICO.txt	96	lances	carteira do usuario (deposito), usado depois em comprar-senhas/lances.
DOCS	TEXTO-DOC	docs/MC91.10-DIAGNOSTICO.txt	123	lance	S2 (lance programado): PENDENTE — sem edicao programada ativa + exige gas.
DOCS	TEXTO-DOC	docs/MC91.10-DIAGNOSTICO.txt	125	lance	S3 (lance relampago, menor lance unico): PENDENTE — exige saldo R$ e gas.
DOCS	TEXTO-DOC	docs/MC91.10-DIAGNOSTICO.txt	125	lance	S3 (lance relampago, menor lance unico): PENDENTE — exige saldo R$ e gas.
DOCS	TEXTO-DOC	docs/MC91.11-DIAGNOSTICO.txt	6	lance	CONTEXTO: o MC91.10 (diagnostico) identificou que em MAINNET o lance em edicao
DOCS	TEXTO-DOC	docs/MC91.11-DIAGNOSTICO.txt	7	lance	programada debita saldo R$ (via lance-relampago) em vez de consumir senha, e a
DOCS	TEXTO-DOC	docs/MC91.11-DIAGNOSTICO.txt	14	Lance	- components/CardLance.jsx  — formulario de lance (usado por pages/Dashboard.jsx
DOCS	TEXTO-DOC	docs/MC91.11-DIAGNOSTICO.txt	14	lance	- components/CardLance.jsx  — formulario de lance (usado por pages/Dashboard.jsx
DOCS	TEXTO-DOC	docs/MC91.11-DIAGNOSTICO.txt	15	Lances	e pages/MercadoLances.jsx com prop tipoLeilao="flash"|"programado").
DOCS	TEXTO-DOC	docs/MC91.11-DIAGNOSTICO.txt	15	Leilao	e pages/MercadoLances.jsx com prop tipoLeilao="flash"|"programado").
DOCS	COMENTARIO	docs/MC91.11-DIAGNOSTICO.txt	16	Leilao	* Linha 83: isProgramado = tipoLeilao === "programado".
DOCS	TEXTO-DOC	docs/MC91.11-DIAGNOSTICO.txt	21	lance	POST /lance-relampago (backend blindado). O ramo "darLance on-chain"
DOCS	TEXTO-DOC	docs/MC91.11-DIAGNOSTICO.txt	21	Lance	POST /lance-relampago (backend blindado). O ramo "darLance on-chain"
DOCS	TEXTO-DOC	docs/MC91.11-DIAGNOSTICO.txt	22	Lance	(linhas 212-232: hash Argon2id -> assinar -> enviarLance/darLance) so roda
DOCS	TEXTO-DOC	docs/MC91.11-DIAGNOSTICO.txt	22	Lance	(linhas 212-232: hash Argon2id -> assinar -> enviarLance/darLance) so roda
DOCS	COMENTARIO	docs/MC91.11-DIAGNOSTICO.txt	26	Lance	* Linha 378: hint "Lance programado consome 1 senha on-chain (Art. 20:
DOCS	TEXTO-DOC	docs/MC91.11-DIAGNOSTICO.txt	32	lance	auth-lance (JWT) -> POST /comprar-senhas (qtd; R$ 2,00/senha) -> adicionarSenhas
DOCS	TEXTO-DOC	docs/MC91.11-DIAGNOSTICO.txt	37	lance	- lance-relampago.mjs — UNICO endpoint de lance usado em mainnet.
DOCS	TEXTO-DOC	docs/MC91.11-DIAGNOSTICO.txt	37	lance	- lance-relampago.mjs — UNICO endpoint de lance usado em mainnet.
DOCS	COMENTARIO	docs/MC91.11-DIAGNOSTICO.txt	40	Lance	* Passo 7 (linha 176): mainnet -> comprometerLanceOnchain (hash blindado,
DOCS	TEXTO-DOC	docs/MC91.11-DIAGNOSTICO.txt	41	Lance	coordenacao assina) + addLance (data-store: blob/Supabase, key-per-bid).
DOCS	TEXTO-DOC	docs/MC91.11-DIAGNOSTICO.txt	46	lances	- consolidar-lances.mjs — fecho admin: apura MENOR LANCE UNICO off-chain
DOCS	TEXTO-DOC	docs/MC91.11-DIAGNOSTICO.txt	46	LANCE	- consolidar-lances.mjs — fecho admin: apura MENOR LANCE UNICO off-chain
DOCS	TEXTO-DOC	docs/MC91.11-DIAGNOSTICO.txt	53	lances	correcao abaixo para o consumo de senhas em lances programados.
DOCS	TEXTO-DOC	docs/MC91.11-DIAGNOSTICO.txt	57	Leilao	CONTRATO (contracts/Leilao.sol, mainnet 0x0052477A8CA81BCAF4a60e21e635F9e00a5d16cd):
DOCS	TEXTO-DOC	docs/MC91.11-DIAGNOSTICO.txt	59	Lance	- darLance(idEdicao, valor) — UNICA funcao que CONSOME senha
DOCS	TEXTO-DOC	docs/MC91.11-DIAGNOSTICO.txt	60	lance	(saldoSenhas[msg.sender]--), mas registra o lance em CLARO e usa msg.sender
DOCS	TEXTO-DOC	docs/MC91.11-DIAGNOSTICO.txt	62	Lance	- comprometerLance/consolidarResultado — fluxo blindado (anti-bot MC28.1).
DOCS	TEXTO-DOC	docs/MC91.11-DIAGNOSTICO.txt	65	Lance	2. RESTRICAO DE DESIGN (por que nao "darLance" na mainnet)
DOCS	TEXTO-DOC	docs/MC91.11-DIAGNOSTICO.txt	67	Lance	- Consumir a senha on-chain exige darLance com msg.sender = usuario. O backend
DOCS	TEXTO-DOC	docs/MC91.11-DIAGNOSTICO.txt	69	lance	Privy wallet. Expor o valor do lance em claro (darLance) tambem anularia a
DOCS	TEXTO-DOC	docs/MC91.11-DIAGNOSTICO.txt	69	Lance	Privy wallet. Expor o valor do lance em claro (darLance) tambem anularia a
DOCS	TEXTO-DOC	docs/MC91.11-DIAGNOSTICO.txt	74	lances	DECISAO: consumo de senha em lances programados = GATE ON-CHAIN (saldoSenhas
DOCS	TEXTO-DOC	docs/MC91.11-DIAGNOSTICO.txt	85	lance	- lance-relampago.mjs: derivar tipo da edicao (buscarEdicao); se "programado":
DOCS	COMENTARIO	docs/MC91.11-DIAGNOSTICO.txt	90	Lance	* manter blindagem (comprometerLance + addLance) identica ao flash;
DOCS	COMENTARIO	docs/MC91.11-DIAGNOSTICO.txt	90	Lance	* manter blindagem (comprometerLance + addLance) identica ao flash;
DOCS	TEXTO-DOC	docs/MC91.11-DIAGNOSTICO.txt	97	Lance	- components/CardLance.jsx:
DOCS	TEXTO-DOC	docs/MC91.11-DIAGNOSTICO.txt	101	lance	useTrocarPorSenhas(qtd=1) antes do lance; se saldo R$ < 200 -> mensagem
DOCS	COMENTARIO	docs/MC91.11-DIAGNOSTICO.txt	104	lance	* flash: INTOCADO (consumo R$, menor lance unico ja no fecho).
DOCS	TEXTO-DOC	docs/MC91.11-DIAGNOSTICO.txt	122	lances	- O saldo on-chain NAO decresce com lances programados (ledger off-chain
DOCS	TEXTO-DOC	docs/MC91.11-DIAGNOSTICO.txt	126	Lance	- darLance direto no contrato (bypass do app) continua possivel e consome a
DOCS	TEXTO-DOC	docs/MC91.11-DIAGNOSTICO.txt	128	lances	- O fecho de edicoes programadas em mainnet deve usar consolidar-lances
DOCS	TEXTO-DOC	docs/MC91.11-DIAGNOSTICO.txt	129	lance	(admin), que apura o menor lance unico (mesmo do flash).
DOCS	TEXTO-DOC	docs/MC91.11-RELATORIO.txt	8	LANCE	- LANCE PROGRAMADO -> consome SENHA (1 por lance; Art. 20: R$ 2,00/senha).
DOCS	TEXTO-DOC	docs/MC91.11-RELATORIO.txt	8	lance	- LANCE PROGRAMADO -> consome SENHA (1 por lance; Art. 20: R$ 2,00/senha).
DOCS	TEXTO-DOC	docs/MC91.11-RELATORIO.txt	11	LANCE	- LANCE RELAMPAGO -> consome SALDO R$ (menor lance unico no fecho,
DOCS	TEXTO-DOC	docs/MC91.11-RELATORIO.txt	11	lance	- LANCE RELAMPAGO -> consome SALDO R$ (menor lance unico no fecho,
DOCS	TEXTO-DOC	docs/MC91.11-RELATORIO.txt	12	lances	consolidar-lances — ja implementado, inalterado).
DOCS	TEXTO-DOC	docs/MC91.11-RELATORIO.txt	20	Lance	- src/components/CardLance.jsx — conversao automatica R$->senha (programado
DOCS	TEXTO-DOC	docs/MC91.11-RELATORIO.txt	26	lance	- lance-relampago.mjs — modo programado: gate lerSaldoSenhas >= 1, sem
DOCS	TEXTO-DOC	docs/MC91.11-RELATORIO.txt	27	Lance	debito R$, consumo no ledger, blindagem (comprometerLance + addLance)
DOCS	TEXTO-DOC	docs/MC91.11-RELATORIO.txt	27	Lance	debito R$, consumo no ledger, blindagem (comprometerLance + addLance)
DOCS	TEXTO-DOC	docs/MC91.11-RELATORIO.txt	49	lance	/lance-relampago 401 (token exigido).
DOCS	TEXTO-DOC	docs/MC91.11-RELATORIO.txt	55	lance	operador — R2); lance programado (requer edicao PROG-1 criada por admin
DOCS	TEXTO-DOC	docs/MC91.11-RELATORIO.txt	56	lance	— hoje so R-1 relampago existe); lance relampago; conferir saldos.
DOCS	TEXTO-DOC	docs/MC91.11-RELATORIO.txt	64	lances	PIX -> saldo R$ -> /comprar-senhas -> senhas on-chain -> lances
DOCS	TEXTO-DOC	docs/MC91.11-RELATORIO.txt	65	lances	programados consomem 1 senha; carteira (saldo R$) -> lances relampago
DOCS	TEXTO-DOC	docs/MC91.11-RELATORIO.txt	66	lance	(menor lance unico). Testes 398+7 verdes; deploy em producao validado.
DOCS	TEXTO-DOC	docs/MC91.11-TESTES.txt	20	lance	- consumo: 1 lance = 1 senha, persiste entre chamadas (ultimoLance.edicaoId)
DOCS	TEXTO-DOC	docs/MC91.11-TESTES.txt	20	Lance	- consumo: 1 lance = 1 senha, persiste entre chamadas (ultimoLance.edicaoId)
DOCS	TEXTO-DOC	docs/MC91.11-TESTES.txt	21	lance	- teto: consumidas >= saldo on-chain -> recusa (3o lance com saldo 2)
DOCS	TEXTO-DOC	docs/MC91.11-TESTES.txt	28	Lance	- lint: npx eslint CardLance.jsx AppContext.jsx -> 0 erros (5 warnings
DOCS	COMENTARIO	docs/MC91.11-VALIDACAO-APARELHO.txt	26	lance	* /lance-relampago (ATUALIZADO): 401 sem token ✓
DOCS	TEXTO-DOC	docs/MC91.11-VALIDACAO-APARELHO.txt	33	lances	5. VALIDACAO NO APARELHO (fluxo PIX -> R$ -> senhas -> lances) — PENDENTE
DOCS	TEXTO-DOC	docs/MC91.11-VALIDACAO-APARELHO.txt	39	lance	-> senha on-chain -> lance programado (consome senha) -> lance relampago
DOCS	TEXTO-DOC	docs/MC91.11-VALIDACAO-APARELHO.txt	39	lance	-> senha on-chain -> lance programado (consome senha) -> lance relampago
DOCS	TEXTO-DOC	docs/MC91.12-RELATORIO.txt	12	lance	-> senhas on-chain -> lance PROGRAMADO consome 1 senha (ledger com teto
DOCS	TEXTO-DOC	docs/MC91.12-RELATORIO.txt	13	lance	on-chain) | lance RELAMPAGO consome saldo R$ (menor lance unico no
DOCS	TEXTO-DOC	docs/MC91.12-RELATORIO.txt	13	lance	on-chain) | lance RELAMPAGO consome saldo R$ (menor lance unico no
DOCS	TEXTO-DOC	docs/MC91.12-RELATORIO.txt	24	lance	- lance-relampago (CORRIGIDO MC91.11): deriva o tipo da edicao
DOCS	TEXTO-DOC	docs/MC91.12-RELATORIO.txt	27	Lance	R$, mantendo a blindagem (comprometerLance + addLance/key-per-bid);
DOCS	TEXTO-DOC	docs/MC91.12-RELATORIO.txt	27	Lance	R$, mantendo a blindagem (comprometerLance + addLance/key-per-bid);
DOCS	TEXTO-DOC	docs/MC91.12-RELATORIO.txt	33	lances	- consolidar-lances: apura MENOR LANCE UNICO off-chain (apurarMenorUnico)
DOCS	TEXTO-DOC	docs/MC91.12-RELATORIO.txt	33	LANCE	- consolidar-lances: apura MENOR LANCE UNICO off-chain (apurarMenorUnico)
DOCS	TEXTO-DOC	docs/MC91.12-RELATORIO.txt	35	Lance	- UI (CardLance): programado nao bloqueia por senha se houver R$ p/
DOCS	TEXTO-DOC	docs/MC91.12-RELATORIO.txt	46	LANCE	- LANCE PROGRAMADO (correcao): mc9111-programado (7 testes: gate, teto,
DOCS	TEXTO-DOC	docs/MC91.12-RELATORIO.txt	47	lance	persistencia, isolamento, teto dinamico) + mc9112-integracao-lance
DOCS	TEXTO-DOC	docs/MC91.12-RELATORIO.txt	51	LANCE	- LANCE RELAMPAGO: mc361-saldo-rs (debito CAS atomico), mc28-keyperbid
DOCS	TEXTO-DOC	docs/MC91.12-RELATORIO.txt	53	LANCE	- MENOR LANCE UNICO: apurarMenorUnico em mc28-seguranca e mc33-load.
DOCS	TEXTO-DOC	docs/MC91.12-RELATORIO.txt	60	Lances	200 com token (12/0/12); chunk MercadoLances do SITE live contem a
DOCS	TEXTO-DOC	docs/MC91.12-RELATORIO.txt	64	Lances	conteudo verificado: bundle mainnet + chunk MercadoLances com a correcao
DOCS	TEXTO-DOC	docs/MC91.12-RELATORIO.txt	76	Lance	c) Lance programado (consome 1 senha) e lance relampago na R-1 (consome
DOCS	TEXTO-DOC	docs/MC91.12-RELATORIO.txt	76	lance	c) Lance programado (consome 1 senha) e lance relampago na R-1 (consome
DOCS	TEXTO-DOC	docs/MC91.12-RELATORIO.txt	83	lance	consome R$ (menor lance unico). Testes 403/403 verdes (inclui 12 novos do
DOCS	TEXTO-DOC	docs/MC91.14-STATUS-BNB.txt	14	lance	Conferido em 3 RPCs publicos independentes (eth_getBalance, bloco latest):
DOCS	TEXTO-DOC	docs/MC91.14-STATUS-BNB.txt	55	lance	(eth_getBalance do endereco a cada 2h, alerta somente quando saldo > 0).
DOCS	TEXTO-DOC	docs/MC91.3-SALDO-CARTEIRA.txt	6	lance	1. SALDO DO TOKEN ETH (Binance-Peg, BEP-20) — balanceOf em "latest"
DOCS	TEXTO-DOC	docs/MC91.3-SALDO-CARTEIRA.txt	16	lance	- BNB nativo (eth_getBalance): 0x0 (esperado — carteira so recebeu o token)
DOCS	TEXTO-DOC	docs/MC91.3-SALDO-CARTEIRA.txt	19	lance	- ETH mainnet (ethereum-rpc.publicnode.com, eth_getBalance): 0x0
DOCS	TEXTO-DOC	docs/MC91.3-VERIFICACAO-TX.txt	42	lance	- eth_getBalance (BNB): 0xa902ec82ef0b13be98 wei = ~3.045 BNB
DOCS	TEXTO-DOC	docs/MC91.4-SALDO-BSC.txt	9	lance	RPC NodeReal (bsc-mainnet.nodereal.io), balanceOf latest:
DOCS	TEXTO-DOC	docs/MC91.4-SALDO-BSC.txt	13	lance	2. BNB (nativo, gas da BSC — eth_getBalance latest)
DOCS	TEXTO-DOC	docs/MC91.8-STATUS-BNB.txt	12	lance	- eth_getBalance (nativo BNB) em 3 RPCs publicos, mesmo bloco (latest):
DOCS	TEXTO-DOC	docs/MC91.8-STATUS-BNB.txt	28	lance	- balanceOf 0x2170Ed0880ac9A755fd29B2688956BD959F933F8 (ETH pegada Binance,
DOCS	TEXTO-DOC	docs/MC92.10-CRON-JOBS.txt	16	lances	Tarefa: GET /health (público), polling de PIX, consolidação de lances;
DOCS	TEXTO-DOC	docs/MC92.10-PREMIOS.txt	12	lance	1. Seleção do vencedor: critério definido pelo operador (menor lance único
DOCS	TEXTO-DOC	docs/MC92.5-DIAGNOSTICO.txt	31	leilao	- GUTO (mascote, martelo de leilao, medalhao Uniao e Trabalho): centro,
DOCS	TEXTO-DOC	docs/MC92.8-S0-BASELINE.txt	16	Leilao	- Contrato LeilaoGUT (mainnet): 0x0052477A8CA81BCAF4a60e21e635F9e00a5d16cd
DOCS	TEXTO-DOC	docs/MC92.9-RELATORIO.txt	7	Leilao	(relayer que paga o gas do LeilaoGUT
DOCS	TEXTO-DOC	docs/MC92.9-RELATORIO.txt	25	lance	RPCs consultados (eth_getBalance, bloco latest):
DOCS	TEXTO-DOC	docs/mfa-setup.md	16	lance	| **cliente** | **Obrigatório** para operações sensíveis | comprar-senhas, lance-relampago, voucher-resgatar, wallet POST |
DOCS	TEXTO-DOC	docs/mfa-setup.md	59	Lance	- **`_lib/jwt.mjs`** (modificado em MC7) — `assinarAdminAccess`, `assinarUserSession`, `assinarLanceAuth` aceitam param opcional `mfaVerified` que injeta `mfa_verified: t
DOCS	TEXTO-DOC	docs/mfa-setup.md	60	lance	- **5 endpoints integrados** (MC7) — admin-aprovacao, comprar-senhas, lance-relampago, wallet (POST), voucher (gerar + resgatar).
DOCS	TEXTO-DOC	docs/mfa-setup.md	77	Lance	JWT chega → caller valida (verificarLanceAuth, autenticarAdmin, etc.) → caller extrai payload
DOCS	COMENTARIO	docs/mfa-setup.md	104	lance	### 4.2 Em `/auth-user` e `/auth-lance`
DOCS	COMENTARIO	docs/mfa-setup.md	126	lance	curl -X POST https://app.desafiogut.com.br/.netlify/functions/lance-relampago \
DOCS	COMENTARIO	docs/mfa-setup.md	132	lance	# → log no Sentry: "[require-mfa:warn] lance-relampago sem MFA verificado"
DOCS	COMENTARIO	docs/plano-refatoracao-navegacao.md	30	Lances	**Mudança:** Cada SlotCard navega para `/mercado?categoria=diamante|ouro|prata|bronze` (query param). MercadoLances lê o param e:
DOCS	TEXTO-DOC	docs/plano-refatoracao-navegacao.md	32	Leilao	2. Força `setTipoLeilao("programado")` para Diamante/Ouro, `"flash"` para Prata/Bronze.
DOCS	COMENTARIO	docs/plano-refatoracao-navegacao.md	35	leilões	**Justificativa:** REQ-13 da spec ("4 slots simultâneos") ainda não está implementado no backend de leilões (só vitrine informativa). Sem o backend de cotas, o melhor que
DOCS	TEXTO-DOC	docs/plano-refatoracao-navegacao.md	43	Lances	- MercadoLances AuthArea ("⚡ Entrar" → padroniza)
DOCS	TEXTO-DOC	docs/plano-refatoracao-navegacao.md	45	lances	- MeusAtivos ("— Entrar para ver seus lances" → remove sufixo)
DOCS	COMENTARIO	docs/plano-refatoracao-navegacao.md	51	Lance	**Mudança:** adicionar `{ label: "Vitrine 4 Slots", icon: "🪟", to: "/vitrine" }` em `Dashboard.ATALHOS:21-28`. Posição: entre "Dar Lance" e "Meus Ativos" para destacar.
DOCS	TEXTO-DOC	docs/plano-refatoracao-navegacao.md	67	Lances	Padronizar para **"Mercado de Lances"** em Sidebar, BottomNav e Dashboard.ATALHOS. BottomNav usar "Mercado" se espaço for problema.
DOCS	TEXTO-DOC	docs/plano-refatoracao-navegacao.md	78	Lances	- MercadoLances:447-472
DOCS	TEXTO-DOC	docs/plano-refatoracao-navegacao.md	93	lance	MeusAtivos com `isConnected` + lista vazia → adicionar botão `<button onClick={() => navigate("/mercado")}>🎯 Dar primeiro lance</button>` abaixo do "📭 Nenhum lance enco
DOCS	TEXTO-DOC	docs/plano-refatoracao-navegacao.md	93	lance	MeusAtivos com `isConnected` + lista vazia → adicionar botão `<button onClick={() => navigate("/mercado")}>🎯 Dar primeiro lance</button>` abaixo do "📭 Nenhum lance enco
DOCS	TEXTO-DOC	docs/plano-refatoracao-navegacao.md	103	leilão	Auditar e adicionar `aria-label` em buttons com label visual ambíguo: "↻ Atualizar" (já tem), "🚪 Desconectar conta" (adicionar), filtros de MeusAtivos, toggle de tipo de
DOCS	TEXTO-DOC	docs/plano-refatoracao-navegacao.md	103	Lances	Auditar e adicionar `aria-label` em buttons com label visual ambíguo: "↻ Atualizar" (já tem), "🚪 Desconectar conta" (adicionar), filtros de MeusAtivos, toggle de tipo de
DOCS	TEXTO-DOC	docs/plano-refatoracao-navegacao.md	108	lances	`MeusAtivos.DesktopTable:244-292` adicionar `<caption className="sr-only">Histórico de lances da edição R-1</caption>` + `scope="col"` nos `<th>`.
DOCS	COMENTARIO	docs/plano-refatoracao-navegacao.md	130	Lances	### M-18 · Reduzir header duplicado em MercadoLances (I-18)
DOCS	TEXTO-DOC	docs/plano-refatoracao-navegacao.md	131	Lances	Em mobile, o header de MercadoLances duplica auth widget que já está no BottomNav. Remover ou condicionar.
DOCS	TEXTO-DOC	docs/plano-refatoracao-navegacao.md	155	Lances	2. **M-02 (Vitrine query param)** — aceito o design com `?categoria=` ou prefere outro? (alternativa: criar `/vitrine/:slot` que renderiza o mesmo MercadoLances intername
DOCS	TEXTO-DOC	docs/plano-refatoracao-navegacao.md	156	Lances	3. **M-08 (consolidar footers)** — você está OK em **remover** o footer próprio do MercadoLances? É o mais cheio dos 4 (Privacidade Iubenda + link grupo).
DOCS	TEXTO-DOC	docs/plano-refatoracao-navegacao.md	167	Lances	- `src/pages/MercadoLances.jsx` (M-02, M-08, M-12, M-18)
DOCS	COMENTARIO	docs/reference/contrato-leilao-abi.md	1	Leilao	# Referência — Contrato `LeilaoGUT`
DOCS	TEXTO-DOC	docs/reference/contrato-leilao-abi.md	7	Leilao	> **Arquivo fonte**: `desafio-gut/contracts/Leilao.sol`
DOCS	TEXTO-DOC	docs/reference/contrato-leilao-abi.md	16	LANCES	| `MAX_LANCES_UNICOS` | `10_000` | Limite de valores únicos por edição (proteção anti-DoS em `apurarVencedor`) |
DOCS	TEXTO-DOC	docs/reference/contrato-leilao-abi.md	46	lances	mapping(uint256 => address) lances;    // valor → último lance
DOCS	COMENTARIO	docs/reference/contrato-leilao-abi.md	46	lance	mapping(uint256 => address) lances;    // valor → último lance
DOCS	COMENTARIO	docs/reference/contrato-leilao-abi.md	47	lances	mapping(uint256 => uint256) contagem;  // valor → total de lances
DOCS	TEXTO-DOC	docs/reference/contrato-leilao-abi.md	55	lance	Saldo de senhas de cada endereço. Cada senha = 1 lance. Decrementado por `darLance`, incrementado por `adicionarSenhas`.
DOCS	TEXTO-DOC	docs/reference/contrato-leilao-abi.md	55	Lance	Saldo de senhas de cada endereço. Cada senha = 1 lance. Decrementado por `darLance`, incrementado por `adicionarSenhas`.
DOCS	COMENTARIO	docs/reference/contrato-leilao-abi.md	87	Lance	### `darLance`
DOCS	TEXTO-DOC	docs/reference/contrato-leilao-abi.md	89	Lance	function darLance(string memory idEdicao, uint256 valorEmCentavos) public
DOCS	TEXTO-DOC	docs/reference/contrato-leilao-abi.md	91	lance	Registra um lance na edição ativa. Consome 1 senha do `saldoSenhas[msg.sender]`.
DOCS	TEXTO-DOC	docs/reference/contrato-leilao-abi.md	94	lance	- `saldoSenhas[msg.sender] > 0` — sem senha, sem lance
DOCS	TEXTO-DOC	docs/reference/contrato-leilao-abi.md	98	LANCES	- Se valor novo: `listaDeValores.length < MAX_LANCES_UNICOS`
DOCS	COMENTARIO	docs/reference/contrato-leilao-abi.md	100	Lance	**Emite**: `LanceDado(idEdicao, lancador, valorEmCentavos, repetido, timestamp)`
DOCS	TEXTO-DOC	docs/reference/contrato-leilao-abi.md	120	leilão	Cria uma nova edição de leilão.
DOCS	COMENTARIO	docs/reference/contrato-leilao-abi.md	143	Lance	### `LanceDado`
DOCS	TEXTO-DOC	docs/reference/contrato-leilao-abi.md	145	Lance	event LanceDado(
DOCS	TEXTO-DOC	docs/reference/contrato-leilao-abi.md	153	lance	Emitido em cada lance. `repetido = true` quando o mesmo valor já havia sido registrado anteriormente.
DOCS	TEXTO-DOC	docs/reference/contrato-leilao-abi.md	179	LANCES	| H-01 | `MAX_LANCES_UNICOS = 10_000` — previne DoS no loop de `apurarVencedor` |
DOCS	TEXTO-DOC	docs/reference/contrato-leilao-abi.md	190	Lance	{ "type": "function", "name": "darLance",      "stateMutability": "nonpayable", "inputs": [{"name":"idEdicao","type":"string"},{"name":"valorEmCentavos","type":"uint256"}
DOCS	TEXTO-DOC	docs/reference/contrato-leilao-abi.md	197	Lance	{ "type": "event",    "name": "LanceDado",     "inputs": [{"name":"idEdicao","type":"string","indexed":false},{"name":"lancador","type":"address","indexed":true},{"name":
DOCS	COMENTARIO	docs/relatorio-limpeza-blobs.md	1	Lances	# Relatório — Limpeza de Lances Residuais (Netlify Blobs)
DOCS	COMENTARIO	docs/relatorio-limpeza-blobs.md	4	lances	**Commit:** `9dfda49` — `fix: endpoint purge-lances + gatilho de limpeza de Blobs antigos no reset v2`
DOCS	TEXTO-DOC	docs/relatorio-limpeza-blobs.md	9	lances	A tabela de lances da Edição R-1 continuava exibindo dados de testes antigos
DOCS	COMENTARIO	docs/relatorio-limpeza-blobs.md	13	lances	**Causa raiz:** os lances flash NÃO estão persistidos no `localStorage` — estão
DOCS	TEXTO-DOC	docs/relatorio-limpeza-blobs.md	14	lances	no **Netlify Blob `lances-relampago:R-1`** (server-side). O `AppContext`
DOCS	TEXTO-DOC	docs/relatorio-limpeza-blobs.md	15	lances	faz polling a cada 3 s em `GET /.netlify/functions/lances-flash?edicaoId=R-1`,
DOCS	TEXTO-DOC	docs/relatorio-limpeza-blobs.md	19	lance	Adicionalmente, o Blob `lance-idem:*` retinha 7 chaves de idempotência
DOCS	TEXTO-DOC	docs/relatorio-limpeza-blobs.md	20	lance	referentes à mesma edição (criadas por `lance-relampago.mjs` em testes
DOCS	TEXTO-DOC	docs/relatorio-limpeza-blobs.md	25	lances	1. **Novo endpoint `POST /.netlify/functions/purge-lances`**
DOCS	TEXTO-DOC	docs/relatorio-limpeza-blobs.md	26	lances	(`desafio-gut/frontend/netlify/functions/purge-lances.mjs`)
DOCS	TEXTO-DOC	docs/relatorio-limpeza-blobs.md	28	lances	- Deleta a chave `{edicaoId}` no store `lances-relampago`
DOCS	TEXTO-DOC	docs/relatorio-limpeza-blobs.md	29	lance	- Lista o store `lance-idem` e remove entradas cujo valor JSON referencia
DOCS	TEXTO-DOC	docs/relatorio-limpeza-blobs.md	32	lances	- Idempotente: retornar `{ ok:true, ..., lancesRemovido:false }` em chamadas
DOCS	TEXTO-DOC	docs/relatorio-limpeza-blobs.md	39	lances	dispara `fetch(POST /purge-lances, { edicaoId: "R-1" })` na mesma
DOCS	COMENTARIO	docs/relatorio-limpeza-blobs.md	51	lances	$ curl -X POST https://silly-stardust-ca71bc.netlify.app/.netlify/functions/purge-lances \
DOCS	TEXTO-DOC	docs/relatorio-limpeza-blobs.md	55	lances	{"ok":true,"purged":"R-1","lancesRemovido":true,"idemRemovidos":7}
DOCS	COMENTARIO	docs/relatorio-limpeza-blobs.md	62	lances	$ curl https://silly-stardust-ca71bc.netlify.app/.netlify/functions/lances-flash?edicaoId=R-1
DOCS	TEXTO-DOC	docs/relatorio-limpeza-blobs.md	64	lances	{"edicaoId":"R-1","lances":[]}
DOCS	TEXTO-DOC	docs/relatorio-limpeza-blobs.md	77	lances	- A **tabela de lances da Edição R-1 está VAZIA**
DOCS	TEXTO-DOC	docs/relatorio-limpeza-blobs.md	83	lances	- Na aba **Network**, o request `GET /.netlify/functions/lances-flash?edicaoId=R-1`
DOCS	TEXTO-DOC	docs/relatorio-limpeza-blobs.md	84	lances	retorna `{"edicaoId":"R-1","lances":[]}`
DOCS	TEXTO-DOC	docs/relatorio-limpeza-blobs.md	89	lances	ao `/purge-lances` (idempotente, então não há corrida entre devices), e
DOCS	TEXTO-DOC	docs/relatorio-ondas.md	118	leilão	- Cada SlotCard exibe categoria, cotas, valor contrato, valor mín. produto, benefícios e CTA "Participar do leilão →" que navega para `/mercado` (preservando o pipeline d
DOCS	TEXTO-DOC	docs/relatorio-ondas.md	118	lance	- Cada SlotCard exibe categoria, cotas, valor contrato, valor mín. produto, benefícios e CTA "Participar do leilão →" que navega para `/mercado` (preservando o pipeline d
DOCS	TEXTO-DOC	docs/relatorio-ondas.md	172	lance	| 1-2 | `src/entities/{edicao,lance}/index.js` | Constantes redundantes |
DOCS	TEXTO-DOC	docs/relatorio-ondas.md	173	lance	| 3-5 | `src/features/{auth,comprar-fichas,lance}/index.js` | Re-exports |
DOCS	TEXTO-DOC	docs/relatorio-ondas.md	216	lance	- Resgate exige JWT lance-auth para garantir titularidade do endereço resgatador.
DOCS	TEXTO-DOC	docs/stress-test.md	14	lance	| `/.netlify/functions/lance-relampago` | ❌ | Sem Netlify Functions — SPA pura |
DOCS	TEXTO-DOC	docs/stress-test.md	15	lances	| `/lances-flash` | ❌ | Rota React Router (frontend only, sem servidor) |
DOCS	COMENTARIO	docs/stress-test.md	233	Lance	## Cenário 3 — Blockchain Throughput: Limite teórico de `darLance` simultâneos
DOCS	TEXTO-DOC	docs/stress-test.md	243	Lance	darLance gas estimado: ~80.000 gas
DOCS	TEXTO-DOC	docs/stress-test.md	245	Lance	darLance por bloco: ~375 transações
DOCS	TEXTO-DOC	docs/stress-test.md	246	Lance	darLance por segundo: ~31 tx/s (teórico)
DOCS	TEXTO-DOC	docs/stress-test.md	249	Lance	Com 50 usuários simultâneos submetendo darLance:
DOCS	TEXTO-DOC	docs/stress-test.md	257	Lance	50 usuários submetem darLance("R-1", 42) simultaneamente
DOCS	TEXTO-DOC	docs/stress-test.md	263	Lances	- Lances duplicados são registrados com contagem > 1 (não ganham)
DOCS	TEXTO-DOC	docs/stress-test.md	272	lances	O `rateLimiter.js` implementa rate limiting no frontend (5 lances/min, cooldown 3s). Teste unitário:
DOCS	TEXTO-DOC	docs/stress-test.md	289	lance	throw new Error(`Aguarde ${Math.ceil((cooldownMs - (now - lastBidTime)) / 1000)}s antes do próximo lance`);
DOCS	TEXTO-DOC	docs/stress-test.md	297	lances	throw new Error('Limite de 5 lances por minuto atingido');
DOCS	TEXTO-DOC	docs/stress-test.md	314	lances	it('permite 5 lances dentro de 1 minuto (com cooldown)', () => {
DOCS	TEXTO-DOC	docs/stress-test.md	321	lance	it('bloqueia 6º lance no mesmo minuto', () => {
DOCS	TEXTO-DOC	docs/stress-test.md	327	lances	expect(() => limiter.verificarRateLimit()).toThrow('Limite de 5 lances por minuto');
DOCS	TEXTO-DOC	docs/stress-test.md	330	lance	it('bloqueia lance antes do cooldown de 3s', () => {
DOCS	COMENTARIO	docs/stress-test.md	331	lance	limiter.verificarRateLimit(); // primeiro lance
DOCS	TEXTO-DOC	docs/stress-test.md	336	lance	it('permite novo lance após 1 minuto (janela reset)', () => {
DOCS	TEXTO-DOC	docs/stress-test.md	356	lances	| **Rate Limiter** | 5 lances/min/usuário | Client-side ✅ | Adicionar validação server-side no futuro |
DOCS	TEXTO-DOC	docs/SUMARIO.md	11	Lance	| [01 — Seu Primeiro Lance](tutorials/01-primeiro-lance.md) | Do zero ao primeiro lance em ~10 minutos |
DOCS	TEXTO-DOC	docs/SUMARIO.md	11	lance	| [01 — Seu Primeiro Lance](tutorials/01-primeiro-lance.md) | Do zero ao primeiro lance em ~10 minutos |
DOCS	TEXTO-DOC	docs/SUMARIO.md	11	lance	| [01 — Seu Primeiro Lance](tutorials/01-primeiro-lance.md) | Do zero ao primeiro lance em ~10 minutos |
DOCS	TEXTO-DOC	docs/SUMARIO.md	27	Leilao	| [Contrato LeilaoGUT — ABI](reference/contrato-leilao-abi.md) | Funções, eventos, variáveis, ABI mínimo e mitigações de segurança |
DOCS	TEXTO-DOC	docs/SUMARIO.md	27	leilao	| [Contrato LeilaoGUT — ABI](reference/contrato-leilao-abi.md) | Funções, eventos, variáveis, ABI mínimo e mitigações de segurança |
DOCS	TEXTO-DOC	docs/SUMARIO.md	35	lance	| [Regras de Negócio](explanation/regras-de-negocio.md) | Menor lance único, hierarquia de tiers, tipos de leilão, fluxo de pagamento, Bônus Diamante |
DOCS	TEXTO-DOC	docs/SUMARIO.md	35	leilão	| [Regras de Negócio](explanation/regras-de-negocio.md) | Menor lance único, hierarquia de tiers, tipos de leilão, fluxo de pagamento, Bônus Diamante |
DOCS	TEXTO-DOC	docs/SUMARIO.md	44	Leilao	| [Auditoria do Contrato](auditoria-contrato.md) | Relatório de auditoria de segurança do `LeilaoGUT.sol` |
DOCS	TEXTO-DOC	docs/transferencia-ruan-local.txt	27	leilao	│   ├── screenshot-leilao.png
DOCS	TEXTO-DOC	docs/transferencia-ruan-local.txt	50	leilao	screenshot-leilao.png     — Lances/Meus Ativos (tabela de lances)
DOCS	TEXTO-DOC	docs/transferencia-ruan-local.txt	50	Lances	screenshot-leilao.png     — Lances/Meus Ativos (tabela de lances)
DOCS	TEXTO-DOC	docs/transferencia-ruan-local.txt	50	lances	screenshot-leilao.png     — Lances/Meus Ativos (tabela de lances)
DOCS	TEXTO-DOC	docs/transferencia-ruan-local.txt	52	Leilões	screenshot-relampago.png  — Leilões relâmpago (TV 60"/Fogão/Smartphone)
DOCS	COMENTARIO	docs/tutorials/01-primeiro-lance.md	1	Lance	# Tutorial: Seu Primeiro Lance no DesafioGUT
DOCS	TEXTO-DOC	docs/tutorials/01-primeiro-lance.md	3	lance	> **Objetivo**: Completar seu primeiro lance e entender como funciona o jogo.
DOCS	COMENTARIO	docs/tutorials/01-primeiro-lance.md	22	Lances	## Passo 4 — Acesse o Mercado de Lances
DOCS	TEXTO-DOC	docs/tutorials/01-primeiro-lance.md	24	Lances	Toque em **Lances** na barra inferior.
DOCS	COMENTARIO	docs/tutorials/01-primeiro-lance.md	27	lance	## Passo 5 — Digite seu lance
DOCS	TEXTO-DOC	docs/tutorials/01-primeiro-lance.md	30	Lance	Toque em **Confirmar Lance**.
DOCS	TEXTO-DOC	docs/tutorials/01-primeiro-lance.md	34	lance	Seu lance é registrado na blockchain Sepolia. Ao final do tempo:
DOCS	TEXTO-DOC	docs/tutorials/01-primeiro-lance.md	40	lances	→ [Como interpretar a tabela de lances](02-interpretar-tabela.md)
DOCS	TEXTO-DOC	docs/validacao-final.md	9	leilão	- `docs/chatbot/regulamento.md` — 237 linhas consolidadas a partir de `DESAFIOGUT-MASTER.md` e `ESPECIFICACAO-TECNICA-DEFINITIVA.md`: regras do leilão (Art. VIII menor ún
DOCS	TEXTO-DOC	docs/validacao-final.md	9	lance	- `docs/chatbot/regulamento.md` — 237 linhas consolidadas a partir de `DESAFIOGUT-MASTER.md` e `ESPECIFICACAO-TECNICA-DEFINITIVA.md`: regras do leilão (Art. VIII menor ún
DOCS	TEXTO-DOC	docs/validacao-final.md	107	Leilao	Crescimento por indicação com recompensa **on-chain** (+1 senha via `LeilaoGUT.adicionarSenhas`) ao indicador quando o indicado faz a primeira compra. Anti-fraude em 4 ca
DOCS	COMENTARIO	docs/validacao-final.md	201	Leilões	## Mega Comando 8 — IA Preditiva (Motor de Leilões Relâmpago Automáticos) (2026-05-18)
DOCS	TEXTO-DOC	docs/validacao-final.md	203	leilão	Inovação operacional: o motor lê eventos de engajamento coletados no frontend (pageview, click_botao_comprar, tempo_sessao, scroll), agrega janelas de 15 min comparando c
DOCS	TEXTO-DOC	docs/validacao-final.md	203	Leilao	Inovação operacional: o motor lê eventos de engajamento coletados no frontend (pageview, click_botao_comprar, tempo_sessao, scroll), agrega janelas de 15 min comparando c
DOCS	TEXTO-DOC	docs/validacao-final.md	303	lance	- Stores cobertos: 8 críticos (`audit`, `audit-admin`, `lance-idem`, `pedidos`, `webhook-mp`, `consent-log`, `admin-refresh`, `fingerprint`)
DOCS	TEXTO-DOC	docs/validacao-final.md	342	Lance	- **`_lib/jwt.mjs`** (modificado, additive): `assinarAdminAccess`, `assinarUserSession`, `assinarLanceAuth` agora aceitam param opcional `mfaVerified=false` que injeta cl
DOCS	TEXTO-DOC	docs/validacao-final.md	344	lance	- **5 endpoints integrados**: `admin-aprovacao`, `comprar-senhas`, `lance-relampago`, `wallet` (POST), `voucher` (gerar + resgatar). Endpoints que usavam `guardAdmin` for
DOCS	TEXTO-DOC	docs/validacao-final.md	416	lance	lance-relampago.mjs      → OK
DOCS	TEXTO-DOC	docs/validacao-final.md	456	Leilao	- `forge install foundry-rs/forge-std --no-commit` resolve dep do `tests/foundry/LeilaoGUT.t.sol` (forge-std não é commitado)
DOCS	TEXTO-DOC	docs/validacao-final.md	468	Leilao	- `crytic/echidna-action@v1` com `files: .`, `contract: LeilaoGUTFuzzing`, `config: echidna.yaml`
DOCS	TEXTO-DOC	docs/validacao-final.md	527	Leilao	- `desafio-gut/tests/fuzzing/LeilaoGUT.sol` — harness `LeilaoGUTFuzzing` que herda `LeilaoGUT`, pré-abre edição `R-FUZZ` e pré-credita 1000 senhas em 3 wallets do pool de
DOCS	TEXTO-DOC	docs/validacao-final.md	527	Leilao	- `desafio-gut/tests/fuzzing/LeilaoGUT.sol` — harness `LeilaoGUTFuzzing` que herda `LeilaoGUT`, pré-abre edição `R-FUZZ` e pré-credita 1000 senhas em 3 wallets do pool de
DOCS	TEXTO-DOC	docs/validacao-final.md	527	Leilao	- `desafio-gut/tests/fuzzing/LeilaoGUT.sol` — harness `LeilaoGUTFuzzing` que herda `LeilaoGUT`, pré-abre edição `R-FUZZ` e pré-credita 1000 senhas em 3 wallets do pool de
DOCS	TEXTO-DOC	docs/validacao-final.md	530	LANCES	2. `echidna_listaDeValores_limitada()` — `length <= MAX_LANCES_UNICOS` (10_000).
DOCS	TEXTO-DOC	docs/validacao-final.md	532	lance	4. `echidna_lance_consome_senha()` — conservação total via shadow accounting.
DOCS	TEXTO-DOC	docs/validacao-final.md	538	Leilao	$ grep -c "function echidna_" desafio-gut/tests/fuzzing/LeilaoGUT.sol
DOCS	TEXTO-DOC	docs/validacao-final.md	549	Leilao	echidna /code/desafio-gut/tests/fuzzing/LeilaoGUT.sol \
DOCS	COMENTARIO	docs/validacao-final.md	550	Leilao	--contract LeilaoGUTFuzzing --config /code/desafio-gut/echidna.yaml
DOCS	TEXTO-DOC	docs/validacao-final.md	555	Leilao	- `desafio-gut/tests/foundry/LeilaoGUT.t.sol` — 16 testes (briefing pedia ≥12):
DOCS	TEXTO-DOC	docs/validacao-final.md	557	Lance	- 4× gates de `darLance` (sem saldo, prazo expirado, valor 0, valor 1)
DOCS	TEXTO-DOC	docs/validacao-final.md	559	lances	- 1× limite anti-DoS (10_000 lances únicos)
DOCS	TEXTO-DOC	docs/validacao-final.md	565	Leilao	$ grep -c "function test_" desafio-gut/tests/foundry/LeilaoGUT.t.sol
DOCS	TEXTO-DOC	docs/validacao-final.md	587	Leilao	- Run Slither com auto-detect; fallback para `slither contracts/Leilao.sol` direto se o auto-detect tropeçar no Hardhat v3 ESM.
DOCS	TEXTO-DOC	docs/validacao-final.md	660	lances	- Integração em `auth-user.mjs`, `auth-admin.mjs` (login + refresh), `exportar-dados.mjs`, `rate-limiter.mjs` (>50/min vira alerta), `AppContext.jsx` (401/429 + burst de 
DOCS	TEXTO-DOC	docs/validacao-final.md	716	Lance	- ABI estendido em `netlify/functions/_lib/contract.mjs`: adicionado evento `LanceDado(string,address,uint256,bool,uint256)` (não havia no MC2; era só ABI de crédito).
DOCS	TEXTO-DOC	docs/validacao-final.md	717	Lance	- `_lib/contract.mjs` exporta `getLanceDadoEvents(fromBlock, toBlock)` + `getBlocoAtual()`.
DOCS	TEXTO-DOC	docs/validacao-final.md	719	lances	- `onchain_burst`: >5 lances do mesmo `lancador` na janela (≈30 min).
DOCS	TEXTO-DOC	docs/validacao-final.md	723	Lance	$ grep -n "LanceDado\|getLanceDadoEvents" netlify/functions/_lib/contract.mjs
DOCS	TEXTO-DOC	docs/validacao-final.md	723	Lance	$ grep -n "LanceDado\|getLanceDadoEvents" netlify/functions/_lib/contract.mjs
DOCS	TEXTO-DOC	docs/validacao-final.md	724	Lance	23:  "event LanceDado(string idEdicao, address indexed lancador, uint256 valorEmCentavos, bool repetido, uint256 timestamp)",
DOCS	TEXTO-DOC	docs/validacao-final.md	725	Lance	107: export async function getLanceDadoEvents(fromBlock, toBlock = "latest") { … }
DOCS	TEXTO-DOC	docs/validacao-final.md	743	lances	| `purge-logs.mjs` já existe | só `purge-lances.mjs` | criado novo, separado |
DOCS	TEXTO-DOC	docs/validacao-final.md	745	Lance	| Evento `LanceEfetuado` | contrato emite `LanceDado` | usado o nome real |
DOCS	TEXTO-DOC	docs/validacao-final.md	745	Lance	| Evento `LanceEfetuado` | contrato emite `LanceDado` | usado o nome real |
DOCS	TEXTO-DOC	docs/validacao-final.md	870	lance	cron-reset-programado.mjs                iniciar-pagamento.mjs lance-relampago.mjs
DOCS	TEXTO-DOC	docs/validacao-final.md	913	lance	- Aplicado em `comprar-senhas.mjs` e `lance-relampago.mjs` (exige cliente+)
DOCS	TEXTO-DOC	docs/validacao-final.md	1004	leilão	- **REQ-01** — banner do cliente no leilão ativo: `MercadoLances.jsx` busca primeira cota da categoria correspondente (Bronze/Prata para flash, Diamante/Ouro para program
DOCS	TEXTO-DOC	docs/validacao-final.md	1004	Lances	- **REQ-01** — banner do cliente no leilão ativo: `MercadoLances.jsx` busca primeira cota da categoria correspondente (Bronze/Prata para flash, Diamante/Ouro para program
DOCS	TEXTO-DOC	docs/validacao-final.md	1065	Lances	54:          <Route path="/mercado"    element={<MercadoLances />} />
DOCS	COMENTARIO	docs/validacao-final.md	1069	Lances	**Resultado:** `/mercado` (página `MercadoLances`) preservada intocada — produção; `/vitrine` lista 4 slots; `/vitrine/:slot` página de detalhe (Bloco 1, M-02). ✅
DOCS	COMENTARIO	docs/validacao-final.md	1070	lances	**Nota:** o checklist citou `/mercado-lances` — o nome real do path é `/mercado` (componente: `MercadoLances`). Verificado que segue intacto.
DOCS	COMENTARIO	docs/validacao-final.md	1070	Lances	**Nota:** o checklist citou `/mercado-lances` — o nome real do path é `/mercado` (componente: `MercadoLances`). Verificado que segue intacto.
DOCS	TEXTO-DOC	docs/validacao-final.md	1104	LANCES	$ grep -rnE "MOCK|LANCES_MOCK|gut_carteira_flash|gut_fichas_programadas|gut_lances_r1" src/
DOCS	TEXTO-DOC	docs/validacao-final.md	1104	lances	$ grep -rnE "MOCK|LANCES_MOCK|gut_carteira_flash|gut_fichas_programadas|gut_lances_r1" src/
DOCS	TEXTO-DOC	docs/validacao-final.md	1108	lances	src/context/AppContext.jsx:33:  "gut_lances_r1",
DOCS	TEXTO-DOC	docs/validacao-final.md	1150	leilões	| **REQ-01** | Plataforma híbrida: publicidade (banners) + leilões | ✅ | Banner do cliente da cota ativa aparece em `/mercado` (BannerCard acima do grid). Vitrine + Banne
DOCS	TEXTO-DOC	docs/validacao-final.md	1150	Leilões	| **REQ-01** | Plataforma híbrida: publicidade (banners) + leilões | ✅ | Banner do cliente da cota ativa aparece em `/mercado` (BannerCard acima do grid). Vitrine + Banne
DOCS	COMENTARIO	docs/validacao-final.md	1164	Leilão	### §3.1 — Tipos de Leilão
DOCS	TEXTO-DOC	docs/validacao-final.md	1169	lances	| **REQ-10** | Reset automático às 00:00 | ✅ | `cron-reset-programado.mjs` MVP off-chain: idempotência por data ISO no fuso config, apura vencedor a partir do snapshot, p
DOCS	TEXTO-DOC	docs/validacao-final.md	1171	Leilão	| **REQ-12** | Leilão Relâmpago em seção "Oportunidade Agora" | ✅ | `Vitrine.jsx:220` — `<h2>⚡ Oportunidade Agora</h2>` |
DOCS	TEXTO-DOC	docs/validacao-final.md	1237	leilões	- REQ-01 (publicidade + leilões) — leilões sim, banners não
DOCS	TEXTO-DOC	docs/validacao-final.md	1237	leilões	- REQ-01 (publicidade + leilões) — leilões sim, banners não
DOCS	TEXTO-DOC	cloud.md	12	leilão	DESAFIOGUT é uma plataforma de leilão de "menor lance único" (Art. VIII) com pipeline de
DOCS	TEXTO-DOC	cloud.md	12	lance	DESAFIOGUT é uma plataforma de leilão de "menor lance único" (Art. VIII) com pipeline de
DOCS	TEXTO-DOC	cloud.md	13	lance	lance **100% on-chain** (Sepolia testnet), autenticação sem barreira via **Privy** (Google/
DOCS	TEXTO-DOC	cloud.md	15	leilão	Há dois mundos: **participante** (leilão) e **corporativo/lojista** (cotas, banners, analytics).
DOCS	TEXTO-DOC	cloud.md	25	Leilao	| Blockchain | ethers v6 · contrato `LeilaoGUT` (Sepolia) |
DOCS	TEXTO-DOC	cloud.md	57	lance	- **Dono de:** fluxo de lance (CardLance + `web3.js`), idempotência, rate limit, assinatura
DOCS	TEXTO-DOC	cloud.md	57	Lance	- **Dono de:** fluxo de lance (CardLance + `web3.js`), idempotência, rate limit, assinatura
DOCS	TEXTO-DOC	cloud.md	59	Lance	- **Verdade do saldo:** SEMPRE on-chain (`getSaldoSenhasOnChain` + eventos `LanceDado`/
DOCS	TEXTO-DOC	cloud.md	84	lance	| **guto-notificacoes** | Eventos (lance único, venceu, perdeu exclusividade, sistema) como cards | `functions/notificacoes.mjs`, AppContext (`notificacoes`) |
DOCS	TEXTO-DOC	cloud.md	90	lance	| **lance** | Pipeline de lance flash/programado, Argon2id, EIP-191, idempotência | `components/CardLance.jsx`, `utils/web3.js`, `functions/lance-relampago.mjs`, `auth-la
DOCS	TEXTO-DOC	cloud.md	90	lance	| **lance** | Pipeline de lance flash/programado, Argon2id, EIP-191, idempotência | `components/CardLance.jsx`, `utils/web3.js`, `functions/lance-relampago.mjs`, `auth-la
DOCS	TEXTO-DOC	cloud.md	90	Lance	| **lance** | Pipeline de lance flash/programado, Argon2id, EIP-191, idempotência | `components/CardLance.jsx`, `utils/web3.js`, `functions/lance-relampago.mjs`, `auth-la
DOCS	TEXTO-DOC	cloud.md	90	lance	| **lance** | Pipeline de lance flash/programado, Argon2id, EIP-191, idempotência | `components/CardLance.jsx`, `utils/web3.js`, `functions/lance-relampago.mjs`, `auth-la
DOCS	TEXTO-DOC	cloud.md	90	lance	| **lance** | Pipeline de lance flash/programado, Argon2id, EIP-191, idempotência | `components/CardLance.jsx`, `utils/web3.js`, `functions/lance-relampago.mjs`, `auth-la
DOCS	TEXTO-DOC	cloud.md	113	Lance	│   ├── components/{CardLance,TabelaLances}.jsx
DOCS	TEXTO-DOC	cloud.md	113	Lances	│   ├── components/{CardLance,TabelaLances}.jsx
DOCS	TEXTO-DOC	cloud.md	123	lance	└── desafio-gut/frontend/  (raiz) netlify functions: chatbot, lance-relampago, cotas,
DOCS	TEXTO-DOC	cloud.md	125	lance	ia-preditiva(.scheduled), purge-logs(.scheduled), auth-lance; _lib/{jwt,rate-limiter,...}
DOCS	TEXTO-DOC	cloud.md	146	Leilao	(`crytic/echidna-action`, harness `tests/fuzzing/LeilaoGUT.sol`, config `desafio-gut/echidna.yaml`)
DOCS	TEXTO-DOC	cloud.md	147	LANCES	+ SBOM CycloneDX. 7 invariantes: conservação de senhas, `onlyCoordenacao`, `MAX_LANCES_UNICOS`,
DOCS	TEXTO-DOC	cloud.md	167	Lance	| FASE 2 — Nav Dock flutuante + Active Indicator + morph do "Dar Lance" | ✅ |
DOCS	TEXTO-DOC	cloud.md	171	Lances	| **MC21.1 FASE 2 — Vidro no visitante** (rodapé global + MercadoLances; Dashboard/Vitrine/SejaParceiro/Chatbot já compatíveis) | ✅ parcial |
DOCS	TEXTO-DOC	cloud.md	177	Lances	| **MC22.2 SecA** — Padronizar Lances: 4 painéis migrados de `rgba(255,255,255,0.03)` para `var(--glass-opacity)`; blur adicionado | ✅ |
DOCS	TEXTO-DOC	cloud.md	184	Leilao	| **MC23.I/D1** — Múltiplos `FimLeilaoOverlay` fullscreen empilhados quando >1 edição encerra junto (guards não coordenados: global `fimDisparadoRef` vs `fimDisparadoMapR
DOCS	TEXTO-DOC	cloud.md	187	lance	| ITEM 10 — Optimistic Updates no lance | ⏸️ **RISCO ADIADO** — ver §abaixo |
DOCS	TEXTO-DOC	cloud.md	190	Leilao	Quando >1 edição encerra em simultâneo, cada `FimLeilaoOverlay` é um modal fullscreen
DOCS	TEXTO-DOC	cloud.md	199	Lance	Decremento otimista do saldo na UI + rollback + reconciliação com `LanceDado`/`SenhasCreditadas`.
DOCS	TEXTO-DOC	cloud.md	249	Lances	- ✅ MCP chrome-devtools: 8 páginas inspecionadas (Dashboard, MercadoLances, Vitrine,
DOCS	TEXTO-DOC	cloud.md	272	Lances	4 cards KPI do Dashboard (Saldo, Senhas, Lances Únicos, Total de Lances):
DOCS	TEXTO-DOC	cloud.md	272	Lances	4 cards KPI do Dashboard (Saldo, Senhas, Lances Únicos, Total de Lances):
DOCS	TEXTO-DOC	cloud.md	299	Lances	CorporativoDashboard, DetalheProduto, MercadoLances, MinhaCarteira, Seguranca,
DOCS	TEXTO-DOC	cloud.md	305	Lances	- 4 cards KPI do Dashboard (Saldo, Senhas, Lances Únicos, Total de Lances) —
DOCS	TEXTO-DOC	cloud.md	305	Lances	- 4 cards KPI do Dashboard (Saldo, Senhas, Lances Únicos, Total de Lances) —
DOCS	TEXTO-DOC	cloud.md	309	lances	- Lógica de negócio (AppContext, lances, auth)
DOCS	TEXTO-DOC	cloud.md	326	Lances	- ✅ MCP chrome-devtools: Dashboard, MercadoLances, Vitrine, Configuracoes, MinhaCarteira,
DOCS	TEXTO-DOC	cloud.md	400	Lances	- ✅ Cross-page smoke test: Dashboard, MercadoLances, Carteira, Corporativo
DOCS	TEXTO-DOC	cloud.md	429	Leilao	via two-step do contrato (`iniciar`/`aceitarTransferenciaCoordenacao`) — `Leilao.sol` **não muda**.
DOCS	TEXTO-DOC	cloud.md	434	Leilao	- ✅ Zero alterações em `src/`, GUTO, Glass UI, fundo animado, `Leilao.sol`.
DOCS	TEXTO-DOC	cloud.md	479	Leilao	> Branch `feat/mc31`. Três tarefas de consolidação. `Leilao.sol` **não muda**;
DOCS	TEXTO-DOC	cloud.md	486	lances	- Consumidores atualizados (sem regressão no caminho biconomy): `consolidar-lances`,
DOCS	TEXTO-DOC	cloud.md	504	Lances	e painel da página crítica `MercadoLances` (MC28), `motion.section` com tint em
DOCS	TEXTO-DOC	cloud.md	513	Leilao	- ✅ Zero alterações em GUTO, Indique e Ganhe, edições, fluxo corporativo, `Leilao.sol`.
DOCS	TEXTO-DOC	cloud.md	532	Leilao	> `security_audit.md` §MC39.17.2. `Leilao.sol` **não muda**; nenhuma transação on-chain executada.
DOCS	TEXTO-DOC	cloud.md	544	lance	- **Brute-force (B-P1-4):** rate-limit + fail-counter em `auth-lance` (espelha `auth-user`).
DOCS	TEXTO-DOC	cloud.md	548	Lance	(cunha saldo), `comprometerLance` e `consolidarResultado`. **Mitigação obrigatória antes de valor real:**
DOCS	TEXTO-DOC	cloud.md	550	Leilao	1. **Deploy MC40** do `LeilaoGUT` em mainnet com `coordenacao = deployer` (EOA/Smart Account de deploy).
DOCS	TEXTO-DOC	cloud.md	561	Lance	`consolidarResultado` e desabilitar `darLance` (valor em claro) para edições reais em mainnet.
DOCS	TEXTO-DOC	cloud.md	574	Lances	- **Onda 5 — render:** `useMemo` na ordenação/apuração de `TabelaLances` (evita re-sort por tick do timer;
DOCS	TEXTO-DOC	cloud.md	576	lances	- **Onda 6 — Materialized Views:** migração `20260629_materialized_views.sql` (`mv_lances_por_edicao`,
DOCS	TEXTO-DOC	cloud.md	578	lances	relatório adotam via `getSupabaseReadOnly()` após aplicar. Particionamento deferido (transacoes N/A; lances
DOCS	TEXTO-DOC	cloud.md	635	lances	> (Upstash REST), Realtime (10k WS), índices compostos/parciais em `lances`. Implementação em
DOCS	TEXTO-DOC	cloud.md	655	Lances	demanda) — separa páginas pesadas (Dashboard, MercadoLances, Corporativo) do caminho crítico de entrada.
DOCS	TEXTO-DOC	cloud.md	681	leilão	- **PWA (versão Web):** experiência completa — leilão de menor lance único Web3.
DOCS	TEXTO-DOC	cloud.md	681	lance	- **PWA (versão Web):** experiência completa — leilão de menor lance único Web3.
DOCS	TEXTO-DOC	cloud.md	682	leilão	- **iOS / Android (app das lojas):** o leilão é DECLARADO como disponível na
DOCS	TEXTO-DOC	cloud.md	689	Lances	_lib/data-store.mjs          ← facade único (getConfig/setConfig/getLances/addLance)
DOCS	TEXTO-DOC	cloud.md	689	Lance	_lib/data-store.mjs          ← facade único (getConfig/setConfig/getLances/addLance)
DOCS	TEXTO-DOC	cloud.md	690	lances	├─ data-store-blobs.mjs    ← backend ATUAL (Netlify Blobs) — delega lances no
DOCS	TEXTO-DOC	cloud.md	702	Leilao	→ `{ plataforma, isLeilaoAtivo, isPagamentoNativoAtivo }`.
DOCS	TEXTO-DOC	cloud.md	707	leilão	leilão ativo (o utilizador real nunca é penalizado por falha de leitura).
DOCS	TEXTO-DOC	cloud.md	708	Leilao	- Defaults: `isLeilaoAtivo { ios:false, android:false, pwa:true }`,
DOCS	TEXTO-DOC	cloud.md	712	Lances	- `MercadoLances.jsx`: em modo loja, os componentes de leilão (CardLance,
DOCS	TEXTO-DOC	cloud.md	712	leilão	- `MercadoLances.jsx`: em modo loja, os componentes de leilão (CardLance,
DOCS	TEXTO-DOC	cloud.md	712	Lance	- `MercadoLances.jsx`: em modo loja, os componentes de leilão (CardLance,
DOCS	TEXTO-DOC	cloud.md	713	Lances	TabelaLances, timers, overlays) ficam DESMONTADOS; surge `MercadoConformidade`
DOCS	TEXTO-DOC	cloud.md	715	Lance	- `CardLance.jsx`: rede de segurança — skeleton em modo loja; o formulário
DOCS	TEXTO-DOC	cloud.md	718	leilão	leilão — informa que está na versão Web e ajuda com produtos/entregas/trocas.
DOCS	TEXTO-DOC	cloud.md	728	Leilao	chave          text    not null,                       -- ex: 'isLeilaoAtivo'
DOCS	COMENTARIO	cloud.md	738	lances	-- lances: migração futura dos Blobs Key-Per-Bid (MC28)
DOCS	TEXTO-DOC	cloud.md	739	lances	create table lances (
DOCS	TEXTO-DOC	cloud.md	749	lances	alter table lances enable row level security;
DOCS	COMENTARIO	cloud.md	758	leilão	-- utilizador estiver bloqueada, o leilão é tratado como inativo (conformidade).
DOCS	TEXTO-DOC	cloud.md	763	lance	- **Gambling não é só problema de loja:** "menor lance único" pode ser jogo
DOCS	TEXTO-DOC	cloud.md	765	leilão	de parecer jurídico próprio — tirar o leilão das lojas não resolve esse risco.
DOCS	TEXTO-DOC	cloud.md	782	lances	- `lances(id, edicao_id, endereco, hash_lance, valor_centavos, created_at, payload jsonb)`
DOCS	TEXTO-DOC	cloud.md	782	lance	- `lances(id, edicao_id, endereco, hash_lance, valor_centavos, created_at, payload jsonb)`
DOCS	TEXTO-DOC	cloud.md	785	lances	exclusiva do `service_role` em `lances`/`lojistas`/`config_remota`.
DOCS	TEXTO-DOC	cloud.md	789	lances	aninhado (`recursos_app`); `lances.payload` guarda o registro imutável completo
DOCS	TEXTO-DOC	cloud.md	790	lance	(espelha o Key-Per-Bid MC28 — nome/saldos/lanceId não cabem em colunas planas);
DOCS	TEXTO-DOC	cloud.md	791	lance	`hash_lance` passou a NULLable (caminho legado Sepolia/local não tem commitment).
DOCS	TEXTO-DOC	cloud.md	794	Lances	- Implementa a interface da fachada (`getConfig/setConfig/getLances/addLance`).
DOCS	TEXTO-DOC	cloud.md	794	Lance	- Implementa a interface da fachada (`getConfig/setConfig/getLances/addLance`).
DOCS	TEXTO-DOC	cloud.md	796	Lance	- `getConfig` → `config_remota.valor` (fail-soft → null); `addLance`/`getLances` →
DOCS	TEXTO-DOC	cloud.md	796	Lances	- `getConfig` → `config_remota.valor` (fail-soft → null); `addLance`/`getLances` →
DOCS	TEXTO-DOC	cloud.md	797	lances	`lances.payload` + colunas planas indexáveis; gera a key Key-Per-Bid (anti-colisão).
DOCS	TEXTO-DOC	cloud.md	801	lance	- `lance-relampago.mjs` (escrita mainnet KPB) → `dataStore.addLance`.
DOCS	TEXTO-DOC	cloud.md	801	Lance	- `lance-relampago.mjs` (escrita mainnet KPB) → `dataStore.addLance`.
DOCS	TEXTO-DOC	cloud.md	802	lances	- `consolidar-lances.mjs` (leitura) → `dataStore.getLances` (markers ficam no bids-store).
DOCS	TEXTO-DOC	cloud.md	802	Lances	- `consolidar-lances.mjs` (leitura) → `dataStore.getLances` (markers ficam no bids-store).
DOCS	TEXTO-DOC	cloud.md	805	lances	`lances-flash/purge-lances` (sem equivalente; não force-fit para não arriscar MC28).
DOCS	TEXTO-DOC	cloud.md	805	lances	`lances-flash/purge-lances` (sem equivalente; não force-fit para não arriscar MC28).
DOCS	TEXTO-DOC	cloud.md	834	lances	3. **Janela ENTRE edições** (sem lances em curso) — mitiga K2 (split-brain): com a
DOCS	TEXTO-DOC	cloud.md	835	lances	escrita exclusiva por backend (R11), lances feitos em Supabase não existem nos
DOCS	TEXTO-DOC	cloud.md	836	lances	Blobs; trocar a meio de uma edição deixaria lances órfãos.
DOCS	TEXTO-DOC	cloud.md	841	lance	3. Smoke: 1 lance real numa edição de teste → confirmar persistência + `getLances`
DOCS	TEXTO-DOC	cloud.md	841	Lances	3. Smoke: 1 lance real numa edição de teste → confirmar persistência + `getLances`
DOCS	TEXTO-DOC	cloud.md	848	lances	3. K2: se a janela NÃO foi entre edições, fazer backfill dos lances gravados no
DOCS	COMENTARIO	cloud.md	852	lances	**Critérios de sucesso / observação:** 0% erro nos lances; apuração idêntica à
DOCS	TEXTO-DOC	cloud.md	858	lances	> Decisão de escopo: realtime **apenas** de `config_remota`. `lances` ficam de fora
DOCS	TEXTO-DOC	cloud.md	860	lance	> realtime público quebraria o "menor lance único". `edicoes`/`notificacoes` não
DOCS	TEXTO-DOC	cloud.md	871	Leilao	(`{isLeilaoAtivo:{ios,android,pwa}, isPagamentoNativoAtivo:{...}}` = defaults atuais
DOCS	TEXTO-DOC	cloud.md	887	lance	> Fase 1: dados corporativos (cotas). saldo-rs/wallet (fluxo de dinheiro/lance) = MC36.1.
DOCS	TEXTO-DOC	cloud.md	914	Leilao	Validação em produção: `GET /` 200; `recursos-app?plataforma=pwa` → `isLeilaoAtivo:true`;
DOCS	TEXTO-DOC	cloud.md	929	lance	> fallback de leitura transitório). É o MC mais sensível: toca o **fluxo de lance**.
DOCS	TEXTO-DOC	cloud.md	938	lance	consumido por `lance-relampago`), `_lib/troco-senhas.mjs` (FIFO/expiração/`resumoTrocoAdmin`
DOCS	TEXTO-DOC	cloud.md	955	lance	`lance-relampago` → blindagem MC28 (Compromisso Cego on-chain via `comprometerLanceOnchain`);
DOCS	TEXTO-DOC	cloud.md	955	Lance	`lance-relampago` → blindagem MC28 (Compromisso Cego on-chain via `comprometerLanceOnchain`);
DOCS	TEXTO-DOC	cloud.md	956	lances	`consolidar-lances` → consolidação EIP-712 contra `CONTRATO_MAINNET` (Flashbots por
DOCS	TEXTO-DOC	cloud.md	960	lance	Account/KMS montado só na Sepolia (MC30.2.1) → quebraria o fluxo de lance real (R1). A ativação
DOCS	TEXTO-DOC	cloud.md	986	lances	health-probe `eth_blockNumber`/`eth_chainId`, nunca loga URLs). `consolidar-lances` usa
DOCS	TEXTO-DOC	cloud.md	995	Leilao	`FimLeilaoOverlay` full-screen → overlay ÚNICO ao nível da página (EDICAO_ATIVA); fim do
DOCS	TEXTO-DOC	cloud.md	997	lance	- **#6** sign message: `PrivyProvider.embeddedWallets.showWalletUIs=false` → login/lance sem
DOCS	TEXTO-DOC	cloud.md	1001	lances	"Limpar filtro"); abordagem (i) (a página exibe a grade, não lances).
DOCS	COMENTARIO	cloud.md	1228	lances	**B-P0-1 — `purge-lances.mjs` estava destrutivo SEM autenticação.** O endpoint apaga todos os
DOCS	TEXTO-DOC	cloud.md	1229	lances	lances da edição ativa (blob `lances-relampago` + entradas `lance-idem`) e qualquer pessoa na
DOCS	TEXTO-DOC	cloud.md	1229	lances	lances da edição ativa (blob `lances-relampago` + entradas `lance-idem`) e qualquer pessoa na
DOCS	TEXTO-DOC	cloud.md	1229	lance	lances da edição ativa (blob `lances-relampago` + entradas `lance-idem`) e qualquer pessoa na
DOCS	TEXTO-DOC	cloud.md	1230	leilão	internet podia chamá-lo (`POST {edicaoId}`) — sabotagem trivial de um leilão em curso.
DOCS	TEXTO-DOC	cloud.md	1233	lances	`consolidar-lances.mjs`. Agora só admin (Bearer admin-jwt ou `x-admin-token` legado) executa o purge.
DOCS	COMENTARIO	cloud.md	1244	lances	**Modelo de confiança (inalterado):** `purge-lances` agora compartilha a mesma porta admin de
DOCS	TEXTO-DOC	cloud.md	1245	lances	`consolidar-lances`/demais mutações sensíveis. Os 7 P1 da auditoria seguem em aberto para o pré-MC40.
DOCS	COMENTARIO	cloud.md	1302	leilao	**EX-7 — `src/lib/leilaoTimer.js`.** Extraídos os helpers PUROS de persistência do
DOCS	TEXTO-DOC	cloud.md	1313	Lance	(saldo-rs, CorporativoAnalytics), e o núcleo fora de escopo (CardLance lance on-chain,
DOCS	TEXTO-DOC	cloud.md	1313	lance	(saldo-rs, CorporativoAnalytics), e o núcleo fora de escopo (CardLance lance on-chain,
DOCS	TEXTO-DOC	cloud.md	1320	lances	`edicoes`/`lances-flash`/`chatbot`; console só ruído pré-existente). Relatório:
DOCS	COMENTARIO	cloud.md	1336	Lance	**Núcleo crítico NÃO tocado** (objetivo #4; exige gate de runtime/smoke login): CardLance (lance),
DOCS	COMENTARIO	cloud.md	1336	lance	**Núcleo crítico NÃO tocado** (objetivo #4; exige gate de runtime/smoke login): CardLance (lance),
DOCS	TEXTO-DOC	cloud.md	1337	lances	ComprarFichasModal (pagamento), auth-user, purge-lances, auth-admin lifecycle + `chamarAdmin`, mutações
DOCS	TEXTO-DOC	cloud.md	1377	Leilao	- **`plans/001-mc40-mainnet-deploy.md`** (P1) — deploy do `LeilaoGUT` em mainnet + two-step transfer da
DOCS	TEXTO-DOC	cloud.md	1378	Leilao	coordenação p/ Smart Account (KMS). Aterrado em `Leilao.sol:130-140` (two-step), `hardhat.config.js`
DOCS	TEXTO-DOC	cloud.md	1379	Leilao	(só sepolia → add mainnet), Ignition `LeilaoModule`, `MC40-checklist.md`, `docs/mainnet-prerequisites.md`.
DOCS	TEXTO-DOC	cloud.md	1399	Leilao	deploy (Ignition `LeilaoModule`) → two-step transfer (aceitar = **UserOp KMS/Biconomy**, não `cast
DOCS	TEXTO-DOC	cloud.md	1439	Lances	- **P1 — Header da Aba Lances (`pages/MercadoLances.jsx`).** As 3 barras empilhadas
DOCS	TEXTO-DOC	cloud.md	1439	Lances	- **P1 — Header da Aba Lances (`pages/MercadoLances.jsx`).** As 3 barras empilhadas
DOCS	TEXTO-DOC	cloud.md	1445	Lance	com o card "Dar Lance". (Uma 1ª tentativa com modificador `.gut-glass--bar` app-bar flat
DOCS	COMENTARIO	cloud.md	1460	Lances	**Ficheiros:** `MercadoLances.jsx`, `Vitrine.jsx`, `ScheduleView.jsx`, `globals.css` (limpeza do
DOCS	TEXTO-DOC	cloud.md	1496	leilão	o estado de timer; o `AppProvider` mantém só a máquina de fim de leilão. Os 4
DOCS	TEXTO-DOC	cloud.md	1497	Lances	consumidores de timer (MercadoLances/Dashboard/Vitrine/DetalheProduto) usam `useAppTimer`.
DOCS	TEXTO-DOC	cloud.md	1500	leilão	tick isolado); timer conta e o overlay de fim de leilão dispara. Regra: *estado de
DOCS	TEXTO-DOC	cloud.md	1559	Lance	- **P2 — Carteira (cores dos botões):** "Depositar PIX" → azul suave (#00d4ff), "Lance
DOCS	COMENTARIO	cloud.md	1588	lance	**Depois:** o gate foi removido. Mantêm-se intactos: JWT lance-auth (posse da carteira),
DOCS	COMENTARIO	cloud.md	1593	Lance	**Modelo de saldo (recap):** PIX → +R$ (centavos); Lance Relâmpago → −R$; **Trocar R$
DOCS	TEXTO-DOC	cloud.md	1594	Lance	por Senhas (comprar-senhas) → −R$ 2,00/senha, +1 senha on-chain**; Lance Programado →
DOCS	COMENTARIO	cloud.md	1597	lance	**Nota:** o mesmo gate ainda existe em `lance-relampago.mjs` (fora do escopo desta MC).
DOCS	TEXTO-DOC	cloud.md	1629	Lance	deployado não contém `0x825b…`. Leituras diretas (`saldoSenhas`/`darLance`) podem estar a
DOCS	TEXTO-DOC	cloud.md	1670	LANCE	3ª imagem: GUTO à esquerda segura placa **"LANCE ÚNICO"** e aponta; fundo = **máquina de
DOCS	TEXTO-DOC	cloud.md	1696	LANCE	6ª imagem: GUTO à esquerda segura um **smartphone "MENOR LANCE ÚNICO"** e apresenta com a
DOCS	COMENTARIO	cloud.md	1711	Arremate	**"Arremate Já!"** + confete + **Smart TV (grade de apps)** + geladeira + lavadora + micro-ondas
DOCS	TEXTO-DOC	cloud.md	1739	Lance	30fps 300 frames) é uma **cena completa** (GUTO + TV "Menor Lance Único" + gavel + pódio, fundo
DOCS	TEXTO-DOC	cloud.md	1791	Leilao	- **Escopo profundo:** `contracts/Leilao.sol` (100%), 8 libs críticas
DOCS	TEXTO-DOC	cloud.md	1793	lance	+ `comprar-senhas`, e o caminho de lance do frontend (`web3.js`). ~30 functions e
DOCS	TEXTO-DOC	cloud.md	2011	LANCES	`MAX_LANCES_UNICOS()` = 10000 confirma identidade LeilaoGUT. Não houve two-step
DOCS	TEXTO-DOC	cloud.md	2011	Leilao	`MAX_LANCES_UNICOS()` = 10000 confirma identidade LeilaoGUT. Não houve two-step
DOCS	TEXTO-DOC	cloud.md	2013	Leilao	- **Autorização (contracts/Leilao.sol):** `address public coordenacao`; modifier
DOCS	TEXTO-DOC	cloud.md	2023	lance	a partir da EOA nova → smoke de crédito/lance → revogar chave antiga (.env, segredos
DOCS	TEXTO-DOC	cloud.md	2059	LANCES	(getCode≠0x; MAX_LANCES_UNICOS=10000), `coordenacao()` = EOA nova
DOCS	COMENTARIO	cloud.md	2170	Lances	### MC63 — PLANO: reforma visual do Glass superior (aba Lances): ✅ diagnóstico+plano
DOCS	TEXTO-DOC	cloud.md	2171	Lances	Deliverable `Desktop\MC63.txt`. Alvo = **/mercado (MercadoLances.jsx)** — NÃO o Dashboard
DOCS	COMENTARIO	cloud.md	2177	Lances	### MC64 — EXECUÇÃO: reforma visual do Glass (aba Lances): ✅ código+validação; ⏸️ deploy operador
DOCS	TEXTO-DOC	cloud.md	2182	Lances	(Lances) + FimLeilaoOverlay (Dashboard) + Confetti não disparam mais; encerrado/lightning intactos.
DOCS	TEXTO-DOC	cloud.md	2182	Leilao	(Lances) + FimLeilaoOverlay (Dashboard) + Confetti não disparam mais; encerrado/lightning intactos.
DOCS	TEXTO-DOC	cloud.md	2183	Lances	- **MercadoLances.jsx** — (2) tarja "EM BREVE" (div absoluto navy 0.62, pointerEvents:none, número
DOCS	COMENTARIO	cloud.md	2195	Lances	### MC65 — PLANO: redesign completo do Glass superior (aba Lances): ✅ diagnóstico+plano
DOCS	TEXTO-DOC	cloud.md	2198	Lances	- **Achados críticos** (MercadoLances.jsx pós-MC64, header 297-451): [A] `<div/>` vazio
DOCS	TEXTO-DOC	cloud.md	2212	Lances	AuctionStatusBar,AuthArea}.jsx; MercadoLances vira compositor fino. Execução em 2 fases
DOCS	TEXTO-DOC	cloud.md	2214	Lances	- **Dashboard NÃO usa o mesmo cronômetro** (implementação própria) → refactor da aba Lances
DOCS	COMENTARIO	cloud.md	2218	Lances	**"EM BREVE" é PERMANENTE**. MC66 vai REMOVER o cronômetro vivo da aba Lances (agora
DOCS	TEXTO-DOC	cloud.md	2219	Lances	código morto sob a tarja: anel/barra/derivação timerCor/timerDisplay em MercadoLances.jsx)
DOCS	TEXTO-DOC	cloud.md	2220	lance	e entregar um HERO "EM BREVE" (selo R-1, modo, "menor lance único vence", pulsação com
DOCS	TEXTO-DOC	cloud.md	2226	Lances	`desafio-gut/docs/MC66-redesign-glass.txt`. MercadoLances.jsx: −315/+28 linhas (monólito→compositor).
DOCS	TEXTO-DOC	cloud.md	2235	Lances	vazio [A]. MercadoLances renderiza só <GlassHeader/>.
DOCS	TEXTO-DOC	cloud.md	2236	Lance	- **Intocado:** overlays dormentes (anim. vencedor segue OFF do MC64), CardLance/TabelaLances,
DOCS	TEXTO-DOC	cloud.md	2236	Lances	- **Intocado:** overlays dormentes (anim. vencedor segue OFF do MC64), CardLance/TabelaLances,
DOCS	TEXTO-DOC	cloud.md	2247	leilao	+ `docs/MC67-refinamentos.txt`. 20 arquivos + novo `src/lib/leilaoLock.js`.
DOCS	TEXTO-DOC	cloud.md	2249	Lance	(7 telas, sweep=0). [5] jargão técnico (Stack/Sepolia em Configuracoes, cripto em CardLance/TabelaLances,
DOCS	TEXTO-DOC	cloud.md	2249	Lances	(7 telas, sweep=0). [5] jargão técnico (Stack/Sepolia em Configuracoes, cripto em CardLance/TabelaLances,
DOCS	TEXTO-DOC	cloud.md	2252	Lances	[8] card "Segurança e Transparência" movido MercadoLances→Configuracoes (jargão cripto→copy de confiança).
DOCS	TEXTO-DOC	cloud.md	2253	leilao	[9] cronômetros travados via `lib/leilaoLock.js` (EM_BREVE_MODE flag) em Dashboard/EdicaoCard/EdicaoDetalhe/
DOCS	TEXTO-DOC	cloud.md	2254	Lances	Vitrine (Lances já Hero; ScheduleView substituída) — trava de apresentação, não mexe contagem.
DOCS	TEXTO-DOC	cloud.md	2268	leilão	- Termos obrigatórios ("leilão de menor lance único" + "e-commerce por dropshipping") e martelo presentes nas 3; sem jargão técnico.
DOCS	TEXTO-DOC	cloud.md	2268	lance	- Termos obrigatórios ("leilão de menor lance único" + "e-commerce por dropshipping") e martelo presentes nas 3; sem jargão técnico.
DOCS	TEXTO-DOC	cloud.md	2316	lances	wallet, lances, lojistas, cotas) + Blobs (saldo-rs, wallet, cotas, renovacao-adesao,
DOCS	TEXTO-DOC	cloud.md	2317	lance	voucher, consent-log, lance-idem). (2) ANONIMIZAR + RETER os fiscais (saldo_rs_creditos/
DOCS	COMENTARIO	cloud.md	2406	leilões	**Legendas:** 1="Participe de leilões com lances únicos" · 2="Ganhe prêmios incríveis
DOCS	COMENTARIO	cloud.md	2406	lances	**Legendas:** 1="Participe de leilões com lances únicos" · 2="Ganhe prêmios incríveis
DOCS	TEXTO-DOC	cloud.md	2407	lance	com o menor lance" · 3="Acompanhe seus lances e ativos em tempo real" · 4="Edições ao
DOCS	TEXTO-DOC	cloud.md	2407	lances	com o menor lance" · 3="Acompanhe seus lances e ativos em tempo real" · 4="Edições ao
DOCS	TEXTO-DOC	cloud.md	2409	Lance	+ `legendas.txt`. Nota: imagem 3 mantém Menor Lance **R$5,00** (bate com a tabela) e não
DOCS	TEXTO-DOC	cloud.md	2503	lance	sem máscara num app com saldos e valores de lance.
DOCS	TEXTO-DOC	cloud.md	2623	Lances	TabelaLances (20px), SejaNossoParceiro (16px), LanceStatusBadge, Toast.
DOCS	TEXTO-DOC	cloud.md	2623	LanceS	TabelaLances (20px), SejaNossoParceiro (16px), LanceStatusBadge, Toast.
DOCS	TEXTO-DOC	cloud.md	2747	lance	num app com saldos e valores de lance. Foi levantado no MC82, o operador escolheu "manter mascarado", a
DOCS	TEXTO-DOC	cloud.md	2808	Lances	A6 (glass restante em TabelaLances/SejaNossoParceiro). ⚠️ **Bloqueios para publicar:** APK é DEBUG
DOCS	TEXTO-DOC	cloud.md	2965	lances	(MC15 → MC45), incluindo a unificação do vidro, a blindagem anti-bot dos lances, o isolamento da
DOCS	TEXTO-DOC	cloud.md	3353	lances	`iniciar-pagamento`, `auth-user`, `edicoes`, `lances-flash`, `cotas`, `admin-list`, `analytics`.
DOCS	TEXTO-DOC	cloud.md	3382	lances	`lances-flash`, `cotas`, `analytics`, `confirmar-pagamento`, `comprar-senhas`) — todos OK.
DOCS	COMENTARIO	cloud.md	3706	leilão	**P2 validado ao vivo, com os dois ramos.** Em produção: "como funciona o leilão" e "o que é uma
DOCS	TEXTO-DOC	cloud.md	4305	lances	`lances-flash` (sem). Inconclusivo: `lances-flash` também toca em Blobs. Marquei como
DOCS	TEXTO-DOC	cloud.md	4305	lances	`lances-flash` (sem). Inconclusivo: `lances-flash` também toca em Blobs. Marquei como
DOCS	TEXTO-DOC	cloud.md	4325	lances	pedidos/min, RPC 61 → 15/min, `lances-flash` 20 → 5/min, vídeo de fundo montado
DOCS	TEXTO-DOC	cloud.md	4657	Lance	CardLance/AuthArea/MercadoLances continuam a gatear por `isConnected`.
DOCS	TEXTO-DOC	cloud.md	4657	Lances	CardLance/AuthArea/MercadoLances continuam a gatear por `isConnected`.
DOCS	TEXTO-DOC	cloud.md	4729	Lance	`" (antigo)"` em Dashboard:80,84 + CardLance:267,273 (**2 ficheiros**);
DOCS	TEXTO-DOC	cloud.md	4809	lance	- **B6:** `Sair` (terminar sessão) dentro do cartão de lance, a ~190 px do campo.
DOCS	TEXTO-DOC	cloud.md	4859	leilão	que pagou R$ 2.640–18.000 por uma cota, e via ~4 s do dashboard de *leilão*.
DOCS	TEXTO-DOC	cloud.md	4932	lance	`disabled` do botão de lance e a **regra de divulgação** da TabelaLances
DOCS	TEXTO-DOC	cloud.md	4932	Lances	`disabled` do botão de lance e a **regra de divulgação** da TabelaLances
DOCS	TEXTO-DOC	cloud.md	5270	lances	preenchida em 3 de 7 e `cotas.endereco` em 0 de 7; a tabela `lances` tem 0 linhas
DOCS	TEXTO-DOC	cloud.md	5271	lances	porque os lances vivem em Blobs ou no contrato; o AdminPanel tem 990 linhas e não
DOCS	TEXTO-DOC	cloud.md	5280	lances	lances vivem em Netlify Blobs, todos com leitura fail-soft **silenciosa**. Para
DOCS	TEXTO-DOC	cloud.md	5488	lances	Varredura nos 11 ficheiros do painel: nenhum card mostra saldo, senhas ou lances
DOCS	TEXTO-DOC	cloud.md	5522	lances	Os EmConstrucao contêm as palavras "saldo", "senhas" e "lances" em texto
DOCS	TEXTO-DOC	cloud.md	5524	Lances	`temSenhas: true, temLances: true` no texto do painel mesmo sem autenticação.
DOCS	TEXTO-DOC	cloud.md	5551	lances	palavras "saldo", "senhas" e "lances" foram removidas dos textos explicativos.
DOCS	TEXTO-DOC	cloud.md	5553	Lances	temLances: false`.
DOCS	TEXTO-DOC	cloud.md	5685	lances	cotas. A tabela `lances` do Supabase está vazia. Não há `usuarios_bloqueio`.
DOCS	TEXTO-DOC	cloud.md	6318	Lances	sem o Dashboard montado — o filtro apanhava o rótulo "Lances" da navegação.
DOCS	COMENTARIO	cloud.md	6356	lances	**Verifiquei antes de recusar.** O enunciado pedia baixar o polling de lances de
DOCS	TEXTO-DOC	cloud.md	6358	leilão	minutos. Os 3 s são o desenho do MC88.31 para leilão ao vivo — o momento em que
DOCS	TEXTO-DOC	cloud.md	6380	leilão	continua a pollar o leilão a 3 s enquanto está em /corporativo, sem o ver.
DOCS	TEXTO-DOC	cloud.md	6671	lances	vazio. Zero logs, zero lances, zero produtos, e sete utilizadores que são registos
DOCS	TEXTO-DOC	cloud.md	6768	Lances	Listava Produtos, Banners e Lances, que não têm telas, e omitia Operações,
DOCS	TEXTO-DOC	cloud.md	6915	lances	MC33.1 para validar o flip Blobs→Supabase (carga 2500 lances, RLS, visual),
DOCS	TEXTO-DOC	cloud.md	7193	Lances	src/Boot.jsx, TermosConsentimento.jsx, Seguranca.jsx, MercadoLances.jsx
DOCS	TEXTO-DOC	cloud.md	7328	lances	(R$ 2,00 -> adicionarSenhas on-chain, gas da EOA) -> lances via backend
DOCS	TEXTO-DOC	cloud.md	7329	lance	blindado (lance-relampago: compromisso cego + key-per-bid).
DOCS	TEXTO-DOC	cloud.md	7330	lance	- ACHADO (origem do MC91.11): em mainnet o lance em edicao PROGRAMADA debitava
DOCS	TEXTO-DOC	cloud.md	7331	Lance	R$ (nao senha); darLance (consome 1 senha) e legado Sepolia/localhost.
DOCS	TEXTO-DOC	cloud.md	7341	lances	senhas on-chain -> lances PROGRAMADOS consomem 1 senha (Art. 20); lances
DOCS	TEXTO-DOC	cloud.md	7341	lances	senhas on-chain -> lances PROGRAMADOS consomem 1 senha (Art. 20); lances
DOCS	TEXTO-DOC	cloud.md	7342	lance	RELAMPAGO consomem saldo R$ (menor lance unico no fecho, consolidar-lances).
DOCS	TEXTO-DOC	cloud.md	7342	lances	RELAMPAGO consomem saldo R$ (menor lance unico no fecho, consolidar-lances).
DOCS	TEXTO-DOC	cloud.md	7343	Lance	- UI (CardLance.jsx): botao programado nao bloqueia mais por senha — converte
DOCS	TEXTO-DOC	cloud.md	7346	lance	- Backend: lance-relampago deriva o tipo da edicao (buscarEdicao) e no modo
DOCS	TEXTO-DOC	cloud.md	7367	lance	MC91.11) | RELAMPAGO consome R$ (menor lance unico no fecho).
DOCS	TEXTO-DOC	cloud.md	7369	lance	(7) e mc9112-integracao-lance (5: programado sem debito R$ + consumo +
DOCS	TEXTO-DOC	cloud.md	7371	Lances	- Ambientes verificados: deploy live 6a849bac (chunk MercadoLances com a
DOCS	TEXTO-DOC	cloud.md	7377	lances	lances na UI) — documentada, sem custo ate aqui.
DOCS	TEXTO-DOC	CLAUDE.md	2	lance	> Atualizado em: 2026-08-08 (MC89.50) | **Ethereum MAINNET ativa desde o MC60** | Pipeline de lance 100% on-chain
DOCS	TEXTO-DOC	CLAUDE.md	14	lance	- @design-engineering — spring physics, layout anti-CLS, optimistic updates no pipeline de lance.
DOCS	TEXTO-DOC	CLAUDE.md	69	lance	- **Artigo VIII** — Vence o **menor lance único** (valor que aparece exatamente 1 vez).
DOCS	TEXTO-DOC	CLAUDE.md	71	Lance	- **Artigo XXIII** — Lance mínimo: R$ 0,01 (1 centavo).
DOCS	TEXTO-DOC	CLAUDE.md	72	lance	- **Segurança** — Cada lance gera um hash Argon2id off-chain (prova de intenção imutável).
DOCS	TEXTO-DOC	CLAUDE.md	74	lances	- **Rate Limit** — 5 lances/min, cooldown 3s por carteira (client-side, complementar ao contrato).
DOCS	COMENTARIO	CLAUDE.md	81	Leilao	### `LeilaoGUT` — Ethereum MAINNET (ativo)
DOCS	TEXTO-DOC	CLAUDE.md	86	Leilao	Arquivo  : desafio-gut/contracts/Leilao.sol
DOCS	TEXTO-DOC	CLAUDE.md	96	Lance	function darLance(string idEdicao, uint256 valorEmCentavos) public
DOCS	TEXTO-DOC	CLAUDE.md	137	Leilao	│   └── Leilao.sol                  ← Contrato auditável
DOCS	TEXTO-DOC	CLAUDE.md	148	lances	├── App.jsx                 ← Orquestrador: usePrivy + useWallets + timer + lances
DOCS	TEXTO-DOC	CLAUDE.md	151	Lance	│   ├── CardLance.jsx       ← Formulário de lance + Privy wallet signing + Argon2id
DOCS	TEXTO-DOC	CLAUDE.md	151	lance	│   ├── CardLance.jsx       ← Formulário de lance + Privy wallet signing + Argon2id
DOCS	TEXTO-DOC	CLAUDE.md	152	Lances	│   ├── TabelaLances.jsx    ← Tabela ordenada + Framer Motion + beam
DOCS	TEXTO-DOC	CLAUDE.md	160	Lance	├── web3.js             ← OFICIAL: hashLance, assinarLance, enviarLance, getEdicaoPrazo
DOCS	TEXTO-DOC	CLAUDE.md	160	Lance	├── web3.js             ← OFICIAL: hashLance, assinarLance, enviarLance, getEdicaoPrazo
DOCS	TEXTO-DOC	CLAUDE.md	160	Lance	├── web3.js             ← OFICIAL: hashLance, assinarLance, enviarLance, getEdicaoPrazo
DOCS	COMENTARIO	CLAUDE.md	180	Lance	## Fluxo de um Lance (produção)
DOCS	TEXTO-DOC	CLAUDE.md	182	leilão	> **Pré-requisito (leilão programado):** o endereço do usuário precisa ter
DOCS	TEXTO-DOC	CLAUDE.md	186	Lance	> via `getSaldoSenhasOnChain` e escuta `SenhasCreditadas` + `LanceDado` para
DOCS	TEXTO-DOC	CLAUDE.md	190	Leilão	1. Usuário clica "🎯 Entrar no Leilão"
DOCS	TEXTO-DOC	CLAUDE.md	201	Lance	3. AppContext lê saldoSenhas(address) on-chain (gate de darLance)
DOCS	TEXTO-DOC	CLAUDE.md	203	Lance	└─ Botão "Confirmar Lance" fica disabled enquanto saldoSenhas == null/0
DOCS	TEXTO-DOC	CLAUDE.md	206	Lance	4. Usuário digita valor (centavos) e clica "Confirmar Lance"
DOCS	TEXTO-DOC	CLAUDE.md	207	Lance	├─ sanitizeLance()              → valida range 1–999999
DOCS	TEXTO-DOC	CLAUDE.md	209	Lance	├─ hashLance()                  → Argon2id WASM (prova off-chain)
DOCS	TEXTO-DOC	CLAUDE.md	213	Lance	├─ assinarLance()               → EIP-191 signMessage (popup Privy na tela)
DOCS	TEXTO-DOC	CLAUDE.md	214	Lance	└─ enviarLance()                → darLance(idEdicao, valorEmCentavos) on-chain MAINNET
DOCS	TEXTO-DOC	CLAUDE.md	214	Lance	└─ enviarLance()                → darLance(idEdicao, valorEmCentavos) on-chain MAINNET
DOCS	TEXTO-DOC	CLAUDE.md	219	Lance	└─ Listener LanceDado dispara refetchSaldo → badge 🔗 atualiza sozinho
DOCS	TEXTO-DOC	CLAUDE.md	228	lances	- [ ] Persistência multi-usuário dos lances (backend ou indexação de eventos)